composant,boitier
2N7002BKW,SOT-323_SC-70
DS90LT012ATMF,SOT-23_5 PP
LEDG-1206,1206L 1.1 PP
FZT869TA,SOT-223JEDEC
SN65LVDS100D,SOIC8 PP
LTM4612EV,LGA133-15x15x2.8 1P27AUTO
LTM8023EV,LGA50-11.3X9.5-2.8 PP
BGX220P22HNA21,MODULE 15X13 BGX220P PP
STM32F765ZIT6,LQFP144-0.50
BCV62A,SOT-143JEDEC
DG1411EEQ,TSSOP16-0.65 PP
TPS3808G01DBV,SOT-26
ADM3066EARMZ,MSOP10
C10U-1210-50V-10P-X7S,1210-25
NUP2105L,SOT-23JEDEC
BTS6133D,TO-252_DPAK
CDSOT23-SM712,SOT-23 3x2.5x1 1P9 DBZ Ti
BCR112E6327HTSA1,SOT-23JEDEC
ASMT-TGBM-NT502,PLCC-2
BSS138PS,SOT-323_SC-70_6 PP
SN74AHC1G02DBV,SOT-23_5 PP
C100N-0603-50V-10P-X8R,C0603-08
R560R-0603,R0603-04
NFM21CC222R1H3D,0805-05
C47U-1210-10V-10P-X7R,C1210-2.5
R470R-0402,R0402-03
ABS06-32.768KHZ-9-1,ABS06
ESD401DPY,X1SON2-0.6x1
R22K-0603,R0603-04
IRLML0040,SOT-23JEDEC
BAS116LPH4,DFN1006-2 PP
C4N7-1210-1KV-10P-X7R,C1210-2.5
R470k-0402,R0402-03
742792040,0805-05
C10N-0603-100V-10P-X7R,C0603-08
BLM21pg221sn1d,0805-05
C10N-0603-50V-5P-C0G,C0603-08
C1N-0402-50V-10P-X7R,C0402-05
HMC939ALP4E,QFN24-0.5 Z PP
SG-210STF 25.0000ML,QZ2.5X2x.8 PP
R110R-0805,R0805-05
PMEG4010ER,SOD123
R1K5-0603,R0603-04
HMC465LP5E,QFN32-5x5x0.85 0P5 LFCSP
TGA2567-SM,AIN-QFN24 4x4x1.4 0P5 Qor
HMC773ALC3B,QFN12 3x3x.8 0P5 LCC AnDe
HMC787ALC3B,QFN12 3x3x.8 0P5 LCC AnDe
TPS61046YFF,BGA6-1.15x0.79x.625 0P4 P
SG-210STF25.0000ML,QZ2.5X2x.8 PP
XHF-252,QFN12 3x3x.8 0P5 DQ1225
R0R-1206,R1206-05
HMC516LC5,QFN32 5x5xH 0P5 PP
HMC634LC4,QFN24 4x4x1 P0.5 PP
HMC460LC5,QFN32 5.2x5.2x095 0P5 PP
AM-24.000MAGE-T,QZ3.2X2.5 0.7 standard PP
R49K9-0603-25PPM,R0603-04
R4K99-0603-25PPM,R0603-04
C1U-0805-25V-10P-X7R,0805-05 AUTO
R8K2-0603,R0603-04
MF-MSMF020-2,1812-09
ATSAM4E16EA-CUR,LFBGA144 10x10x1 P0.8
1277AS-H-100M-P2,1210-13 PP
MT29F2G08ABAEAH4,BGA63-11x9x1 0P8 PP
C100N-0402-16V-10P-X7R,C0402-05
XRP6272IDB,SOIC8 -ADM 6x5x1.5 1P27
MI1206L501R-10,1206-14
R110R-0603,R0603-04
ABLS-12.000MHZ-16-A-4-H,QZ 5X12X4 2Pins MSMSérie
CC47U-D5X5.4-6V3-20P,ALUC PP
BLM41PG102SH1L,1806-09 PP
TPS75233QPWP,TSSOP20-0.65 PP
KP-2012SYCK,0805-11
2031-15T-SM-RPLF,TUBE MYOTIS ESSAI
742792031,0805-11
R2k7-0201,R0201-02
BLM15PX331SN1D,0402-05
R2K-0201,R0201-02
R22R-0201,R0201-02
C68P-0402-50V-5P-C0G,0402-05
BLM15AG601SN1D,0402-03 PP
C4U7-0402-10V-20P-X5R,C0402-05
C100P-0201-50V-5P-C0G,0201-05
C10P-0201-50V-5P-C0G,C0201-03
C10N-0201-25V-10P-X7R,0201-03 PP
C680P-0402-50V-10P-X7R,0402-05
R110K-0201,R0201-02
SN74AHCT1G125DRLR,SOT-553 PP
LQW15AN8N2G00D,0402-05
C220N-0201-10V-10P-X5R,C0201-03
BLM18EG221SN1D,0603-05
C36P-0201-50V-5P-C0G,0201-03 PP
C39P-0201-50V-5P-C0G,0201-03 PP
LQG15HS68NJ02D,0402-05
C10N-0402-50V-5P-X7R,C0402-05
CT4U7-A-16V-10P-4R,A TANTAL
C10U-0805-10V-10P-X7R,C0805-1.25
R7K5-0201,0201-03 PP
BLM15HD102SN1D,0402-05
R22R-0402,R0402-03
C10U-0603-16V-10P-X5R,C0603-08
R91R-0201,0201-03 PP
C1U-0201-10V-20P-X5R,C0201-03
C15P-0402-50V-5P-C0G,C0402-05
PMEG3010ER,SOD123W PP
C1U-0402-6V3-10P-X6S,0402-05
R100R-0201,R0201-02
C10U-0603-10V-10P-X5R,C0603-08
NCP59748MN1ADJ,DFN-10 3x3x0.8 P0.5 PP
MS1V-T1K-32.768kHz-7pF-20PPM-T,QZ 6x2x2 2P54 MS1V-T1K
R200K-0402,R0402-03
SMAJ5.0A,SMA PP
PESD0402-140,0402-05
R2K2-0402,R0402-03
C2U2-0402-25V-10P-X5R,C0402-05
R301K-0402,R0402-03
C22P-0402-50V-5P-C0G,C0402-05
C22N-0402-50V-10P-X7R,C0402-05
BAT54C,SOT-23JEDEC
STM32G473CBT6,LQFP48-0.50 PP
MPZ2012S601AT,0805-05
AQHV36-01LTG,SOD523 PP
B1100,SMA PP
C100N-0402-16V-5P-X7R,0402-05
NINA-B302-00B,NINA-B3x2
MPZ2012S601AT000,0805-05
SN65HVD256D,SOIC8 PP
FT245BL,LQFP32-0.80 PP
ISO150AU,SOP12 18x7x2 1P27 DVB0012
0ZCJ0025AF2E,1206-05
MCP1799-5002H-DB,SOT-223JEDEC
ECS-160-8-36Q-AES,QZ2.5X2x.8 PP
MH1608-601Y,R0603-04
M95256-RMC6TG,UFDFPN8 3x2x.55 0P5 Sti
EPM7128AETC100-10N,TQFP100-0.50 PP
ISO1050DUB,SOP8 10x10x4.85 2P5 DUBTi
R150K-0402,R0402-03
AQHV24-01LTG,SOD523 PP
AQHV12-01LTG-C,SOD523 PP
R390K-0402,R0402-03
R39R-0805,R0805-05
3216FF2-R,1206-09
LM2904DT,SOIC8 PP
FMMT491A,SOT-23JEDEC
TLE2082ID,SOIC8 PP
HEF40106B,SOIC14 N 150 mil SL PP
C1N5-0603-100V-5P-X7R,0603-08
TLC393ID,SOIC8 PP
KP-2012SURCK,0805-05
C150P-0603-100V-10P-X7R,0603-08
LM4040DIM3-10.0,SOT-23JEDEC
R29K4-0805-10PPM,R0805-05
FMMT491,SOT-23JEDEC
R390R-0402,R0402-03
TL331KDBV,SOT-23_5 PP
C22U-1210-10V-10P-X5R,C1210-2.5
R34K-0603-25PPM,R0603-04
R470K-0603-25PPM,R0603-04
598-8210-107F,1206-LED-07
C1U-1206-25V-5P-X7R,C1206-1.4
MAX811REUS,SOT-143JEDEC
C10U-1206-50V-10P-X5R,C1206-1.4
ADM708ARZ,SO8
CY7C68013A-128AXC CLIENT,TFP128-22x16x1.4 0P5 PP
MT25QL01GBBB8ESF-0SIT,SOIC16 DW PP - WB ONSEMI
RCLAMP0524J.TCT,DFN10-2.7x1x.5 0P5 PP
LFSPXO018045,QZ 7.5x5.2x1.4 4pins PP
IKH0403000,DIPSWITCH4 6x4x1.5 1P27
M24C64-RMN6P,SOIC8 PP
R10K-0805,R0805-05
CY7C68013A-128AXC,TFP128-22x16x3 0P5 PP
XC7S50-1FGGA484C,FBGA484-23x23x3.2 1P0 PP
C12P-0805-100V-5P-C0G,0805-09 PP
R3k-0402,R0402-03
C47P-0805-200V-5P-C0G,0805-05
R48K7-0603,R0603-04
BAS316,SOD323F NORMAL PP
C47N-1206-50V-10P-X7R,1206-14
LL4148,SOD 80 PP
OPA4330AID,SOIC14 N 150 mil SL PP
74HC04D,SOIC14 8.9x3.9x1.7 1P2 To
SN74HC688DW,SOIC20 DW PP
INA226AIDGST,VSSOP10 PP
INA226AIDGS,VSSOP10 PP
LSQ976,0603L PP
CC220U-D6X8-25V-20P,ALUD8 PP
S1751-46,POINT TEST 1206
PCA9548APW,TSSOP24 AP Serie NXP
Si5344A-B-GM,QFN44-0.5
AD7682BCPZ,QFN20 4x4x075 0P75 PP
DAC7571IDBV,SOT-23_6
SN74AVC2T45DCT,MSOP8 PP ROHM
MAX3221EEAE,SSOP16
BAS70-06W,SOT-323_SC-70
LMZ21700SILT,DFN8 MODULE LMZ21700SILT
74479773210,0805-05
MMBT2907A,SOT-23JEDEC
R4R7-0805,R0805-05
R47K-0805,R0805-05
C470P-0603-50V-10P-C0G,0603-08
R120R-0805,R0805-05
R390R-0805,R0805-05
BAT46WJ,SOD323 PP DIODE BAT54WS
R30R-0805,R0805-05
C4U7-1210-100V-10P-X7R,C1210-2.5
R15K-0805-25PPM,R0805-05
2N7002,SOT-23JEDEC
R2R2-0805,R0805-05
CT10U-A-16V-10P-3R,A TANTAL
HSMG-C190,0603-05
C3U3-0805-35V-10P-X7R,C0805-1.25
C6P8-0805-50V-0P25-C0G,0805-05
R1M-0805,R0805-05
C15N-0805-50V-5P-C0G,0805-05
TS4148RY,0805-05
R1K-0603-1P,R0603-04
C1N-0603-50V-10P-C0G,0603-05
CT470U-D-6V3-20P-0R015,D PP
74HC21D,SOIC14 N 150 mil SL PP
74VHC541M,SOIC20 DW PP
ASIC SKIROC2,BGA400-17x17x1.5 0P8 PP
74HC165D,SOIC16 D PP
CT68U-D-10V-20P-0R025,D PP
CT150U-D-6V3-20P-0R015,D PP
LTC1844ES5-3.3,SOT-23_5 PP
SN74LVC1G126DRL,SOT-553 PP
SN74HCS137D,SOIC16 D PP
MCP23S17-ESS,SSOP28 10x8x2 0P65 MCP23
LQM21PH1R0NGCD,0805-09 PP
R0R-2512-3W,R2512-06
C100P-0603-50V-10P-C0G,0603-08
NTCG163JF103FT1,0603-08
SN74LVC2G126DCT,MSOP8 PP ROHM
ASICSKIROC2,BGA400-17x17x1.5 0P8 PP
ISO1H811G,PG-DSO-36 16x14x3 0P65
TLP293-4-V4-E,SOIC16 D PP
NCP1117ST33,SOT-223JEDEC
74ACT244MTC,TSSOP20-0.65 PP
LMV7239QDBVRQ1,SOT-23_5 PP
MCP6022E-SN,SOIC8 PP
US1B,SMA PP
NZ9F3V3ST5G,SOD923 PP
NZ9F15VST5G,SOD923 PP
L6384ED,SOIC8 PP
DSPIC33CK256MP508-E-PTVAO,TQFP80-0.50
MC7805BD2TG,D2PAK
R22k-0805-25PPM,R0805-05
KPT-2012SURCK,0805-07 PP LENT
C10U-1206-16V-10P-X7R,C1206-1.4
C10N-0603-50V-10P-X7R,C0603-08
DSPIC33EV256GM002-ISO,SO28
HCPL-0630,SOIC8 PP H3.3 L5.2
S75005-32.000-X-15,QZ7X5 PP
R1K5-0603-5P,R0603-04
TQM050NB06CR,PDFN56U 6x5x1 1P27
CT10U-R-6V3-20P-0R5,0805-12 PP
LM46000AQPWPRQ1,HTSSOP16 PWP PP
C1U-1206-100V-10P-X7R,1206-14
C1N-0805-100V-10P-C0G,0805-05
C56P-0603-50V-10P-C0G,0603-08
R1K5-0603-1P,R0603-04
R1M-0603,R0603-04
R91K-0603,0603-05
R470R-0603,R0603-04
R1K-0603-5P,R0603-04
ABS07AIG-32.768KHZ-9,QZ3.2x1.5 2PIN PP
ECS-80-10-30B-CWN,QZ 5x3.2x1.1 4Pins Abra
STM32L051R6T6,LQFP64-0.50
MIC5365-3.3YC5,SOT-353-1 PP
LM4040AIM3-5.0,SOT-23JEDEC
SKY65723-81,DFN6 1.7x2.3 PP
RP602Z330C-E2-F,BGA20 2.4x1.9x.5 0P5 YZP
ZOE-M8B,S-LGA51 4.5x4.5x1 0P5 AUT
AOZ1375DI-01,DFN12-3x3x.6 0P45 Diodes
DIO6605BFN8,DFN8-2x3x.55 0P5 PP
PN7150B0HN-C11006E,QFN40-0.5
MX25R1635FZUIL0,USON8-2x3x.55 0P5 PP
RN2483A-I-RM104,RN2483 27x17x3 1P27 Micro
R1K3-0805,R0805-05
LQM21NNR56K10D,0805-09 PP
PJA3432-AU,SOT-23JEDEC
MIC2775-29YM5,SOT-23_5 PP
SMF6V0A-M3-08,SMF 3x2x.9 Vishay
ASMB-KTF0-0A306,LED4-1.5x1.5X1.4 ASMB
C2P4-0402-50V-5P-C0H,0402-05
C47N-0402-50V-10P-X7R,0402-05
R75K-0402,R0402-03
C6N8-0402-50V-10P-X7R,0402-05
R33K-0402,R0402-03
R1M-0402,R0402-03
BLM15HB121SN1D,0402-05
C470N-0402-10V-10P-X7R,C0402-05
R5K1-0402,R0402-03
C10U-0402-10V-20P-X5R,C0402-05
DFE201610P-1R0M-P2,0806-10 PP
L0805C4R7MPWS,0805-09 PP
CT22U-V-35V-20P-0R07,V PP
CT68U-D-20V-20P-0R04,D PP
DMN3015LSD,SOIC8 PP
EM4095HMSO16B,SOIC16 D PP
MIC5365-1.8YC5,SOT-353-1 PP
MIC5231-3.0YM5,SOT-23_5 PP
C3N3-0402-50V-10P-X7R,C0402-05
R0R05-1206-35PPM,R1206-05
C1N5-0402-50V-1P-C0G,0402-05
C5P1-0402-50V-0P05-C0G,0402-05
R12K-0402,R0402-03
C75P-0402-50V-5P-C0G,0402-05
C10N-0805-630V-10P,0805-09 PP
CT330U-A-6V3-20P-0R8,A LENT PP
MAX17262REWL,BGA9-1.45x1.47x.64 0P4 PP
C2N2-0402-50V-5P-X7R,C0402-05
C82P-0402-50V-1P-C0G,0402-05
R15K-0402,R0402-03
BSS816NW,SOT-323_SC-70
R0R1-0805-0W5,R0805-05
C120N-0402-10V-10P-X5R,0402-05
MMBFJ177,SOT-23JEDEC
R270K-0402,R0402-03
R150R-0402,R0402-03
R78K7-0603-25PPM,R0603-04
C4U7-0805-25V-10P-X7R,C0805-1.25
R820R-0603,R0603-04
C2U2-0805-50V-10P-X7R,C0805-1.25
C4U7-1206-25V-10P-X7R,1206-14
LM2736YMK,SOT-23_6
LP3985IM5-5.0,SOT-23_5 PP
DS2482S-100,SOIC8 PP
FAN7888MX,SOIC20 DW PP
PCT2075DP,MSOP8 PP
TMCS1101A1BQD,SOIC8 PP
TSV992IYDT,SOIC8 PP
LM5008MM,VSSOP8
MCP2542FDT-EMF,DFN-8-3X3-0.8
STM32G483QET6,LQFP128-16x16x1.6 0P4 PP
GSOT03C,SOT-23JEDEC
M95640-RMC6TG,UFDFPN8 3x2x.55 0P5 PP
C1N-0805-1KV-10P-X7R,0805-09 PP
C1U-0402-25V-10P-X5R,C0402-05
C10N-1206-1KV-10P-X7R,C1206-1.4
B72500T0060M060,0603-08
R0R01-2512-2W,R2512-06
R10K-1210,R1210-06
MIC5205YM5,SOT-23_5 PP
R6K04-1206,1206-05
C82N-1210-630V-10P-X7R,1210-20 PP
R39R-0603,R0603-04
R200R-0603,R0603-04
C100N-0402-25V-10P-X7R,C0402-05
R59K-0402,R0402-03
24LC32AT-ESN,SOIC8 PP
MCP16301HT-ECH,SOT-23_6
1SMB5936B,SMB PP
RB162MM-60,SOD123Flat PP
BZX84-C30,SOT-23JEDEC
C10U-0603-16V-20P,0603-05
C10N-0603-50V-5P,0603-03 PP
MC33161DG,SOIC8 PP
SZP6SMB200A,SMB PP
PIC18F26K80I-SS-sniperIllum-2021-15,SSOP28-0.65-BW:6.1
UCC27524ADGN,VSSOP8
UCC28180D,SOIC8 PP
LTM8067EY,BGA38 11x9x5 1P3 PP
25AA02UIDT-IOT,SOT-26(5)
BAV23A,SOT-23JEDEC
NCP1117LPST33,SOT-223JEDEC
LAN9252IML,QFN64-9x9x.85 0P5 PP
R12K1-0402,R0402-03
74LVC2G14GW,SOT-323_SC-70_6
C470P-0402-50V-5P-X7R,0402-05
R4k7-0805,R0805-05
74LVC2G07GW,SOT-323_SC-70_6
NCV51460,SOT-23JEDEC
R100K-0805-25PPM,R0805-05
HSMS-C170,0805-LED
R120K-1210-0W5,R1210-06
R150K-1210-0W5,R1210-06
R3R3-1210-0W5,R1210-06
R680R-1210-0W5,1210-06
R51K-1210-0W5,R1210-06
C100N-1812-1KV-10P-X7R,1812-32 PP
C100P-1206-1KV-5P-C0G,1206-14
C330P-1206-1KV-5P-C0G,1206-14
TLC3702QD,SOIC8 PP
FZT705,SOT-223JEDEC
SSA24,SMA PP
SZP6SMB100A,SMB PP
UCC25600D,SOIC8 PP
R1K-1210-0W5,R1210-06
R3K48-0603,R0603-04
TFPT0805L4701FV,0805-05
CC220U-D10X10-50V-20P,ALUG PP
CC33U-D6.3X8-50V-20P,ALUD8 PP
CC68U-D8X12-50V-20P,ALUF PP
PIC18F26K80-I-SS,SSOP28-0.65-BW:6.1
APTD3216ZGC,1206L 1.8 PP
APTD3216SECK,1206L 1.8 PP
R47R-1210-0W5,R1210-06
ATV02W260B-HF,SOD123
R24K-0402,R0402-03
0ZCJ0005FF2E,1206-07 PP fusible
LM5085MYE,HVSSOP8 DGN = VSSOP8PwPd
CC560U-D10X10-35V-20P,ALUG PP
TLV521DCK,SOT-353-1 PP
X1E000021011900,QZ 3.2x2.5x.8 4Pins Ecs
74LVC14APW,HTSSOP14 PP
B360A,SMA PP
BYS10-45,SMA PP
STM32G474QET6,LQFP128-16x16x1.6 0P4 PP
FDD5614P,TO-252_DPAK3
LP5912-3.3DRV,WSON6 2x2x.75 0P65 AUTO
MAX17504ATP,QFN20-5X5-0.8 0P5 PP
MAX202IPW,TSSOP16-0.65 PP
74HC14PW,TSSOP14-0.65 PP
LMV321ILT,SOT-23_5 PP
SN65HVD235D,SOIC8 PP
TLMG1100-GS08,0603L PP
PDZVTFTR30B,SOD128 PP
HF70ACB201209,0805-09 PP
LTST-C235KGKRKT,LED4-1206 LTSTC235 revers
CC47U-D6.3X8-50V-20P,ALUD7.7 PP
MMSZ5V6,SOD123W PP
PRG18BB330MB1RB,0603-05
BZX84-C18,SOT-23JEDEC
R11K5-1206,R1206-05
R237K-0402-25PPM,R0402-03
NCP15XH103J03RC,0402-05 LENT PP
R24K3-0402-25PPM,R0402-03
R82K5-0402,0402-03 PP
R39K-0402,R0402-03
R68K-0402,R0402-03
R220K-0402,R0402-03
C120P-0402-50V-5P-C0G,0402-05
BSS84P,SOT-23 3x2.5x1 1P9 DBZ Ti
STM32L476RCT6,LQFP64-0.50
L3GD20H,QFN16-5P+3P 3X3 PP MMA845
A1395SEHLT,DFN6 3x2x.75 0P5 MLP
BZT52C8V2T,SOD523 PP
SN74LVC1T45DCK,SOT-323_SC-70_6
CC47U-D5X5.4-16V-20P,ALUC PP
C10U-0603-10V-20P-X5R,C0603-08
SS26,SMB PP
LM5575MH,HTSSOP16 PWP PP
CC4U7-D5X5.8-63V-20P,ALUC PP
MMSZ3V6,SOD123W PP
NTD3055L104,DPAK
2270,LFBGA144 10x10x1 P0.8
C1N-1206-500V-5P-C0G,1206-14
PCBPP2007_FAV_rev2,1206-14
LT1963AEST-2.5,SOT-223JEDEC
LT6350CMS8,MSOP8 PP
XRCGE25M000FBA1AR0,QZ 2x1.6 x.6 4Pins Murata
CT22U-A-10V-20P-3R,A TANTAL
CC100U-D5X5-6V3-20P,ALUC PP
C470P-1206-100V-5P-C0G,C1206-1.4
C2U2-1206-100V-10P-X7R,C1206-1.4
S3D,SMC PP
CTX33-4A-R,IND4 14x14x6.4 CTX AUTO.
RR10R-1206,1206-05
LTC2376CMS-18,MSOP16 4x5x1 P.5 Linear
SMA4F24A,SMA PP
ADA4522-1ARZ,SOIC8 PP
MMSZ5222B,SOD123
BUK9875-100ACUX,SOT-223JEDEC
EFM32TG11B120F128GM32-B,QFN32 5x5x.9 0P5
MC3479,LGA12 2x2x.7 0P5 PP LIS2D
GS1000FL,SOD123Flat PP
ECS-.327-7-12R,QZ 2x1.2x.6 2Pins Ecs
MCP1700T-3302ETT,SOT-23JEDEC
TPL0401B-10QDCK,SOT-323_SC-70_6 PP
R23K7-0805,R0805-05
TS5A23166DCU,VSSOP8 DCU PP
C47P-0402-50V-1P-C0G,0402-05
BLM15AG121SN1D,0402-05
R97K6-0603,0603-05
R2K94-0805,R0805-05
VCAN33A2-03S,SOT-23JEDEC
C220P-0805-50V-10P-X7R,0805-09 PP
R154K-0603,R0603-04
C2U2-0603-50V-10P-X5R,C0603-08
R1K43-0603,R0603-04
R10R-0805-0W5,R0805-05
C47N-0603-50V-10P-X7R,C0603-08
LTL29S-N1R2-25-Z,0603L 0.53 PP
MCP16312T-E-MS,MSOP8 PP
PZT2222A,SOT-223JEDEC
FS32K116LAT0MFM,QFN32-5x5x0.9 0P5 PP
82551200,1206-14
SN74AC14D,SOIC14 N 150 mil SL PP
CD74HC4066PW,HTSSOP14 PP
LMV324M,SOIC14 N 150 mil SL PP
SMAJ28A,SMA PP
MCP4017T-104E,SC-70-6 2x2x1 0P65 DCK Ti
SN74LVC2G17DCK,SOT-323_SC-70_6
R16K-0402-25PPM,R0402-03
TESEO-LIV3F,MODULE 10x9.7x2.5 L76-M33
RGF1K,DO-214BA
R33K-0402-25PPM,R0402-03
MPM38111GR,QFN14 4x4x1.6 MPM38111
LP2966IMM-1833,VSSOP8
SMCJ48A,SMC PP
REG1117-3.3,SOT-223JEDEC
TMP116NAIDRV,DFN6 2x2x.65 0P65 PP
OP1177ARMZ,MSOP8 PP
ISO7731DW,SOIC16 DW PP - WB ONSEMI
M24C64-WMN6,SOIC8-N 5x4x1.5 1P27
R33R-0603,R0603-04
R4K02-0402-25PPM,R0402-03
C470P-0402-50V-5P-C0G,C0402-05
R75R-0402-25PPM,0402-03 PP
R82K-0402-25PPM,0402-03
R5K1-0402-25PPM,R0402-03
C200P-0603-100V-5P-C0G,0603-08
PCBBELISAMADAUGHTERREV2board_v,1206-14
BC807-40,SOT-23JEDEC
R0R01-1206-0W5,R1206-05
BQ24610RGE,VQFN24 4x4x1 0P5 RGE Ti
SI7617DN,PPAK1212-8 3x3x1 0P65Vish
SIS412DN,PPAK1212-8 3x3x1 0P65Vish
R0R025-1206-1W,R1206-05
R0R05-1206-0W5,R1206-05
BCV61,SOT-143JEDEC
NTCS0603E3124SMT,0603-08
BAS3010A03W,SOD323 PP DIODE
INA181A1IDBV,SOT-23_6
NTR2101P,SOT-23JEDEC
LT6656BCS6-2.048,SOT-23_6
R680K-0805-25PPM,0805-05
R36K-1210-0W5,R1210-06
STC3100IS,MSOP8 PP
TLV8542D,SOIC8 PP
TPS7A0533PDBZ,SOT-23JEDEC
ISL28915FH6Z,SOT-23_6
TS5A3160DCK,SOT-323_SC-70_6 PP
MCP6541UT-EOT,SOT-23_5 PP
R100R-0603-25PPM,R0603-04
C220N-0402-35V-10P-X7R,C0402-05
CBC3225T220MR,1210-23 PP
LTC2871IUHF,QFN38-7x5x.75 0P5 PP
BC856A,SOT-23JEDEC
TBU-RS055-300-WH,DFN7 8x5.5x.85 WH Bourns
CBC2016T100K,0806-10 PP
RQ7G080ATTC,TSMT8 3x2.8x.8 0P65 Rohm
SN74AHCT00PW,HTSSOP14 PP
ILD207T,SOIC8 PP
SN74LV157APW,TSSOP16-0.65 PP
SZMM3Z10VS,SOD323 PP DIODE
SMBJ28CA,SMB PP
C15N-2225-3KV-10P-X7R,2225-25 PP
Si2301,SOT-23JEDEC
VCNL4200,VCNL4200-10 8x3x1.8 1P7
R110K-0603,R0603-04
TZMB16,SOD 80
R115K-0402,R0402-03
R4R7-2512-3W,R2512-06
LHR974,0805-LED
R2R7-0603,R0603-04
BZT585B2V4T,SOD523 PP
R680R-0402,R0402-03
MC33161D,SOIC8 PP
LTC6992CS6-1,SOT-23_6
TL343IDBV,SOT-23_5 PP
74AC14SC,SOIC14 N 150 mil SL PP
C6P-0603-100V-0P5-C0G,0603-08
R62K-0805-0W5,0805-05
R1M-0805-0W5,R0805-05
R270K-0805-0W5,R0805-05
R56K-0805-0W5,R0805-05
1.5SMC400A,SMC
C3P3-0805-200V-0P1-C0G,0805-09 PP
C220N-0805-50V-5P-X8L,0805-09 PP
MP6550GG,QFN12 8+4 2x2x.9 0P6 MSP
BAT54KFILM,SOD523 PP
ANT016008LCS2442MA1,ANT01 0603-04
R10K-1206-0W5,R1206-05
LQG18HN10NJ00D,0603-08
FCM1608KF-601T03,0603-08
LQG15HS2N7S02D,0402-05
LIS2DH12TR,LGA12-2x2x1 0P5 PP
BAT54K,SOD523 PP
C0P8-0402-50V-0P05-C0G,0402-05
DFLS240L-7,SOD123 POWERDI PP
DFLZ39-7,SOD123 POWERDI PP
NX2012SA-32.768kHz,QZ 2x1.2x.6 2Pins Ecs
C470P-0805-50V-5P-C0G,0805-05
BAT54-03W,SOD323 PP DIODE
C1N-0805-630V-10P-X7R,0805-05
R0R-0805,R0805-05
R47k-0402,R0402-03
CT22U-X-50V-10P-0R075,X TANTAL
C4U7-0805-10V-10P-X5R,C0805-1.25
LMH6629SD,WSON8 3x3x.75 0P5 PP
SN65LVDT9637BD,SOIC8 PP
1N914BWS,SOD323F
DS90LV017ATM,SOIC8 PP
LT1376IS8-5,SOIC8 PP
RB160MM-30TF,SOD123Flat PP
SMF8.5CA,SOD123Flat PP
92HD81B1C5NLGXRAX,QFN48-7x7x0.8 0P5 PP
BAV99W,SOT-323_SC-70 PP OPTIQUE
IP4254CZ16-8-TTL,DFN16 3.3x1.3.x.5 0P4 PP
MPM3680GRE,QFN57 12x12x4x 0P8 -3680-
MP28167GQ-A,QFN16 3x3x.9 0P5 PP
XC7A200T-2FBG484C,FBGA484-23x23x3.2 1P0 PP
LSF0204PW,HTSSOP14 PP
TPD12S016PW,TSSOP24 PW PP
SMF6.5A,SOD123Flat PP
OPA2340EA,VSSOP8
R180k-0805,R0805-05
LDL1117S25R,SOT-223JEDEC
R680R-1206,1206-05
TPS22810DBV,SOT-26(5)
R18K-1206,R1206-05
ADM3064EARZ,SOIC14 N 150 mil SL PP
TCM0605T-200-2P-T201,TCM0605 SEFRAM PUCE AL
SN65LVDS108DBT,TSSOP38 6x9x1.2 0P5 DBT
CSD25402Q3A,VSONP-8 3x3x.9 0P65 Ti
LTC3114EDHC-1,DFN16 5x3x-0.8 P0.5 PP
LTC2953CDD-1,DFN12-3x3x.75 0P45 PAD PP
MC34161DG,SOIC8 PP
TPS71533DCKR,SOT-353-1 PP
TCA9548AMRGE,QFN24-4x4x.75 0P5 PP
Si7148DP,POWERPAK SO-8 Vishay
R392K-0402,R0402-03
SSM3K361R,SOT-23-F PP
BM29B0.6-6DS-2-0.35V,BM29B0.6-6DS/2.0 3x1.5x.6
STM32F042G6U6,UFQFN28 4x4x.55 0P5
DMTH6016LPS,POWERPAK SO-8 Vishay
BQ24170RGY,VQFN24 5.5x3.5x.9 0P5 RGY
74LVC1G14GV,SOT-753 - NEXPERIA SC-74A
74LVC1G123GN,XSON8 1x1x.3 0P3 SOT1116
SMAJ26A,SMA PP
BZX384-B12,SOD323 PP DIODE
PMBT3906,SOT-23JEDEC
R20R-2512-2W,R2512-06
IP4220CZ6,SOT-23_6
PDZ27BZ,SOD323 PP DIODE
QEN101DAA 48MHZ,QZ 7.5x5.2x1.4 XBRD3V136
C5P-0805-50V-0P25-C0G,0805-09 PP
IM69D120V01XTSA1,LGA5 3x4x1.2 0P7 IM69D120
742792695,0603-05
BM29B-6DP-2-0.35V,BM29B-6DP-2-0.35V
ADSP-21363KSWZ-1AA,LQFP144-0.50 LENT PP
CB3LV-3C-80M0000,QZ 7.5x5.2x1.4 4pins PP
HIP4081AIBZ,SOIC20 DW PP
MAX25302AATD-V,TDFN14 3x3x1 0P5
AD8510ARZ,SOIC8 PP
AD5676ARUZ,TSSOP20-0.65 PP
ADS8341E,SSOP16 DBQ PP
MAX9923FEUB,MSOP10
MAX6001EUR,SOT-23JEDEC
STS4DNF60L,SOIC8 PP
CY7C65213-28PVXIT,SSOP28 10x8x2 0P65 MCP23
ISL60002DIH311Z-TK,SOT-23JEDEC
AP2127N-3.3,SOT-23JEDEC
MCP1703AT-1202ECB,SOT-23JEDEC
XC6206P252MRN,SOT-23JEDEC
PCBDMPLUGMOTEURDCV2,0805-05
PCB1300049264LBHE022V2R,0603-08
SI2393DS,SOT-23JEDEC
MM3Z12V,SOD323 PP DIODE
CT10U-C-16V-10P-1R8,C TANTAL
CT10U-C-16V-10P-3R,C TANTAL
590BD200M000DG,QZ6-7x5x1.6 2P54 SI59nxD
STM32F303CCT6,LQFP48-0.50
CT10U-B-20V-10P-1R,B TANTAL
CT10U-B-25V-10P-2R3,B TANTAL
CT150U-B-10V-20P-0R5,B TANTAL
CT22U-B-16V-10P-2R3,B TANTAL
CT47U-B-10V-10P-0R25,B TANTAL
CT4U7-B-16V-10P-3R5,B TANTAL
LFSPXO018037,QZ 7.2x5.2x1.4 4Pins IQD
LT1819IS8,SOIC8 PP
NX3225GD-8MHZ-EXS00A-CG04874,QZ 3.2x1.5x0.8 NDK
CT220U-B-6V3-20P-0R025,B TANTAL
CT470U-B-6V3-20P-0R5,B TANTAL
CT22U-B-10V-10P-0R7,B TANTAL
CT10U-B-16V-10P-2R8,B TANTAL
R750R-0805-25PPM,0805-05
LTC2311CMSE-14,MSOP16 4x5x1 P.5 Linear
Temporoc BGA516,BGA516-20x20x1.39 WEEROC
SY58608UMG,QFN16 3x3x.9 0P5 PP
T495X477K010ATE100,TANTAL T495 6X3.2
ADN2830ACPZ32,QFN32 5.2x5.2x095 0P5 PP
R910K-0402,0402-05 LENT PP
RB521SM-60T2R,SOD523 PP
HTST-113-01-S-DV,HTST-113-01-X-DV
SF-0603FP050F-2,0603-03 PP
BZT585B3V6T,SOD523 PP
C1U-0603-10V-5P-X7R,0603-05
CSTNE8M00G55Z000R0,QZ3 1.3x3.2x.7 CSTNE MECA
C1N-0603-50V-5P-C0G,C0603-08
R20K-0603-0W25,R0603-04
LM22676MR-5.0,SOIC8 PP
C9P-0603-50V-0P25-C0G,0603-08
PDZ24B,SOD323 PP DIODE
NCP164CSN180,SOT-23_5 PP
R620R-0402,0402-03
R4K7-0603-0W25,R0603-04
SN74AHC16541DGG,TSSOP48-0.50-BW:6.1
MAX202CD,SOIC16-D 10x4x1.75 1P27
L9825,PowerSO-20
ECS-.327-9-34,QZ 3.2x1.5x0.8 NDK
STM32G474VET6,LQFP100-0.50 PP
L298P,PowerSO-20
NSR05T30XV2,SOD523 PP
MCP2551T-ESN,SOIC8 PP
TC1108-3.3VDB,SOT-223JEDEC
SS54B-HF,SMB PP
MMBZ5228B,SOT-23JEDEC
SS2040FL,SOD123Flat PP
SP485EN-L,SOIC8 PP
NC7SP125P5X,SOT-323_SC-70_5 TEST
MPZ2012S300AT000,0805-05
SRN2010-R47M,0806-10 PP
DSX321G-24MHZ-X024007,QZ 3.2x2.5x.8 4Pins Ecs
SE050C2,HX2QFN20 3x3x.32 0P4 NXP
DSX321G-25.000MHZ-KSECH087,QZ 3.2x2.5x.8 4Pins Ecs
MT25QU256ABA1EW7-0SIT,W-PDFN-8 6x5x.75 1P27
MIMX8ML6CVNKZAB,BGA486 15x15x2 0P5
PCA9450CHNY,QFN56-7x7x.85 0P4 PP
MT53E256M32D2DS-046,WFBGA200 14.5x10x.8 0P8
BCM54214E,QFN68 10x10x.85 0P5
THGBMJG6C1LBAU7,WFBGA-13x11.5x.8 0P5 PP
MAXQ1061,HTSSOP14 PP
CC22U-D6.3X5.6-50V-20P,ALUD8 PP
742792651,0603-05
MMBT5401,SOT-23JEDEC
C1U-0603-50V-10P-X5R,C0603-08
C33U-0805-6V3-20P-X5R,0805-09 PP
C2N2-0201-16V-10P-X7R,0201-05
C4U7-0402-10V-10P-X5R,C0402-05
C22U-0603-10V-20P-X5R,C0603-08
NCH-RSL10-101S51-ACG,RSL10SIP 6x8x1.46 5P3 OnS
LFSPXO063735,QZ 7.2x5.2x1.4 4Pins IQD
FSM4JSMA,SW4 6x9x4 4P5 PTS645
74LVC4245AD,SO24
MBRA160,SMA PP
B82476A1473M000,IND2 13x9x5 B8247 Losange
SML-S13YTT68,LED2-1206-18rond SMLS14
BCR108E6327HTSA1,SOT-23JEDEC
LB2518T102K,IND-LB2518 2.5x1.8x1.8
629105150521,CON USB 629105150521
SRN6045-220M,IND2 6x6x4.5 74404064220
CT10U-T-16V-10P-2R8,T TANTAL
KP-1608SYC,0603-05
MCSMT-8030B-3717,MCSMT 8x8.5x3 6P
MIC5504-2.8YM5,SOT-23_5 3x3x.9 0p95 mic
74404064220,IND2 6x6x4.5 74404064220
NFM31PC276B0J3,1206-14
BFP740ESDH6327XTSA1,SOT-343 PP
BAS16VY,SOT-323_SC-70_6 PP
SI5344A-D-GM,QFN44-0.5
BGA2869,SOT-323_SC-70_6 PP
7447905,0805-09 PP
AD9484BCPZ-500,QFN56-0.5 H PP
MAX40026ATA/VY,TDFN8 2x2x.75 0P65 Maxim
C10N-1206-1KV5-10P-X7R,1206-14
C22N-1210-1KV5-10P-X7R,1210-20 PP
REF192GSZ,SOIC8 PP
AD8138ARZ,SOIC8 PP
ECPU1C105MA5,1210-20 PP
MMSZ3V9,SOD123
R240R-1210,R1210-06
R330R-1210,R1210-06
R523R-0603,R0603-04
AD8139ARDZ,SOIC8 PP
R280K-0603,R0603-04
BAP64-03,SOD323 PP DIODE
MAX40026ATA-VY,TDFN8 2x2x.75 0P65 Maxim
MAX9361ESA,SOIC8 PP
LT3045EMSEPBF,MSOP12 4x5x1.1 P.65 AnDev
AQY221N3V,SO4 2.6x4.9x1.8 1P27
R120R-2010,R2010-06
MMSZ6V2,SOD123W PP
STPS0520Z,SOD123W PP
MMSZ9V1,SOD123W PP
TLVH431NAIDBZRR,SOT-23JEDEC
FZT753,SOT-223JEDEC
AD8099ARD,SOIC8 PP
AD8021ARMZ,MSOP8 PP
OPA227UA,SOIC8 PP
OPA820IDBV,SOT-23_5 PP
MAX31723MUA,MSOP8 PP
25AA128-I-ST,TSSOP8 PP
CDCM61004RHB,QFN32 5x5xH 0P5 PP
C1P2-0603-50V-0P25-C0G,0603-05
R49K9-0603-0W25,R0603-04
BCM857BS,SOT-323_SC-70_6 PP
RB161MM-20,SOD123Flat PP
SS3P5-M3-84A,DO-220AA - SMP
OPA210IDBV,SOT-23_5 PP
MJD31C,DPAK
MJD32C,DPAK
BCM847BS,SOT-323_SC-70_6 PP
HMC773LC3B,QFN12 3x3x.8 0P5 PP HMC
BZX584-C3V0,SOD523 PP
ADRF5730BCCZN,QFN24-4x4x.75 0P5 PP ADR
C2P2-0603-50V-0P1-C0G,0603-08
CT47U-B-10V-10P-1R,B Z PP
MAX3245EEUI,TSSOP28 9.7x6.4x1.2 0P65
LTM4607IV,LGA141-15x15x2.82 P1.27
LTM8020IV,LGA21-6.25X6.25-2.3 PP
AWSCR-8.00CPLB-C30,QZ 6x3x1.8 3PINS Abracon
CC100U-D6.3X7.7-35V-20P,ALUD7.7 PP
R165K-0402,R0402-03
NTK3134NT1G,SOT-723 PP
TMP123AIDBV,SOT-26
R1K5-1210,R1210-06
TS3USB3200RSVR,UQFN16 2x1.8x.5 0P4 RSVTi
R1K87-0805-25PPM,R0805-05
C4U7-0201-6V3-20P-X5R,C0201-03
R1K6-1206,R1206-05
TS3A5018RGYR,VQFN16 4x3.5x.9 0P5 PP
STM32L552RE,LQFP64-0.50
C56P-0201-25V-5P,0201-018 PP
BLM18KG260TN1D,0603-08
SN74AUP1G08DCK,SOT-353-1 PP
PCAL6416AHF128,QFN24-4x4x.75 0P5 PP
NCU15WB473F60RC,0402-05
R37R4-0402,R0402-03
R178K-0201,R0201-02
R110K-0402,R0402-03
SC20,LCC 144 40x40x3 0P1 SC20
C33P-0201-25V-5P,0201-018 PP
R10M-0402,R0402-03
ASFL3-12.000MHZ-EK,QZ 5x3.2x1.1 4Pins Abra
NX5032GA-27.000000MHZ-LN-CD-1,QZ 5x3.2x1.3 2 Pins NDK
RR0R-0804,0804
Q24FA20H0032100,QZ 2.5x2 x1 4Pins
NCP114BMX330TCG,UDFN4 1x1x0.6 0P65 NCP114
MLJ1608WR47JT000,0603-08
DDZ9702T,SOD523 PP PLATEAU
R464K-0201,R0201-02
DMC2400UV-7,SOT-563 PP
SPM3015T-2R2M-LR,IND2-3x3.2x1.5 SPM3015 PP
R634K-0402,0402-05
R4k02-0402,R0402-03
R33R-0402,R0402-03
C100N-0402-16V-5P-X5R,0402-05
C100N-0402-50V-5P-X5R,0402-05
L0402C6N2SRMS,0402-05 LENT PP
TS391IYLT,SOT-23_5 PP
BCV62B,SOT-143JEDEC
CMF05,SOD128 PP
MMSZ2V7,SOD123W PP
LMC7101BIM5X,SOT-23_5 PP
NE555D,SOIC8 PP
SN74HC132D,SOIC14 N 150 mil SL PP
ATC530L104KT16,0402-05
TGL4203-SM,QFN16 3x3x.7 0P5 PP
R100K-0805-0W5,R0805-05
PIC18LF26K83-I-SO,SO28
R82R-0201,0201-03 PP
HMC1082LP4E,QFN24-4x4x.75 0P5 PP
SN74LVC1G11DBV,SOT-26
530L104KT16,0402-05
R18R-2512-2W,R2512-06
C10U-0805-35V-10P-X6S,0805-09 PP
R100K-0201,R0201-02
C1N-0805-100V-10P-X7R,0805-05
UDZSTE-174.7B,SOD323 PP DIODE BAT54WS
R10K-0402,R0402-03
r10k-0201,R0201-02
C22P-0201-50V-5P-C0G,C0201-03
R402R-0402,R0402-03
R10K-0402-25PPM,R0402-03
RR22R-1506,RR22R-1506
C1N-0201-25V-5P-X7R,0201-03 PP
ECS-160-18-20BQ-DS,QZ7X5 ECS
ACL410B,QFN24 6x6x0.8
AT32UC3C2512C-A2UT,TQFP64-0.50
LD39100PU33RY,DFN6 3x3
MCP25625-E-ML,QFN28-6x6
MAX3232EIPW,TSSOP16-0.65 PP
NRVBA340,SMA PP
APX823-31W5G,SOT-753 - NEXPERIA SC-74A
AQ4023-01FTG-C,SOD323 PP DIODE
PPGRM1555C1H470GA01D,0402-05
ESDCAN05-2BWY,SOT-323_SC-70
R976R-0603,0603-05
R0R02-2512-1W,R2512-06
C2P2-0201-50V-0P1-C0G,0201-03 PP
ZMY16-GS18,DO-213AB
HEF40106BT,SOIC14 N 150 mil SL PP
ISO1042QDW,SOIC16 DW PP - WB ONSEMI
PPGRM155R71E103KA01D,0402-05
BAT54SL,SOT-23JEDEC
R33R-0201,R0201-02
LQP15MN3N9W02D,0603-05
R316R-0603-25PPM,R0603-04
3216FF1.5,3216FF
MM3Z16VT1GX,SOD323 PP DIODE
AM-16.000MAGE,QZ3.2X2.5 0.7 standard PP
EEEFC1H1R0R,ALUB PP
ULN2803ADW,SO18
PCA9535PW,TSSOP24 PW PP
R7FA2A1AB3CFM,LQFP64-10x10
R7FA6M5BH3CFB,LQFP144-20x20
LL4007G,LL4007G
3216FF-1.5a,1206-08 PP
2SD106AI,SOIC14 N 150 mil SL PP
C1P5-0603-250V-0P1-C0G,0603-08
R66K5-0603,0603-03 PP
R6K81-0805-25PPM,0805-05
R750R-0603-0W25,0603-03 PP
MMSZ15,SOD123W PP
MMSZ2V4,SOD123W PP
R4K02-0603-0W25,R0603-04
ECS-270-18-30BQ-DS,QZ5X3.2 PP ECS
R140R-0603,R0603-04
GS8256418GD-250I,BGA165 15x13x1.5 1P0 GSI
H11L1SR2M,PDIP6 8.5x6.3x4.8 2P5 OnS
HCPL-181-000E,SO4-3.6x7x2.1x2P54 PP
HCPL-181-00AE,SO4-3.6x7x2.1x2P54 PP
HD3SS3202IRSV,UQFN16 2x1.8x.5 0P4 RSVTi
R22R-0603,R0603-04
GS2961A,BGA100-11x11x1.7 1P PP
R300R-0805-5PPM,R0805-05
R1K47-0603-0W25,R0603-04
R1K82-0805-0W5,R0805-05
R330R-0805-5PPM,R0805-05
R360R-0805-5PPM,R0805-05
R47R5-0805-10PPM,R0805-05
R53K6-0603-0W25,R0603-04
HD64F2398F20V,TFP128-22x16x3 0P5 PP
HD64F2398F20V CLIENT,TFP128-22x16x3 0P5 PP
HG2CC,HG2CC PP
HMC506LP4E,QFN24 4x4x1 P0.5 PP
HMC531LP5E,QFN32-5x5x.9 0P5 PP
HMC697LP4E CLIENT,QFN24 4x4x1 P0.5 PP LENT
HMC994,QFN32 5x5xH 0P5 PP
IHLP1212BZER2R2M11,IHLP PP
IIS328DQ,QFN24 4x4x1 P0.5 PP
INA159AIDGKT,VSSOP8
INDUCTANCE-390BLM31P,1206-05
IPB017N08N5ATMA1,D2PAK
IPD60R650CEAUMA1,DPAK
IR2085S,SOIC8 PP
IRF7103,SO8 PP
IRFL4310,SOT-223JEDEC
IRFR5505,DPAK
IS25LP064A-JLLE,WSON8 6x8x.75 1P27
KSZ8041RNLI,QFN32-5x5x.9 0P5 PP
KSZ9798RTCX,TQFP128-0.50
LAN7800-IVSX,QFN48 6x6x.5 0P4 PP
LAN9500A-ABZJ,QFN56-0.5
KSZ8851SNLI,QFN32-5x5x.9 0P5 PP
C6N8-0603-50V-5P-C0G,C0603-08
LBEE5PA1LD,LGA70-9X8-1.1 PP
LBEE5PA1LD-005,LBEE5PA1LD ALPES DEIS
LCMXO2-1200HC-6SG32I,QFN32 5x5x09 0P5 PP
LL101A,SOD-80 MECA PP
LM2594M-5.0,SO8 PP
LM26480SQ-AA,QFN24 4x4x1 P0.5 PP LENT
LM358APWR,TSSOP8 PP
LM385,SO8
LM4871LD,WSON8 4x4x.8 0P8 PP LM487
LM49270SQ,WQFN28-5x5x.8 0P5 PP RSG
LM75BDP,TSSOP8 BW:3 PP LM75BDP
LP3944ISQ,WQFN24 4x4x.8 0P5 Ti
LP3944ISQ/NOPB,WQFN24 4x4x.8 0P5 Ti
LPC1124JBD48/303QL,LQFP48-0.50 PP
LPC1315FHN33,HVQFN32 7x7x.85 0P65 PP
LPC55S28JBD64K,TQFP64-0.50
LRTB GVTG,LED LRTB GVTV SERIE
R2R2-0603,R0603-04
R8K2-0402-25PPM,0402-03
R4K7-1210,R1210-06
LS4148,SOD-80
LT1963AEST-1.8,SOT-223JEDEC
LT3080EST,SOT-223JEDEC
LTC2228IUH,QFN32 5x5x08 0P5 PP
LTC2495IUHF,QFN38-7x5x.75 0P5 PP
LTC2498IUHF,QFN38-7x5x.75 0P5 PP
LTC4307CMS8,MSOP8 PP
LTC6950IUHH,QFN48-9x5x.75 0P5 PP IUHH
LTC6950IUHH CLIENT,QFN48-7x7x0.8 0P5 PP
LTC7150SEY,BGA42-6x5x1.3 0P8 LTC
LTM4624EY,BGA25-6.25x6.25x5 1P27 PP
LTM8021EV,LGA35-11.3x6.3x2.8 1P27
LTM8061IV-8.2,LGA77-15X9-4.3
M25P64VME6G,MLP8-6x8x.85 1P27 PP
M30624FGPFP,LQFP100-0.55 PP
M48T35AV-10MH1F,SO28
LTM8083EY,BGA49-6.2x6.2x3.9 0P8 PP
LTM8024EY,BGA88-11.2x9x3.3 1P0 LTM
CT33U-C-16V-10P-0R3,C PP
UA78L05AIPK,SOT-89 PP
FZT851,SOT-223JEDEC
FZT951,SOT-223JEDEC
CD4093BM96,SOIC14 N 150 mil SL PP
DSPIC33FJ128MC710-I-PF,TQFP100-14x14 PP
YFF21PC0J226MT000N,YFF21P
LT3015IQ-5,D2PAK 5
LP3852ES-5.0,D2PAK 5
VS-50WQ06FN-M3,TO-252_DPAK
VSMY2943RG,LED inverse 2.3x2.3x1.65
MC14490DW,SOIC16 10x11x2.6 1P2 DWTi
ABM3B-8.000MHZ-B2,QZ5X3.2 PP ABM
CRR03-1B,SPST-NO FRONT PANEL
GF1M,SMA PP
R24R-0805,R0805-05
C100P-1206-630V-1P-C0G,1206-14
APHHS1005LSYCK-J3-PF,0402-05
R9K09-0805,0805-05
742792030,0805-09 PP
BAV23S,SOT-23JEDEC
KP-2012EC,0805-05
FT2232H-56Q,QFN56-0.5
CM1213A-02SR,SOT-143 PP
C1N-0201-16V-10P-X7R,0201-03 PP
R1K43-0402,R0402-03
ZXMP10A13FQTA,SOT-23JEDEC
REG103GA-A,SOT-223-5 PP
LGL29K-F2J1-24-Z,0603L
ISL61852FIRZ,DFN8 3x3
ASE-27.000MHZ-LC,QZ3.2X2.5
ISL97634IRT26Z,DFN8-2x3x.55 0P5 PP
R374R-0402,R0402-03
74LVC1G125GM-Q100X,XSON6-1.45x1x.5 0P6 PP
74LVC1T45FZ4-7,DFN6 1.4x1x.4
93LC56BT-IOT,SOT-23_6
SIT1602AI-12-33S-12.000000,QZ2.5X2 PP
SG-210STF25.0000MS3,QZ2.5X2 PP
T521D227M016ATE035,D TANTAL
CRCW040210K0FKED,0402-03 PP
R2K05-0402-25PPM,R0402-03
R4k22-0402,R0402-03
R357K-0402,R0402-03
RR43R-0804,0804
R4K75-0402-25PPM,R0402-03
R845R-0402,0402-03 PP
150060VS55040,0603L PP
R3K83-0402,R0402-03
R422R-0402-25PPM,R0402-03
SN74LVC1G07DBV,SOT-23_5 PP
C22U-0402-6V3-20P-X5R,C0402-05
R294K-0402,R0402-03
C8N2-0402-50V-10P-X7R,0402-05
BLM18EG101TN1D,0603-07 PP
R51R1-0402,R0402-03
MAX3227EETE,QFN16 5x5x.8 0P8 PP
DSC1001CL5-008.0000,QZ3.2X2.5 0.85
CT22U-EE-50V-20P-0R1,EE TANTAL
C0402C103K9RACTU,0402-05
GRM188R61H225KE11D,0603-08
GRM32ER61A226KE20L,1210-20 PP
CRCW04021K50FKED,0402-03 PP
GRM033R60J104KE19D,0201-03 PP
CRCW04020000Z0ED,0402-03 PP
CRGCQ1210F120R,1210-06
ERJP14F1200U,1210-06
GRM188R61E475KE15D,0603-08
C1005X5R1H104K050BB,0402-05
S1G,DO-214AC
FDC8601,SOT-23_6
CRGCQ0402F1K5,0402-03 PP
SMBJ13A,SMB PP PLATEAU
74LVC1G17W5,SOT-753 - NEXPERIA SC-74A
CPF0402B49K9E1,0402-03 PP
CRCW0402154KFKED,0402-03 PP
CRCW04021K00FKED,0402-03 PP
CRCW040222R0FKED,0402-03 PP
CRG0402F1K0,0402-03 PP
CRGCQ0402F10K,0402-03 PP
CPF0603B100KE1,0603-03 PP
CPF0603B10KE1,0603-03 PP
CRCW0402100RFKED,0402-03 PP
CRCW0402330RFKED,0402-03 PP
CRCW0402649RFKED,0402-03 PP
DDZ9697T,SOD523 PP
LTC2875MPS8,SOIC8 PP
LTC4372IMS8,MSOP8 PP
MAX33046EASA,SOIC8 PP
PMN37ENEX,SOT-23_6
XR31235ED,SOIC8 PP
MCP6V86UT-E-LTY,SOT-353-1 PP
AQ05-01FTG,SOD323 PP DIODE
CRCW0402100KFKED,R0402-03
SMAJ36A,SMA PP
SMAJ36A-13-F,SMA PP
SZESD8351H,SOD323 PP DIODE
2N7002H6327XT,SOT-23JEDEC
ADL5544ARKZ,SOT-89 PP
AS5F38G04SND-08LIN,LGA8-6x8
LSM6DSO32X,LGA14-3X2.5-0.85 PP
CT68U-D-16V-10P-0R7,D PP
TLMY1100-GS08,0603-06 PP
ADL5545ARKZ,SOT-89 PP
STM32L476QEI6,BGA132-7x7x.45 PP
MPU-6881,QFN24-3x3x1 0P4 PP
LP3964EMP-3.3,SOT-223-4 PP
XC1900A-05,XC1900A
TLMO1100-GS08,0603-06 PP
R0R082-2512-1W,R2512-06
C51P-0603-50V-5P-C0G,C0603-08
C47P-0603-50V-5P-C0G,C0603-08
SN74LV1T34DCK,SC70-5
C39P-0603-50V-5P-C0G,C0603-08
C8N2-0603-50V-10P-X7R,0603-08
C1P5-0603-50V-0P25-C0G,0603-05
1N4148W,SOD123
R470R-0805-25PPM,R0805-05
C1N5-0603-50V-10P-X7R,0603-05
R1R5-0603,R0603-04
MMSS8050-L,SOT-23JEDEC
XC6206P302MR-G,SOT-23JEDEC
MCP73223-C2SIMF,DFN10 3x3
MCP73123-22SIMF,DFN10 3x3
INA228AQDGSRQ1,MSOP10
SN74AVC8T245DGV,DGV24 PP
ADP7156ACPZ-1.2,QFN10 3x3
PCF8574AT-3,SOIC16 10x11x2.6 1P2 DWTi
ADP7156ACPZ-3.3,QFN10 3x3
ADT2-1T,ADT2-1T
DAT-31R5A-SP,QFN20 4x4x.9 0P5 PP
150080BS75000,LED2-0805-.7 LargeurPad1
ADA4930-1YCPZ,QFN16 3x3x.7 0P5 PP
BNX028-01L,BNX028
LMK03318RHS,QFN48-7x7x0.8 0P5 PP
7M50072001,QZ3.2X2.5 0.7 standard PP
AD5675RBRUZ,TSSOP20-0.65 PP
FIN1108MTD,TSSOP48-0.50-BW:6.1
FIN1101M,US8 PP
CT100U-A-10V-10P-1R,A LENT POINTE
L-14C2N2SV4T,0603-08
C43P-0603-250V-2P-C0G,0603-05
LT3021ES8,SOIC8 PP
MCP9800A5T-MOT,SOT-23_5 PP
MAX9612AUB,MSOP10
PCA9534PW,TSSOP16-0.65 PP
ADM812RARTZ,SOT-143 PP
C820P-1206-630V-2P-C0G,1206-14
TMP422AMDCNTEP,SOT-23_8 PP
LTST-C191TGKT,0603-05
SN65LVDT101D,DGK8 PP
BSP75NTA,SOT-223JEDEC
AD5544BRSZ,SSOP28 10x8x2 0P65 MCP23
LMH6559MF,SOT-23_5 PP
R75K-0603,R0603-04
R73R2-0603,0603-03 PP
R931R-0603-25PPM,0603-03 PP
C33P-0603-50V-1P-C0G,0603-08
R47R-0603-25PPM,R0603-04
BAW156,SOT-23JEDEC
TPS2553DBV,SOT-26(5)
R536R-0603-25PPM,R0603-04
R15K-0603-25PPM,R0603-04
C22N-0603-50V-10P-X7R,C0603-08
DG419LEUA,uMAX8 PP
AD620ARZ,SOIC8 PP
OPA1632DGN,VSSOP8
LT1128CS8,SOIC8 PP
ADA4625-2ARDZ,SOIC8 PP
AD8671ARMZ,MSOP8 PP
MUX36S08IPW,TSSOP16-0.65 PP
AD8221ARMZ,MSOP8 PP
ADA4177-4ARUZ,HTSSOP14 PP
REF102BU,SOIC8 PP
CT100U-C-16V-10P-0R2,C TANTAL
R51R1-0603-25PPM,R0603-04
2N7002NXAK,SOT-23JEDEC
RB495DT146,SOT-23JEDEC
SMP6550,SOT-23JEDEC
HMC284AMS8GE,MSOP8G PP
R2K61-0603,R0603-04
ME910C1-WW,MODULE ME910C1-WW
CT10U-B-25V-10P-2R,B TANTAL
SR4L002,SR4L002
STM32F205RGT7,LQFP64-10x10
N25Q032A13ESE40,SO8W
SP3423-02UTG,DFN6 1.2x1
APHBM2012CGKSYKC,0805-L
LQP15MN12NG02D,0402-05
C0P5-0603-250V-0P1-C0G,0603-05
C3U3-1206-50V-10P-X7R,1206-14
UDZSTE-175.1B,SOD323 PP DIODE BAT54WS
C270P-0805-50V-5P-C0G,C0805-1.25
R5K36-0603,0603-05
R26K1-0402,R0402-03
R392R-0805-10PPM,R0805-05
R1K-1206-10PPM,R1206-05
R1K21-0805-25PPM,R0805-05
R1K6-0805-10PPM,R0805-05
LQW18AS15NJ0CD,0603-08
MAX16910CASA8-V,SOIC8 PP
TJA1021T-20-C,SOIC8 PP
BAT54SWT1G,SOT-323_SC-70
CC330U-D10X10-50V-20P,ALUG PP
MMBD5004S,SOT-23JEDEC
C1P5-0603-50V-0P1-C0G,0603-08
C2P7-0603-250V-0P1-C0G,0603-08
C1P8-0603-250V-0P1-C0G,0603-08
C3P3-0603-100V-0P1-C0G,0603-08
RHF200,SOIC16 D PP
C10N-0603-25V-5P-C0G,0603-08
C2U2-0603-6V3-10P-X5R,0603-08
SZMMBZ18VAL,SOT-23JEDEC
SN75158D,SOIC8 PP
TDE1747FP,SOIC14 N 150 mil SL PP
36401E4N7ATDF,0402-05 LENT PP
R0R5-0603,R0603-04
CT47U-D-25V-10P-0R15,D TANTAL
SP3232EEN-L,SOIC16 D PP
74LVC1T45GW,SOT-323_SC-70_6
S13361-2050NE-08,BGA S13361
SN74VMEH22501ADGV,TSSOP48-0.50-BW:6.1
LQP15MN3N1W02D,0402-05 LENT PP
R1R2-0805-0W5,R0805-05
C100P-1206-100V-5P-C0G,C1206-1.4
LQP15MN2N5W02D,0402-05
LQP15MN5N6B02D,0402-05
R75R-0402,R0402-03
SN74AHCT1G126DCK,SOT-323_SC-70_5
R30K-0402,R0402-03
CT100N-A-50V-10P-22R,A TANTAL
IRLML2803,SOT-23JEDEC
R0R01-0402-0W25,R0402-03
C1N-1206-50V-10P-X7R,1206-14
MI0805K400R-10,0805-05
SBRT3M40P1,SOD123 POWERDI PP
24LC128-ISN,SOIC8 PP
LT8636MPV,QFN20-4x3x.9 PP
R82R-0603-25PPM,0603-03 PP
R887R-0603-25PPM,0603-03 PP
DFLS160,SOD123 POWERDI PP
DFLS220L,SOD123 POWERDI PP
dsPIC33EP512GP806-IMR,QFN64 9x9x0.9 P0.5
LM2904D,SOIC8 PP
LTC4079EDD,DFN10 3x3x.75
MINISMDC150F-2,minismdc150f
BGT24LTR11N16 E6327,TSNP-16-9
ADP1612ARMZ,MSOP8 PP
LP2992AIM5-3.3,SOT-23_5 PP
LTC6229HMS8E,MSOP8 PP
HMC1063LP3E,QFN16-0.4
HMC1040LP3CE,VFQFN16 PP
RTX-104BD3C-S-40.000,QZ 3.2x2.5x1.2
ADF4153ABRUZ,TSSOP16-0.65 PP
R499R-0603-25PPM,R0603-04
C1N8-0603-50V-5P-C0G,C0603-08
LM4040C50IDBZ,SOT-23JEDEC
ABM8G-48.000MHZ-18-D2Y,QZ3.2X2.5 .1
WHM0005R,WHM-05
MLZ2012N101LT000,0805-09 PP
LP2989AIMX-5.0-NOPB,SOIC8 PP
MAX9381EUA,MSOP8 PP
R330R-0805-25PPM,R0805-05
R1R-0805,R0805-05
CT10U-C-25V-10P-0R475,C PP
CT22U-C-16V-10P-0R4,C PP
C33P-0805-1KV-5P-COG,0805-09 PP
ADA4937-1YCPZ,QFN16 3x3x075 0P5 PP
R205k-0603,R0603-04
TXB0101DCK,SOT-323_SC-70_6 PP
TZMC16,SOD323 PP DIODE
LTC6954IUFF-1,QFN36 7x4x.75
R10K-0603-25PPM,R0603-04
CC10U-D4X5.5-16V-20P,ALUB PP
1.5SMC110A,SMC
SMBJ13CA,SMB PP
R91K-0402,0402-03
PGA-105,SOT-89 PP
CC4U7-D4X5.5-35V-20P,ALUB PP
CC22U-D4X5.5-6V3-20P,ALUB PP
OPA196IDGK,VSSOP8 DGK PP
AD7416ARZ,SOIC8 PP
PDTB113ZT,SOT-23JEDEC
AD5254BRUZ1,TSSOP20-0.65 PP
AX3DAF1-156.2500,QZ3.2X2.5 3 PP
ECS-3225S25-250-FN,QZ3.2X2.5 3
535BC100M000DG,QZ7X5 6 PP
ABM3B-25.000MHZ-10-1-U,QZ5X3.2 PP ABM
C22U-1206-16V-10P-X6S,1206-14
ECS-LVDS33-1000-BN,QZ7X5 6 PP
530BC50M0000DG,QZ7X5 6 PP
PCF8574TS-3,HTSSOP20 PWP PP
570BCA000305DG,QZ7X5 8 PP
SN74LVCH16T245DGGR,TSSOP48-0.50-BW:6.1
0603ESDA,0603-05
C15P-0603-50V-5P-C0G,C0603-08
R124R-0402-10PPM,R0402-03
C3P3-0805-50V-0P25-C0G,0805-05
NTCS0603E3104FXT,0603-08
LG M67K-G1J2-24,0805-LED
R249R-0402-10PPM,R0402-03
R402R-0402-10PPM,R0402-03
R511R-0805-0W5,R0805-05
C6P8-0402-50V-0P25-C0G,0402-05
LMK1C1108PWR,TSSOP16-0.65 PP
R500R-0603-5PPM,R0603-04
R250R-0603,R0603-04
R261K-0603-10PPM,R0603-04
SN74CB3Q16211DGGR,TSSOP56-0.50-BW:6.1
SN65LVDS387DGG,TSSOP64-0.50-BW:6.1
SN74LVC16T245DGG,TSSOP48-0.50-BW:6.1
ADG3247BRUZ,TSSOP38 6x9x1.2 0P5 DBT
R78K7-0603-15PPM,0603-03 PP
R9K31-0603-15PPM,0603-03 PP
550L104KTT,0402-05
LTM4625EY,BGA25-6.25x6.25x5 1P27 PP
74ACT04PW,HTSSOP14 PP
NC7SZ32M5X,SOT-23_5 smt3
ILPS22QS,LGA10-2x2x.8 0P5 PP
R9K31-0603-10PPM,0603-03 PP
R1K5-0603-10PPM,R0603-04
C4N7-0805-50V-5P-X7R,0805-09 PP
R80k6-0402,0402-03 LEMTPP
CC220U-D8X10.2-25V-20P-0R08,ALUF10 PP
ADM811TARTZ,SOT-143JEDEC
R261K-0603-15PPM,R0603-04
R280K-0603-10PPM,R0603-04
R280K-0603-15PPM,R0603-04
R294K-0603-10PPM,R0603-04
R294K-0603-15PPM,R0603-04
R38R3-0603,R0603-04
R47K5-0603-25PPM,R0603-04
C4U7-0805-50V-10P-X7R,C0805-1.25
CT100U-E-20V-10P-0R5,E 7.3x6.0x3.8 KEMET
SF-1206S200-2,1206-SF
DTC143XETL,EMT3
DS90LV032ATM,SOIC16 D PP
R470R-0805-0W5,R0805-05
R2R2-0805-0W5,R0805-05
LM2904DG,SOIC8 PP
LM4040CIM3-10.0,SOT-23JEDEC
PE42512A-X,QFN32 5x5x0.85
ADP7105ARDZ-3.3,SOIC8-N 5x4x1.5 1P27
C4N7-0805-50V-10P-X8R,0805-05
BZV55-B10,SOD 80 PP
0466.125NR,1206-06 PP
CC220U-D12.5X13.5-63V-20P,ALUC PP
LTST-C170TGKT,0805-LED
HMC5883L,QFN16 3x3x.9 0P5 PP
R10K5-0805-10PPM,R0805-05
C47P-0805-630V-10P-X7R,0805-05 AUTO
R604K-1206,1206-05
R16K2-0805-25PPM,R0805-05
R422k-0402,R0402-03
R51K-1206-25PPM,R1206-05
C220N-0402-6V3-10P,0402-05
C1N5-0805-50V-10P-X8R,0805-09 PP
C270P-0805-200V-10P,0805-09 PP
R100R-0805-0W5,R0805-05
R20R-0805-0W5,R0805-05
R36K-0805,R0805-05
FOD8173,SOIC6 PP
74279220181,0805-09 PP
APHHS1005LSECK-J3-PF,0402-05
OP727ARZ,SOIC8 PP
C220N-1210-25V-5P-C0G,1210-20 PP
R3K32-0805-10PPM,R0805-05
LTC3261EMSE,MSOP12 4x5x1.1 P.65 AnDev
TPS7A2050PDBV,SOT-23_5 PP
ADA4805-1ARJZ,SOT-23_6
ADP7182AUJZ-5.0,SOT-23_5 PP
MAX3232ECDG4AGIL,SOIC16 D PP
MiniSMDC050F-2,1812-05
PMEG6010CPA,UDFN3 PP
25LC1024AGIL,SOIC8-N 5x4x1.5 1P27
SN74HC138DRAGIL,SOIC16 D PP
CG0402MLC-3.3LG,0402-05
R5K49-0402-25PPM,0402-03 PP
R50K-0805-25PPM,R0805-05
R12K-0603,R0603-04
R127K-0402-25PPM,R0402-03
2N7002K,SOT-23JEDEC
C470N-1206-25V-10P-X7R,1206-14
R6K8-1206,1206-05
C6U8-0805-10V-10P-X7R,0805-09 PP
A3909GLY,MSOP10
ISL88002IE23Z,SOT-323_SC-70
SMBJ18A,SMB PP
PCF2129T,SO16 10x10 E2.6 PP
R2K-0805-10PPM,R0805-05
DTC043XUBTL,SOT-723 FL - SOT-9X3 DRT
STM32L4S5VIT6,LQFP100-0.50 PP
RLP-176,LGA8.9x8.9
BFCN-1855,BFNC
GALI-51,SOT-89JEDEC_SC-62
GALI-59,SOT-89JEDEC_SC-62
B82498F1562J000,0805-14 PP
B82498F3101G000,0805-14 PP
B82498F1332J000,0805-14 PP
MCP1804T-5002IOT,SOT-23_5 PP
BFCN-1445,BFNC
R100R-0805-10PPM,R0805-05
R130R-0805-25PPM,R0805-05
LTM4622AIV,LGA25-6.25X6.25-2.4
DSS13U,SOD123FL
R35K7-0805-10PPM,R0805-05
LT1964ES5-5,SOT-23_5 PP
LT3022EDHC,DFN16 5x3x-0.8
R4K53-0402,R0402-03
B82498F1152J000,0805-14 PP
PCF8574T-3,SO16 10x10 PP
BCV47,SOT-23JEDEC
NC7S02P5X,SOT-353-1 PP
TS79M05CP,TO-252_DPAK PP OPTIQUE
JCPS-8-10,SMD14
LRPS-2-1J,SMD6
74HC390D,SOIC16 D PP
ADP7104ARDZ,SOIC8 PP
GALI-4,SOT-89JEDEC_SC-62
R8K06-0402,R0402-03
SN65LVDS386DGG,TSSOP64 17x8x1 P.5 DGG Ti
C68P-0805-50V-1P-C0G,0805-05
R4K64-0402-25PPM,R0402-03
PMBT2222A,SOT-23JEDEC
SN74LVC1G125DCK,SOT-23_5
SN74LVC2G86DCU,VSSOP8 DCU PP
WBC1-1TLC,WBC1-1TLC
C390P-0402-50V-5P-C0G,0402-05
R7K5-0402-25PPM,0402-03 PP
HMC998APM5E,QFN32 5x5x1.25
HMC451LP3E,QFN16 3x3x0.85
CD214A-R12000,SMA PP CD214A AUTO
R110R-0805-0W5,R0805-05
SY100EP33VZG,SOIC8 PP
NRP H90-RE,NIC 50-RE/NHS
SN74LVC1G125DBVR,SOT-23_5
R7K32-0402,0402-05
R2M2-0402,R0402-03
R750R-0805,0805-05
C100P-0402-50V-10P-X7R,C0402-05
B82496C3820J,0603-08
C560P-0402-50V-5P-C0G,0402-05
TLP2355-E,SO5 TLP 3.7x7x2.1
S1Q,SMA 2 PP
GL41Y,DO-213AB
NX3225GB-20MHZ-STD-CRA-2,NX3225GB
NXJ2S2415MC,NXJ2 PP
NXJ2S0505MC,NXJ2
DSS14U,SOD123Flat PP
BZX384-B20,SOD323 PP DIODE
CC100U-D6.3X8-50V-20P,ALUD8 PP
DTSM-32S-B,DTSM-3-6X3.5
TLV75509PDBV,SOT-23_5 PP
MAX5811LEUT,SOT-23_6
BUF602ID,SOIC8 PP
SN65LVDS105PW,TSSOP16-0.65 PP
STMM-107-02-S-D-SM,1210-06
TLC2274AID,SOIC14 D
MCP1826S-2502EDB,SOT-223JEDEC
MCP1826S-1802EDB,SOT-223JEDEC
C4U7-0805-6V3-10P-X5R,0805-09 PP
C100N-1210-630V-20P-X7T,1210-20 PP
OPA2197ID,SOIC8 PP
HEF4066BT,SOIC14 N 150 mil SL PP
R8K45-0805,0805-05
NDS0610,SOT-23JEDEC
R16K9-0805,R0805-05
CC68U-D6.3X5.5-25V-20P,ALUD PP
AT45DB021E-SSHN-B,SOIC8 PP
TL074CD,SOIC14 N 150 mil SL PP
TL1431QD,SOIC8 PP
SN74LV1T04DBV,SOT-23_5 PP
CD74HC574M,SOIC20 DW PP
R90K9-0805,0805-05
S14161-6050HS-04,S14161-6050HS-04
MF-MSMF250-16X-2,1812-11
XC6206P332MR,SOT-23JEDEC
LEA-M8F,LGA28
FDMC86324,TDFN8 3.3x3.3x1
749020111A,749020111A
BAS21LT,SOT-23JEDEC
R590R-0805-0W5,R0805-05
ABMM2-25.000MHZ-D1,QZ6X3.6x1.2 ABMM2
KSZ8895RQXCA,PQFP128-23.2x17.2x3.4 0P5
ASMT-RF45-AN002,0603-05
TPN30008NH,TSON8 3.3x3.3x.85
C130P-0603-50V-5P-C0G,0603-08
C22P-0603-50V-1P-C0G,C0603-08
742792641,0603-05
1SMA5916B,SMA PP
LM5088MH-1,TSSOP16-0.65 PP
BZX384-C6V2,SOD323 PP DIODE
BZX384-C11,SOD323 PP DIODE
R0R027-2010-0W5,R2010-06
R0R068-2010-0W5,R2010-06
742792664,0603-05
FDN304P,SOT-23JEDEC
5125467,0402-05
7427920415,0805-09 PP
KP-1608SGC,0603-05
ABS07-32.768KHZ,ABS07 PP
MAX3232ID,SOIC16 D PP
M65609E,TSOP32
LTC1153IS8,SOIC8 PP
ATMEGAS128,TQFP64 14x14x1.4 0P8 PP
ABM3BAIG-8.000MHZ-1Z,QZ5X3.2 PP
IS62WVS1288GBLL-45NLI,SOIC8 PP
B82496C3109A000,0603-08
CMSH3-40MA,SMA PP
CT470U-V-16V-20P-0R1,V PP
B82496C3221J000,0603-08
ULQ2004AD,SOIC16 D PP
MAX708SCSA,SOIC8 PP
LTC2901-1CGN,SSOP16 DBQ PP
MAX3378EEUD,HTSSOP14 PP
C4P7-0805-50V-0P25-C0G,0805-05 AUTO
INA220BQDGSRQ1,VSSOP10 PP
R0R1-0805-0W33,R0805-05
C1N-0603-50V-5P-X7R,0603-08
R130K-0805-0W5,R0805-05
R5K11-0603,0603-05
XCF02SVO20C,TSSOP20-0.65 PP
ISL3173EIBZ,SOIC14 N 150 mil SL PP
MAX3221IPW,TSSOP16-0.65 PP
FAN7382MX,SOIC8 PP
R330r-0603,R0603-04
NCV8718BMT330TBG,WDFN6-2x2x.75
SK310A,SMA PP
OPA690ID,SOIC8 PP
HEF4011BT,SOIC14 N 150 mil SL PP
TMAG5110A4AQDBVRQ1,SOT-23_5 PP
TPS7B8633QDDARQ1,SOIC8 PP
STM32G030F6P6,TSSOP20-0.65 PP
R20R-0805-25PPM,R0805-05
L04,L04
SC189ZSKTRT,SOT-23_5 PP
ERB-RE0R50V,0603-08
STM32F407VGT6,LQFP100-0.50
C68P-0603-50V-5P-C0G,C0603-08
R150K-0603,R0603-04
R47K-0603-25PPM,R0603-04
BK1608HS601,0603-06 PP
BAS316WS,SOD323 PP DIODE
R2k2-0603,R0603-04
V30MLA0805LNH,0805-05
C10N-0603-100V-5P-C0G,0603-08
BSS670S2LH6327XTSA1,SOT-23JEDEC
C47U-1210-10V-10P-X6S,1210-06
150060RS55040,0603L 0.4 PP
R7FA4M2AB3CNE,QFN48-7x7x0.8 0P5 PP
KSZ8081RNDCA,QFN24 4x4x.8 PP
831019987,QZ7X5 PP
ABM8-12.000MHZ-R100-D7G,QZ3.2X2.5 .8
W9825G6KH-6I,TSOP54
MX25L25645GZNI-08G,WSON8 6x5x0.75 P1.27
CAT24AA16TDI,SOT-23_5 PP
R7FA6M4AF3CFB-AA0,LQFP144-20x20
C10P-1206-100V-5P-C0G,1206-05
APS6408L-3OC,FBGA24-8x6x1.2 1P PP
TPS62208DBV,SOT-23_5 PP
MX25L25645GM2I-08G,SOIC8 PP
EPCQ16ASI8N,SOIC8 PP
DS92LV010ATM,SOIC8 PP
AD9220AR,SO28
C390P-0603-100V-5P-C0G,0603-05
SF-1206S050-2,1206-SF
R7FA6M2BH3CFB-AA0,LQFP144-20x20
SMAJ54CA,SMA PP
ZXMS6004FFTA,SOT-23-F
RAA2270634GNP-HA0,QFN48-7x7x0.8 0P5 PP
R0R001-2512-5W,R2512-06
SP485RCN-L,SOIC8 PP
LMR64010XMF,SOT-23_5 PP
74HCT1G125GW-Q100H,SOT-353-1 PP
LBR2012T220K,0805-09 PP
74LVC595ABQ,DHVQFN16 3.5x2.5x1 P0.5
1SMB5919B,SMB PP
TV02W300B-G,SOD123W PP
C220P-0805-50V-1P-C0G,0805-05
PCF8574RGT,VQFN16 3x3x1 0.5P PP
SN74AHCT08PW,HTSSOP14 PP
CD4044BPW,TSSOP16-0.65 PP
TMUX6234RRQ,WQFN20 4x4 PP
GCM32DL8EL475KE07L,1210-20 PP
C2N2-0402-50V-2P-C0G,0402-05
MAX3232EEDE+,SOIC16 D PP
SI1539CDL,SOT-323_SC-70_6 PP
SN74AHCT1G08DBV,SOT-23_5 PP
microSMD010F,1210-07 PP
C100N-0402-100V-10P-X5R,C0402-05
R33k-0603,R0603-04
R2K26-0402,R0402-03
R243K-0603,R0603-04
R7FA6M5BH3CFB-AA0,LQFP144-20x20
C2N2-0603-50V-1P-C0G,C0603-08
RB510SM-40FHT2R,SOD523 PP
IAUZ30N06S5L140,TSDSON8 3.2x3.2x1 0P65 PP
PESD2CANFD24L-T,SOT-23JEDEC
DSPIC33CK128MP508-H/PTVAO,TQFP80-0.50
MCP2562FDT-H/SNVAO,SOIC8 PP
C3U3-1206-25V-10P-X8R,1206-14
TPSMF4L36A,SOD123FlaT TPS
MPQ4572GQB-AEC1,QFN12 2.5x3
R20K-0603-5P,R0603-04
C10U-1210-25V-10P-X8R,C1210-2.5
C10N-0603-100V-10P-X8R,C0603-08
NSVBC848BWT1G,SOT-323 PP
MCP2562FDT-H-SNVAO,SOIC8 PP
HAL3725DJ-A,SOIC8 PP
TPSMCJ36CA-HRA,SMC PP
M24C16-RMN6P,SO8 PP
BZT52H-A5V6-QX,SOD123Flat PP
AP7375Q-50SP,SOIC8 PP H3.3 L5.2
LMR54410DBV,SOT-26
NTCG103JX103DT1S,0402-05
AP7375Q-33SP,SOIC8 PP H3.3 L5.2
BZT52H-A15-QX,SOD123Flat PP
PESD15VL2BT,SOT-23JEDEC
742863160,0603-05
DSPIC33FJ32MC204-I/ML,QFN44 8x8x0.9 P0.65
PIC32MZ2048EFH144-IPL,TQFP144-0.50
PIC24FJ128GA204-IPT,TQFP44-0.80
PIC18F26K80I-SSprog,SSOP28-0.65-BW:6.1
C1N-0603-50V-10P-X8R,C0603-08
EC5645ETTS-50.000M TR,QZ2.5X2X1 PP
PICOTDC V2,BGA400-20x20-1.0
Liroc BGA516 woSocket,BGA LIROC TB
MAX9176EUB,MSOP10
GCJ31CL8EL105KA07L,1206-14
AH49FDN,UDFN6 2X2mm EP0.6 PP
IIS3DHHC,CLGA16-5x5
NXB0102UNZ,WLCSP8
MICROFJ-600035-TSV-TR CLIENT,BGA36-6.1x6.1x.4 0P1 PP
MICM25P64-VME6G,VDFPN8-8x6x.93 1P27 PP
LMC6484AIM,SOIC14 8.9x3.9x1.7 1P2 To
LMC6084AIM,SOIC14 8.9x3.9x1.7 1P2 To
CT10U-A-10V-10P-3R,T TANTAL
TPS60400DBV,SOT-23-5
ZHCS2000,SOT-26
MMB02070C4709FB200,MELF MMB0207 PP
NXJ2S2405MC,NXJ2 PP
25SJV47M6.3X8,ALUD8 PP
LQM21DH100M70L,0805-09 PP
BZX384-B5V6,SOD323 PP DIODE
USBULC6-2M6,Micro QFN6
LTC3525-5,SC70-6
C0402C104K4RACAUTO,0402-05
GRM1555C1H301JA01D,0402-05
04026D105KAT2A,0402-03 PP
GRM155R60J106ME15D,0402-05
ISP2053,BLE MODULE
SP0502BAH,SOT-23JEDEC
SP6201EM5-L-3-0,SOT-23-5
RC0402FR-070RL,0402-03v PP
RC0402FR-071KL,0402-03v PP
KP-2012SGD,1008-09 PP
584-C3525ESC6-5TRPBF,SC70-6
C0402C104K4RACTU,0402-05
C0402S331K5RACTU,0402-05
CC0402MRX5R5BB106,0402-05
CL05A105KQ5NNNC,0402-03 PP
L0603B100KDWFT,0603-08
MCWR04X1001FTL,0402-03v PP
RC0402FR-0733RL,0402-03v PP
LM35DM,SOIC8 PP
IR2130S,SOIC28 PP
SST39SF010A-70-4INHE,PLCC32
M48Z58Y-70MH1F,SOP28 PP
R46K4-0805,R0805-05
IS82C55AZ,PLCC44
XC9536XL-7VQG64C,TQFP64-0.50
R8K25-0805,R0805-05
R82R5-0603,0603-05
R59K-0805,R0805-05
R1M5-0805-25PPM,R0805-05
C4N7-0805-50V-5P-C0G,C0805-1.25
AD5290YRMZ10,MSOP10
74HCT245D,SOIC20 DW PP
ADP3339AKCZ-5-R7,SOT-223JEDEC
MAX803SQ293,SC70-3
EEH-ZC1V151V,ALUF PP
BAV99DW,SOT-323_SC-70_6 PP
LM4871M,SOIC8 PP
CB3LV-3C-16M3840,QZ7X5 1.8 PP
SN74ABT16373ADGG,TSSOP48-0.50-BW:6.1
EEEHC0J220R,ALUB PP
EEEHC1V4R7R,ALUB PP
ESD24VS2UE6327HTSA1,SOT-23JEDEC
R10K-0603-0W33,R0603-04
R1K8-0805-0W5,R0805-05
XC2V1500-5FG676C,BGA676-26x26-1.0
NTS0104GU12,XQFN12 2x1.7x.5 0P4 PP
SIT5021AI-2DE-33E-100.000000X,QZ7X5 6 0.9 PP
S25FL064LABMFI013,SOIC8 5.28 PP
Liroc-BGA516-A.2,BGA LIROC TB
BZT52C13,SOD123W PP
TPS74901RGW,VQFN20 5x5 PP
CT330U-D-6V3-10P-0R05,D PP
D5V0P4UR6SO,SOT-26(5)
R8K2-0603-25PPM,R0603-04
XC7A75T-1FG484C,FBGA484-23x23x3.2 1P0 PP
RSX501L-20TE25,SMA 2 PP
SN74LVC8T245QPW,TSSOP24 PW PP
R1K13-0805,R0805-05
R1K15-0805,R0805-05
R1K69-0805,R0805-05
R2K87-0805,R0805-05
R3K57-0805,R0805-05
5126028,0402-05
TPS3809K33DBVT,SOT-23 LENT Z PP
0ZCG0200FF2C,1812-12
SRR0745A-560M,SRR0745A
CC470U-D6X7-10V-20P,ALUD8 PP
74479276222C,0806-10 PP
S2J,SMB PP
SMBJ5363B,SMB PP
VG181238U770DP,1812-32 PP
UCC27524D,VSSOP8
TS912IDT,SOIC8 PP
LP2985AIM5-3.3,SOT-23_5 PP
MCP23S08T-E-SO,SOIC18
PMV280ENEA,SOT-23JEDEC
PMBD7000,SOT-23JEDEC
AD7706BRZ,SOIC16 DW PP - WB ONSEMI
LMP7721MA,SOIC8 PP
MCP42010-E-SL,SOIC14 N 150 mil SL PP
R270R-0603,R0603-04
R715R-0402,R0402-03
TPS3809K33DBVTAGIL,SOT-23JEDEC
NX3008NBK,SOT-23JEDEC
R3K6-0603,R0603-04
TS921IDT,SOIC8 PP
CD4025BM,SOIC14 D
ABM8AIG-24.000MHZ-12-2Z,QZ3.2X2.5 .8
BLE113-A,BLE113-A
ASEMB-8.000MHZ-LY,QZ3.2X2.5 .8
ASEMB-14.7456MHZ-LY,QZ3.2X2.5 .8
74479887210C,1008-09 PP
CSTNE12M0G55A000R0,CSTNE
KP-1608CGCK,0603-05
R14K7-0603,R0603-04
C220N-0402-6V3-10P-X5R,0402-05
LTC1668IG,SSOP28 10x8x2 0P65 MCP23
ICE40UP5K-SG48I,QFN48-7x7x0.6 PP
CC4V-T1A-32.768k-9pF-20PPM-TC,CC4V
CDBU0130R,SOD523F PP
FT232HQ,QFN48-8x8 PP
MCIMX6G2DVK05AB,LFBGA272-9x9 PP
MT41K256M16TW-107 IT:P,LFBGA96 8x14 PP
MP2144GJ,SOT-23_8 PP
2SK3018T106,SOT-323_SC-70
AZ1117IH-1.2,SOT-223JEDEC
AZ1117IH-3.3,SOT-223JEDEC
AT25SF321B-SSHB,SOIC8 PP
C47U-2220-35V-20P-X7R,2220-25 PP
MIC5271YM5,SOT-23_5 PP
MP2159GJ,SOT-23_8 PP
RU1J002YNTCL,SOT-323_SC-70
SN74LVC4245AIPWREP,TSSOP24 PW PP
15411085A4570,1106L PP
SFH 3015 FA,1106L 2.5 PP
ECS-3225MV-500-BN,QZ3.2X2.5
LFXTAL026384,QZ7X5 ECS
LM6142AIMX,SOIC8 PP
LM2596SX-ADJ,TO-263-5 PP
SI4932DY,SOIC8 PP
LM1117MPX-ADJ,SOT-223JEDEC
LM2574MX-3.3,SOIC14 WB
CC4V-T1A-32.768kHz-9pF-20PPM-TA-QC,CC4V
LPC1768FBD100K,LQFP100-0.50
C1N-1206-50V-5P-C0G,1206-14
DP83848CVVX,LQFP48-0.50
LTV-354T,SOP4 PP
MCP131T-315E-TT,SOT-23JEDEC
BTS716GXUMA1,SOIC20 DW PP
MAX3232CDR,SOIC16 D PP
R0R22-2512-5W,R2512-06
MAX669EUB,uMAX10 3x5 P0.5 E1 PP
APBDA3020SURKCGKC-GX,APBDA3020SURKCGKC-GX
SP3243EUEY-LTR,TSSOP28 9.7x6.4x1.2 0P652
R13K-1206,R1206-05
R30K-1206-50PPM,R1206-05
LQG15HN1N0S02D,0402-05
MMZ1005D221ET,0402-05
7427930,WE-PBF
MDX53104-080FIA,QZ5X3.2 .9 PP
A7672E FASE,A7672X
FDN340P,SUPER_SOT-23
SSB44-HE3-AH,SMB PP
R22K-0603-5P,R0603-04
IPB107N20N3GATMA1,D2PAK
NCP718AMT330TBG,DFN6 2x2x.75 PP
C1N-0603-100V-5P-X7R,0603-08
SMF14CA,SOD123Flat PP
C4N7-1206-630V-5P-COG,1206-14
C33N-1206-630V-5P-COG,1206-14
BLM18BD102BH1D,0603-08
STM32G0B1CET6N,LQFP48-1.6
C100N-0603-10V-10P-X7R,C0603-08
T520X337M010ATE025,D TANTAL
HVC4223F,QFN40-0.5
AD8694ARZ,SOIC14 N 150 mil SL PP
BZD27B15P-M3-08,SMF 3x2x.9 Vishay
DMP4047LFDEQ,DFN6 - UDFN2020-6 DMP3028
DDZ6V8CS,SOD323 PP DIODE
C470N-0603-16V-20P-Y5V,0603-08
PMEG4010CEJ,SOD323F
C2U2-0805-10V-10P-X7R,0805-09 PP
R3K9-0402,R0402-03
NX3215SA-32.768KHZ-EXS00A-MU00525,QZ 3.2x1.5x0.8 NDK
PIC16F15256-I-STX,QFN28-4x4x1 PP
NTCG063JF103FTB,0603-08
DMP2170U,SOT-23JEDEC
MCP73832T-2DFI-OT,SOT-23_5 PP
SN74LVC1G86DCK,SOT-353-1 PP
PE1206FRF7W0R2L,1206-05
R22K-0603-1P,R0603-04
CB2012T3R3M,0805-05 AUTO
93LC66BT-EOT,SOT-23_6_1.45
TLJP107M006R5400,CT0805
SML-P12PTT86,0402L 0.2
VLMW1500-GS08,0402L 0.3
R78R7-0805-25PPM,0805-05
MAX811TEUS,SOT-143 PP
ZED-F9P-01B,LGA54-22x17
PBGA-304-1.27 V3.1,PBGA-304-1.27 CLIENT EASI
R16R9-0603,R0603-04
QPL9547TR7,DFN8 2x2x.9 0P5 PP
R240R-1206,R1206-05
0402CS-18NXGRW,0402-05
CT10U-B-20V-10P-2R1,B TANTAL
AP7354-18FS4-7,XDFN4-1x1x.4 0P65 PP
MX25U6432FZBI02,USON8-4x3x PP
FT4232H-56Q,VQFN56 8x8x PP
SML-P11UTT86,0402-05
R52R3-0402,R0402-03
LQG15HSR12J02D,0402-05
F381A475MMA,0603 CT
MAX-M10S-00B,MAX M10S
ECS-120-8-36-CKM-TR3,QZ2.5X2X.5 PP
ADL5513ACPZ,VQFN16 3x3x0.75
LTC2232IUK,QFN48-0.5 PP
LTC3569EUD,QFN20- 3x3x0.55 P0.4 PP
AD8132ARMZ,MSOP8 PP
SIT9121AI-2BF-33E100.000000X,QZ3.2x2.5 6 PP
C2U2-0402-10V-10P-B,0402-05
SF2321D,QZ3.3.8X3.8 PP
C620P-0402-25V-5P-C0G,0402-05
R10R2-0402,R0402-03
XC7S25-1FTGB196C,FBGA196 15X15 PP
AM26LS31CD,SOIC16 D PP
DST10100S-A,TO-277B
PIC16F1788-ESS,SSOP28 10x8x2 0P65 MCP23
MP2759GQ,QFN19 3x3 PP
LQM2MPN1R5NG0L,0805-05 AUTO
DR125-330-R,DR125
DR125-4R7-R,DR125
DR125-100-R,DR125
DR125-150-R,DR125
171930601,LGA9 5x2.5
74LVCH1T45GW,SOT-363 PP
SSM3J351R,SOT-23-F PP
LMR14050SDDA,SO8 PP
CC47U-D6X5.8-50V-20P,ALUD8 PP
SMAJ26CA,SMA PP
MCP4024T-103E/OT,SOT-23_5 3x3x.9 0p95 mic
MAL215371479E3,ALUG 8.6 PP
SQS401EN,PowerPAK-1212-8
MUN5214,SOT-323_SC-70 PP OPTIQUE
R180K-0402,R0402-03
742792121,1206-14
PMEG2020EJ,SOD323F
74HCT14D,SOIC14 N 150 mil SL PP
74ALVC164245DL,SSOP48 2.8 PP
VSSR1601102JUF,SSOP16 DBQ PP
N74F06D,SOIC14 N 150 mil SL PP
LM324D,SOIC14 N 150 mil SL PP
LTC6229IMS8E,MSOP8 PP
L7805ACD2T,D2PAK
L7905ACD2T,D2PAK
CT47U-A-10V-20P-0R2,A TANTAL
R100K-0805-5PPM,R0805-05
R100R-0805-5PPM,R0805-05
AFBR-S4N44P164M,BGA32-1.23
R10K-0805-5PPM,R0805-05
KP-2012SURC,0805-11
R1K-0805-5PPM,R0805-05
SF-0603S315-2,0603-05
R200R-0805-5PPM,R0805-05
R27K-1206,R1206-05
R5K-0805-5PPM,R0805-05
MMA02040C1009FB300,MELF0204 AUTO
SF-0603S160-2,0603-05
R500K-0805-5PPM,R0805-05
R50K-0805-5PPM,R0805-05
MMA02040E2701BB100,MELF0204 AUTO
MMA02040E2401BB100,MELF0204 AUTO
AD8429ARZ,SOIC8 PP
BAT54GW,SOD123W PP
NLV32T-220J-EF,NLV32-EF
C22U-0805-16V-20P-X6S,0805-05 AUTO
744314850,IND 7x7x5 PP
7443251600,IND 10x10x4.7
74437356022,IND 9x9x3
BQ25713RSNT,QFN32-4x4x.75 PP
DS24B33Q,T633-2 3x3x0.75 P0.95
R126K-0603-25PPM,R0603-04
BZX8850S-C3V6-QYL,SOD882 PP
R56K-0402-25PPM,R0402-03
R750R-0402,R0402-03
TNPV1206820KBEEN,1206-05
TNPV0805560KBEEA,0805-05
C100P-1206-2KV-5P-C0G,1206-14
NTA0505MC,A LENT PP
CAT24M01HU5I-GT3,UDFN8 3x2x055 0P5 PP
CDBC560-G,SMC
IS42S16160G-6BLI,TFBGA54 8x8x1.2 P0.8
DMHT6016LFJ-13,VDFN12 PP
ECS-3225MV-240-BN-TR3,QZ3.2X2.5
EEEFP1E331AP,ALUF EEFK1V101P
HIP2210FRTZ,TDFN10 4x4x.75 PP
IHLP2525CZER8R2M01,IND 6x6x3 IHLP-2525 Vish
R7FS7G27H2A01CBD,BGA224-13x13x1.4 PP
MPQ4210GU-AEC1-P,QFN27 PP
MT25QL256ABA1EW9-0SIT,WDFN8-8x6x.75 PP
NTTFD4D0N04HLTWG,WQFN12-3.3x3.3x.75 PP
PCA9535BS,QFN24-4x4x.75 0P5 PP
RL3720WT-R010-F,1508 R
RL3720WT-R005-F,1508 R
CT150U-D-10V-10P-0R1,D PP
SI1023X-T1-GE3,SOT-563 PP
SMBJE33AH,SMB PP
TPS25221DBV,SOT-23_6
TMUX1204DQAR,USON10-2.5x1x.5 0P5 PP
SMBJE33CAH,SMB PP
T521D336M035ATE065,D PP
TPS70950DRV,WSON6 2x2x.75 0P65 PP
XAL5030-601ME,XAL5030
LBR2518T100K,2518 L
XEL6060-272MEC,XEL6060
MBT3906DW1,SOT-363 PP
EFM32G230F128G-E-QFN64,QFN64-9x9x.85 0P5 PP
AT24C01D-STUM,SOT-23_5 PP
SN74LVC2244APW,TSSOP20-0.65 PP
G1K8P06S2,SOIC8 PP
PESD3V3L4UG,SOT-353-1
XAL1010-472MED,IND 11.3x10x10 PP
0685T2000-01,1206-05
0685T3000-01,1206-05
BQ34Z100PW-G1,HTSSOP14 PP
LTC2955ITS8-1,SOT-23_8 PP
OPA2310IDR,SOIC8 PP
0402HP-39NXGLU,0402HP
B360B,SMB PP
MP4420HGJ,SOT-23_8 PP
R255K-0603-25PPM,R0603-04
C1U-0603-50V-10P-X7R,C0603-08
BZX84-A4V7,SOT-23JEDEC
TPS54308DDC,SOT-23_6 LENT
LMR51420YFDDCR,SOT-23_6 LENT
C1N8-0603-50V-10P-X7R,C0603-08
R0R02-1206-1W-75PPM,R1206-05
R0R-2010,R2010-06
R0R01-2010-0W5-75PPM,R2010-06
C10U-0603-35V-20P-X5R,0603-05
C22U-0805-35V-20P-X5R,C0805-1.25
R137K-0603,R0603-04
R80K6-0603-25PPM,0603-03 PP
R383K-0603,R0603-04
R4R99-0603,R0603-04
TSOP75436T,TSOP75436
SG-8018CG1.0000M-TJHPA0,QZ2.5X2 PP
R309R-0402,R0603-04
DRTR5V0U1LPQ-7B,DFN1006-2
SRP7028A-220M,SRP7028
TXB0104RUT,UQFN12 2x1.7x.5 0P4 PP
LCMXO3LF-6900C-5BG256C,BGA256-14x14
0154500.DR,0154002.DR fusible AUTO
DHN04TV,DIPSWITCH4 6x4x1.5 1P27
SG-8018CG 1.0000M-TJHPA0,QZ2.5X2 PP
MAX6324AUT29,SOT-23_6
FAN7083MX-GF085,SOIC8 PP
CC22U-D5X6-50V-20P,ALUC PP
LT6700HVCS6-1,SOT-23_6
LD1117S,SOT-223JEDEC
FAN3180TSX,SOT-23_5 PP
A6862KLPTR,TSSOP16-0.65 PP
SRP6060FA-220M,SRP6060
HSMC-C190,LED-0603 1.6x0.8x0.6 King
HSMC-C120,0603L 1.6x.6x1 PP
R287R-0805,R0805-05
LM393DMR2G,MSOP8 PP
LT3685EMSE,MSOP10
IRF7469,SOIC8 PP
BC846PNH6327XTSA1,SOT-323_SC-70_6 PP
BZX38450-C4V7X,SOD323 PP DIODE
FZT560TA,SOT-223 PP
BZX384-C15,SOD323 PP DIODE
HSMR-C120,0603L 1.6x.6x1 PP
HSMQ-C120,0603L 1.6x.6x1 PP
HSMA-C120,0603L 1.6x.6x1 PP
BAV70M,SOT883
CSD13302W,BGA4-1.1x1x.6 0P5 YZR
TPD2E001DZDR,SOT-143 PP
CP2112-F03-GM,QFN24-4x4x.75 0P5 PP
LQM21PN4R7MGHL,0805-09 PP
74279228111,0603-05
P3S0200GM,UQFN10 2x1.5x.6 0P5 PP
SN74AUP2G17DSF,XSON6 1x1 PP
NB6N14SMN,QFN16 3x3x.9 0P5 PP
PCA9538BS,VQFN16 4x4x1 PP
PI3DBS16213XEAEX,QFN24 4x2 PP
Si5395J-A-GM,LGA64-9x9x1 0P5 PP
SN74LVC125ARGY,QFN14- 3.5X3.5 PL 4+10PIN
TMP464AIRGT,QFN16 3x3x.9 0P5 PP
M24256-BFMC6,UDFN8 3x2x055 0P5 PP
CP2102N-A02-GQFN28,QFN28-5x5x.8 PP
AK2DAF1-1250,QZ2.5X2X1 6 PP
AMJMAFB-100.0000T,QZ 2X1.6X.8 PP
AK2DAF1-1000,QZ2.5X2X1 6 PP
C22N-0603-100V-10P-X7R,0603-05
ACPL-217-50AE,SOIC4 PP
10CX220YF780E5G,BGA780 29x29 PP
TPSM828214SILR,DFN-10 2.5x2 PP
ASE-50.000MHZ-LR,QZ3.2X2.5 0.85
TPSM828213SILR,DFN-10 2.5x2 PP
TPSM828211SILR,DFN-10 2.5x2 PP
MT25QU512ABB8E12-0AAT,BGA24-8x6x1 1P PP
10M16DCF256C8G,BGA256-17x17x2.1 P1 PP
TMUX1248DCK,SOT-323_SC-70_6 PP
CC470U-D8X10-10V-20P,ALUF PP
CC470U-D8X10-16V-20P,ALUF PP
CC300U-D6X8-25V-20P,ALUD8 PP
LTC1921CS8,SOIC8 PP H3.3 L5.2
R43R2-0402,R0402-03
SN74LVT125D,SOIC14 D
UCM1A471MCL1GS,ALUD7.7 PP
UCM1E471MNL1GS,ALUF10 PP
C1N5-0402-50V-5P-X7R,0402-05
DLP11SN900HL2,DLP11S
NX3008PBK,SOT-23 PP
TPS54302DDC,SOT-23_6
B240-13-F,SMA PP
7443550101,1350
74439346150,6060
R33K-0603-0W25,R0603-04
LM324ADR2G,SOIC14 D
TLV74033PDBV,SOT-23-5
TS321ILT,SOT-23-5
SN74HC4040D,SOIC16 D PP
MC79M12BDTRKG,TO-252_DPAK3
MC78M12BDT,TO-252_DPAK3
ITS711L1FUMA1,SOIC20 PP
ADG1608BRUZ,HTSSOP16 PWP PP
TS3A5018D,SOIC16 D PP
SZBZX84C3V3L,SOT-23JEDEC
ERTJ1VG103FA,0603-05
C1N-0603-200V-5P-C0G,C0603-08
XC6135C18ANR-G,SOT-24 PP
SFH2200,SFH2200
PIC10LF320T-IOT,SOT-26
LT1121IST-5,SOT-223JEDEC
SMAJ30CA,SMA PP
STTH512B,DPAK al
TLP701,TLP701
RURD4120S9A-F085,TO-252_DPAK3
STGB3NC120HD,D2PAK
MAX17610ATC,TDFN12 PP
TPS26400RHFR,VQFN24 4x5x1 PP
DBLS207G,SMD4
AFBR-S4N66P024M-DS104,BGA16 1.25
S141611-6050HS-04,BGA32-1.35
AD8029AKSZ,SOT-323_SC-70_6 PP
LT1962EMS8,MSOP8 PP
PCA9600DP,TSSOP8 BW:3 PP LM75BDP
590BD-BDG,QZ7X5 6 PP
PMEG6010ELR-QX,SOD123W PP
R1K2-1210,R1210-06
C330U-1210-6V3,1210-20 PP
R20R-2512,R2512-06
CT47U-D-25V-20P-0R065,D TANTAL
APT1608LVBCD,0603-05
R8K98-0603-5PPM,0603-03 PP
LTM4622EY,BGA25-6.25x6.25x2.4 PP
LTM4625IY,BGA25-6.25x6.25x5 1P27 PP
ST715MR,SOT-23_5 PP
590FB-BDG,QZ7X5 6 PP
NB7L585MNG,QFN32 5x5x.9 0P5
CC22U-D6.3X6-50V-20P,ALUD8 PP
LM3880MF-1AE,SOT-23_6
C100U-1206-6V3-10P-X5R,1206-14
MIC47100YMME,MSOP8 PP
LP3962EMP-2.5,SOT-223-4 PP
S-57GSNL3S-L3T2U,SOT-23-W PP
XC7K70T-2FBG484C,BGA484-22x22-1.0
TPS7B8850QKVU,TO-252 PP
LQH43MN102K03L,LQH43
C10U-0805-25V-10P-X7R,C0805-1.25
MAX17532ATB,TDFN10 3x2x0.8-EP0.5 PP
KSM160-20,KSM160-20 QZ12X7
SN74AHC1G125DBV,SOT-23_5 PP
LPS5030-224MRB,LPS5030
0160004.MR,0160.500MR
0160.500MR,0160.500MR
C1N5-0805-50V-10P-X7R,C0805-1.25
C1U-0805-50V-10P-X7R,C0805-1.25 AUTO
R250K-0402,R0402-03
LM3940IS-3.3,TO-263-3
BCV62,SOT-143 PP
74404064151,74404064151 6X4.5
744776215,744776215
TPA6211A1DGN,MSOP8 PP
LM2931ADT33RY,DPAK
CT10U-A-20V-20P-3R5,A LENT PP
824022,SOT-23JEDEC
ACPL-227-500E,SOIC8 PP
LMV321IDCK,SOT-353-1 PP
MCP1700T-1802ETT,SOT-23JEDEC
DMPH6050SPD-13,POWERFLAT8 5X6 PP
R0R15-1206-1W,R1206-05
W2A4YC104KA,C0508
CM1293A-04SO,SOT-457 PP
TPS7A0333DBV,SOT-23_5 PP
ECLAMP8052P.TCT,ECLAMP8052P.TCT UDFN-5
155124M173200A,LED-RGB 3.2x1x1.5 Wurth
R2R-0603-0W25,R0603-04
MX25L51245G,BGA24-8x6x1 1P PP
R1K-0603-0W5-25PPM,R0603-04
SS8050-G,SOT-23JEDEC
R2K-0603-0W3,R0603-04
R200K-0805,R0805-05
C4P7-0402-50V-0P1-C0G,0402-05
1206L050YR,1206-05
C100U-1206-10V-20P,1206-14
SM0402UWC,0402L
CP2102N-A02-GQFN28R,QFN28-5x5x.8 PP
SM0402GC,0402L
SM0402RC,0402L
H11L2SVM,SMD6
TMC2300-LA,QFN20- 3x3x0.55 P0.4 PP
FT4232HQ,QFN64 10x10x1 J0.5 PP
APT1608LSECK-J4-PRV,0603L 0.8 PP
R820R-0805,0805-05
74AUP1T08GW,SC70-5
74HC595BZX,DHVQFN16 74HC595BZX
ESP32-WROOM-32E-N16,LGA38-18X2
93LC56BT-I-MC,DFN8-2x3x.55 0P5 PP
C100N-0603-50V-10P,0603-05
AUIRF1324S-7P,D2PAK-7
KA-2810ASESK,KA-2810ASURSK
KPFA-2507BRGC-11,LED COUCHER C Z PP AUTO
R7K5-0805-10PPM,0805-05
CD74HC4511PW,TSSOP16-0.65 PP
B230A,SMA PP
SQ2362ES-T1-GE3,SOT-23JEDEC
SSA34,SMA PP
TPS55340PWP,HTSSOP14 PP
R4K64-0805-10PPM,R0805-05
150121SV74000,LED WL-SBCW
H1102NL,H1102NL
430182043816,SW4 6x9x4 4P5 PTS645
R1K5-0805,R0805-05
R24K3-0805-10PPM,R0805-05
NRP-H90-RE,NIC 50-RE/NHS
R100K-0805-10PPM,R0805-05
R22K1-0805-10PPM,R0805-05
R33K2-0805-10PPM,R0805-05
R10K-0805-10PPM,R0805-05
R121K-0805-10PPM,R0805-05
R30K1-0805-10PPM,R0805-05
R60K4-0805-10PPM,0805-05
R56R2-0805-10PPM,R0805-05
CC100U-D8X6.7-35V-20P,ALUE PP
LMH0397RTVT,WQFN32 5x5x08 0P5 PP
R22K-0402,R0402-03
STM32F437VIT6,LQFP100-0.50 PP
SF-2410SP200W-2,2211-22 H PP
STM32G473CET6,LQFP48-7X7 AP AUTO
7447773151,FUSIBLE
CT100U-B-10V-20P-1R4,B TANTAL
SN74LVC2G08DCT,SM8 PP
LMH0002SQ-NOPB,WQFN16 LMH0002SQ-NOPB
NCP718ASN330,SOT-23_5 PP
SMTSO-M25-3ET,1008-09 PP
20021521-00010T1LF,1008-09 PP
MEC6-140-02-L-DV-A-K,1008-09 PP
61001021121,1008-09 PP
7427511,1008-09 PP
B32521C0335,1008-09 PP
DSPIC33EP512MC806-E-PT,TQFP64-0.50 A24 PP
A7672EFASE,A7672X
TLP293GB-TPL-E,SO4-2.6x7x2.1x1P27 PP
SI2318CDS,SOT-23JEDEC
MHQ1005P5N6CT000,0402-05
R0R-0402,R0402-03
B32529E6103,1008-09 PP
HFBR-1412TZ,1008-09 PP
HFBR-2412TZ,1008-09 PP
1-316080-2,1008-09 PP
3-5435640-5,1008-09 PP
1393236-2,1008-09 PP
87427-0402,1008-09 PP
1267,1008-09 PP
DRV10975PWP,1008-09 PP
XAL6060-103ME,1008-09 PP
74279226101,1812-32 PP
NC7SZ86M5,SOT-753 - NEXPERIA SC-74A
BD450M2FP3-CE2,SOT-223JEDEC
HEF4052BTT,TSSOP16-0.65 PP
MCP6541T-ILT,SOT-353-1 PP
SA5532D,SOIC8 PP
G6K-2F-Y-DC5,G6K-2F
R220R-0603-0W25,R0603-04
7447709100,7447709100
SM-LP-5001,SMD6
O12.0-JO53-B-1.8-2-T1-LF,QZ5X3.2 PP X053 2P54
MAX4624EZ,SOT-23_6
ZXTN4004KTC,TO-252 PP
TPA3128D2DAP,TSSOP32-0.65-BW:6.1
LQP18MN33NG02D,0603-08
MX25U6435FM2I-10G,SOIC8 5.28 PP
LEA-M8S,LGA28
LMZ14203TZE,TO-252_DPAK
TG111-E12NYNRL,TG1G
C680N-1206-50V-10P-X7R,1206-14
CT22U-B-20V-10P-1R8,B TANTAL
R33R-0603-0W25,R0603-04
O12.288000-JSO32C1LC-B-1.8-T1-,QZ3.2X2.5
7447709001,7447709100
Q0.032768-JTX310-12.5-20-T1-LF,QZ 3.2x1.5x0.8 NDK
MDX53104-250FIA,QZ5X3.2 PP ECS
DS1342U,MicroSOP8 PP
74454147,74454147
KPTB-1612SYKCGKC,LED KPTB-1612 PP
LQH2MCN100K02L,LQH2MC
CT100U-D-6V3-10P-1R7,TANTAL 5X3
PJL9433A-R2-00001,SOP8 PowerPAD
CFCN-WF704S4HS0-1,CFCN-WF704S4HS0-1
7447786122,IND 5.5X6-2.75 Z PP
SM6T10A,SMB PP
SMAJ48A,SMA PP
TPSMA6L60A,SMA PP
CFCN-WF706S4VS0-1,CFCN-WF706S4VS0-1
NTJD4001N,SOT-323_SC-70_6 PP
85502-5012,1008-09 PP
HEC2711-01-620,1008-09 PP
12401598E4-2A,1008-09 PP
ESDALC6V1-1M2,QFN 6 1.45x1x.55 0P4 P
B3P-VH-B,1008-09 PP
KLDX-0202-A-HT,1008-09 PP
87520-3010ALF,1008-09 PP
39-30-0060,1008-09 PP
R47R-2512-3W,R2512-06
R0R033-2010-3W,R2010-06
BFP740ESD,SOT-343 PP
FC-13532.7680KA-AC3,QZ3.2x1.5 2PIN PP
NX3215SA-32.768KHZ-EXS00A-MU00,NX3215SA
R18K-0402,R0402-03
MLF1608C220KTA00,0603-08
LT1963EQ,TO-263-5 PP
AISC-0402-1NOJ,0402L PP
ECS-320-10-33B-7KM,QZ3.2X2.5
1EDN8511BXUSA1,SOT-23_6
2ED2181S06FXUMA1,SOIC8 PP
160SGV22M10X10.5,ALUG PP
MMZ1608S601ATA,0603-08
V8PA22-M3,DO-214AC PP LENT HYDRA
TPH2900ENH,SOP8 PowerPAD
APTBD3216SURKCGKC-01,1206L 1.8 PP
2ED2183S06FXUMA1,SOIC8 PP H3.3 L5.2
MHQ1005P5N6CT,0402-05
742792604,0603-05
C560P-0201-25V-10P-X7R,0201-03 PP
LMH6645MF,SOT-23_5 PP
C56N-0201-6V3-10P-X6S,0201-03 PP
C1U-1812-250V-10P-X7T,1812-11
R510R-0201,R0201-02
DSC1001DL2-074.2500,QZ2.5X2 PP
EEE-FK1E221GP,ALUG 8.6 PP
742692003,0201-03 PP
RR33R-0804,RR0804 X4 PP
R13K-0201,R0201-02
R18K-0201,R0201-02
C220P-0201-25V-10P-X7R,0201-03 PP
R270K-0201,R0201-02
R374K-0201,R0201-02
C22N-0201-16V-10P-X5R,0201-03 PP
R26K1-0201,R0201-02
R64K9-0201,R0201-02
R39K-0201,R0201-02
TLVM13640RDL,TLVM13640RDL
TPSM82902SISR,USIP 11
dsPIC33EV256GM006-E-MR,QFN64-0.4 PP
DRV59515V-4ATECDriver,HTSSOP32
TPSM63604RDLR,TLVM13640RDL
TLV9152SIRUGR,X2QFN10 2x1.5x1.4
LTRBR37G-4R4S-0125-0,LED4-1x1x.25 SML-LX0404
TCA39306DTMR,XSON6-1.45x1x.5 0P6 PP
TMP421YZDT,BGA8-1.9x.9x.5 0P5 PP
2920L300_15DR,2920 PP
TPSM33625RDN,QFNFCMOD(4.5X3.5)
LCMXO3D-9400HC-5BG256C,QFN 2+6 1.6x1.6x.5 0P5 PP
CSD25480F3,CSD13380F3
TPS7A5701RTE,WQFN16 2.9x2.9
TPS7A2601DRV,WSON6 1.9x1.9
C100N-1206-100V-10P-X8R,1206-14
C10U-2220-100V-10P-X7S,2220-25 PP
1.5SMC47A,SMC PP
ACPL-064L-000E,SOIC8 PP
PWR163S-25-1002F,DPAK
SN74LVC1G00DBV,SOT-23_5 PP
CD4001BM,SOIC14 N 150 mil SL PP
LM4040BIM3-10.0,SOT-23JEDEC
C100N-0603-100V-10P-X7S,0603-05
R200R-1206,R1206-05
24LC16BT-H/SN16KVAO,SOIC8 PP
ESP32-C3-MINI-1-N4,LGA53-13x17
TPL5110DDC,SOT-23_6
DGD05473FNQ,DFN-10 3x3x0.7 P0.5 PP
AD822BRZ,SOIC8 PP
MCP6407-H/SNVAO,SOIC8 PP
CM322522-100KL,1210-20 DIODE PP
MC33161DMR2G,SO8
R0R02-0402-0W3,R0402-03
R120R-2512-2W,R2512-06
R12K7-0805-10PPM,R0805-05
R147K-0805-25PPM,R0805-05
CT470U-E-10V-10P-0R05,D TANTAL
TKH45P25R0FE,DPAK
5027,5015 PT SILOUHETTE
744053150,74404064151 6X4.5
744053004,74404064151 6X4.5
ACPL-M21L-500E,SO5 TLP 3.7x7x2.1
LMS1585ACS-3.3,TO-263-3
FFD10UP20S,TO-263
MPMT10012001AT,SOT-23JEDEC
R3R01-0603,R0603-04
MT48H32M16LFB4-6ITC,VFBGA54
LM293MDREP,TVSOP16
IRLR024N,TO-252 PP
AT45DB641E-SHN,SOICB8 PP 208miles
TXB0106PWR,TSSOP16-0.65 PP
RHF1201KSO-01V,SOIC48
TPS60500DGS,VSSOP10 PP
LT1215CS8,SOIC8 -ADM 6x5x1.5 1P27
ADR130AUJZ,TSOP6 PP
SN74LVC2G74MDCUTEP,VSSOP8 DCU PP
1-534206-8,1008-09 PP
6-534237-6,1008-09 PP
74479777310,0805-05 AUTO
EVQ-PUA02K,1008-09 PP
CMI-9705-85-SMT-TR,1008-09 PP
SN74AHC123ADGVR,TVSOP-16
NMK1205SC,1008-09 PP
RASSM10P,1008-09 PP
3266Z-1-102LF,1008-09 PP
APA3010QBCD-GX,LED COUCHER C Z PP AUTO
EASIROC,TQFP160
EEEFT1H221AP,ALUE PP
C5S-24.000-12-3030-X,QZ 5x3.2x1.3 2 Pins NDK
LQG15HS1N5S02D,0402-05
FCHP0402E10000BST1,0402-03 PP
G3VM-21ER,PDIP6 8.5x6.3x4.8 2P5 OnS
ECS-240-12-30-GN,QZ 5x3.2x1.3 2 Pins NDK
XFL4020-222ME,IND 4x4x2 2P37 XFL4020 Co
R5K9-0603,0603-05
R20K-0603-1P,R0603-04
LT6015MPS5,SOT-23_5 PP
74439346100,6060
NCP4625HSN33T1G,SOT-23-5
ATMEGA328P-AU,TQFP32-0.80
HMC441LP3E,QFN16 3x3x.7 0P5 PP
ABM8AIG-8.000MHZ-1Z-T,QZ3.2X2.5
SIT5021AI-2DE-33E-100.000000,QZ7X5 6 0.9 PP
R22R-0805-25PPM,R0805-05
24LC16BT-H-SN16KVAO,SOIC8 PP
SRU8043-680Y,SRU8043
LMZM33604RLXR,LMZM33604RLXR
MMBT2222L,SOT-23JEDEC
R56K-0805,R0805-05
R0R04-1206,R1206-05
74LVC1G11GV125,TSOP6 PP
SRP2512-R47M,SRP2512
FDS5672,SOIC8 PP
PTH05000WAZ,5-SMD MODULE
MCP6407-H-SNVAO,SOIC8 PP
LTM8056EYPBF,BGA121-11x11-1.275 PP
C2N2-1812-2KV-10P-X7R,1812-32 PP
LTC6084HMS8,MSOP8 PP
LT3042-MSE,MSOP10
CT22U-D-35V-10P-0R3,D PP
SN74LS157D,SOIC16 D PP
R143K-0805,R0805-05
R154K-0805,R0805-05
C10N-0805-100V-5P-X7R,0805-05 AUTO
R8K66-0805,0805-05
M95256-DRMN8TP-K,QFN8 3x3x.9 0P66 DQ849
ADG802BRTZ,SOT-26
C33N-0805-100V-5P-C0G,0805-05 AUTO
C680P-0805-200V-5P-X7R,0805-05 AUTO
C220N-0805-100V-5P-X7R,0805-05
LTC2914CGN-1,SSOP16 DBQ PP
AD847ARZ,SOIC8 PP
LTC1049CS8,SOIC8 PP
LM139AD,SOIC14 N 150 mil SL PP
R3K83-0805,R0805-05
PESD2ETH-AX,SOT-143 PP
TL084CD,SOIC14 N 150 mil SL PP
CRLEDGN2MCD-2MA0805,0805-LED
DCP020509U,28-SOIC
OP37GSZ,SOIC8 PP
APA3010SECK-GX,LED COUCHER C Z PP AUTO
LTST-S326TGKRKT,LED COUCHER C Z PP AUTO
1N4151WS,SOD323 PP DIODE
LM337KVURG3,TO-252 PP
744053100,74404064151 6X4.5
AD827JRZ-16,SOIC16 10x11x2.6 1P2 DWTi
C2P-0603-50V-0P1-C0G,C0603-08
TF952,BGA8
R15K-0805-10PPM,R0805-05
C68P-0603-50V-1P-C0G,C0603-08
C680P-0603-50V-1P-C0G,0603-05
C22P-0603-50V-5P,0603-03 PP
74404024150,74404024150
R86K6-0805-0W5,0805-05
FESB16DT,TO-263
R1R5-1206,R1206-05
2EDN8534FXTMA1,SOIC8 PP
C100P-1812-1KV-5P-C0G,1812-32 PP
ICE3PCS02G,SOIC8 PP
MCS1806GS-3-10,SOIC8 PP
STD1NK80ZT4,DPAK
UC2844AD8G4,SOIC8 PP
VS-30BQ100,SMC PP
SCT2750NYTB,TO-268
RV2C010UNT2L,DFN1006-3
R100K-1210-0W5,R1210-06
R4R75-2512-1W,R2512-06
R909R-0402,0402-03 PP
LP3470M5-3.08,SOT-23_5 PP
R3K-0805-25PPM,R0805-05
R91R-0805,0805-05
SRN8040-220M,IHLP3232DZER2R2M51
R2K2-1210-0W5,R1210-06
74AVC1T45GS,SOT1202 PP - XSON6-1x1
FCSL110R030DER,R2043
LM4040CEX3-3.3,SC70-3
74479776233,C0805-1.25 AUTO
C100N-0805-250V-0P1-C0G,0805-09 PP
BAT54STA,SOT-23JEDEC
LT1963AES8TRPBF,SOIC8 PP
0805L150-12SLYR,0805-05
R95R3-0805,0805-05
LQG15HS22NG02D,0402-05
LQG15HS18NG02D,0402-05
BLM21BB471SN1D,0805-09 PP
C2N2-0805-50V-10P-X7R,C0805-1.25
C4U7-0805-50V-10P-X6S,C0805-1.25
R7K87-0805,0805-05
R1K87-0805,R0805-05
R953R-0805,0805-05
ASMB-MTB0-0A3A2,ASMB-MTB0-0B3A2
R221K-0805,R0805-05
C6P8-0805-100V-0P25-C0G,0805-05
R44K2-0805,R0805-05
R41K2-0603,R0603-04
C1N5-0805-100V-5P-C0G,0805-05
C2N2-0805-100V-5P-C0G,0805-05 AUTO
R16K2-0805,R0805-05
R3K65-0805,R0805-05
SRN3015C-100M,IND 3x3 PP SNR3015
CC1000U-D10X10.2-16V-20P,ALUX PP
LQG15HN9N1H02D,0402-05
BFP420FH6327XTSA1,TSFP-4
ADCMP582BCPZ-WP,QFN16 3x3x.7 0P5 PP
LM1085IS-3.3-NOPB,TO-263-3
LM1086CS-2.5-NOPB,TO-263-3
LQG15HSR12H02D,0402-05
CT1000U-V-6V3-20P,V PP
TL072CDT,SOIC8
LD1117DT18CTR,TO-252_DPAK
L7905CD2T,D2PAK
BC859C215,SOT-23
AD5310BRMZ,MSOP8 PP
BZX585-B3V0,SOD523 PP
R33R-2010,R2010-06
CM1213A-01SO,SOT-23JEDEC
C15N-1206-100V-5P-C0G,1206-14
ASFL3-20.000MHZ-EK-T,QZ5X3.2 PP X053 2P54
MIC2951-3.3YM,SOIC8 PP
SI1062-A-GMR,QFN-36
CT2U2-B-20V-10P,B TANTAL
SI4702-C19-GMR,QFN20-0.3 Z PP
LTC2873HUFD,QFN-24
FT230XS,SSOP16-6.1X4.9
TLV3702IDGKR,VSSOP8
SZ1SMB5938B,SMB PP
STPS3H100U,SMB PP
ASFLK-32.768KHZ-LJT,QZ5X3.2 PP X053 2P54
1SMB5934B,SMB PP
ATL432BQDBZR,SOT-23JEDEC
ITS41K0SMENHUMA1,SOT-223JEDEC
ABM8G-26.000MHZ-18-D2Y-T,QZ3.2X2.5
PESD5V0S1UA,SOD323F NORMAL PP
R75R-0603-25PPM,0603-03 PP
R9K1-1206,1206-05
PCA9535EDTR2G,TSSOP24 PW PP
AD8421ARZ,SOIC8 PP
TPA6120A2DWP,SOIC20 DW PP
MCP3425A0T-ECH,SOT-23_6
CD74AC153M96,SOIC16 D PP
SN74LVC1GU04DBV,SOT-23_5 PP
ADP7182AUJZ,SOT-23_5 PP
TCA9406DCTR,MSOP8 PP ROHM
AQY410S,SOP4 PP
DRTR5V0U2SR,SOT-143 PP
VLMC3100-GS08,LED CARRE 3.5X2.8
TLV62569DBVT,SOT-23-5
SIC461ED,MLP55-27
C3P6-0402-50V-0P1-C0G,0402-05
74AUP1T34GW,TSSOP5 PP
NX2016SA-25.000M-STD-CZS-1,QZ 2x1.6 x.6 4Pins Murata
LP38691DT-3.3,TO-252_DPAK3
R5K23-0805,0805-05
NX2016SA-24M-EXS00A-CS08891,QZ 2x1.6 x.6 4Pins Murata
MCP111T-300E-LB,SC70-3
DP83TC812RRHATQ1,VQFN-36
SN74LVC1G08DRLR,SOT-5x3
SN74LVC1G14DRLR,SOT-5x3
TPS22810DRVT,WSON6 2x2x.75 0P65 PP
R7S921051VCBGAC0,LFBGA-256
150060SS55040,0603L PP
DLW43MH201XK2L,DLW43MH201XK2L
LQH32CN220K53,LQH32CN
CT47U-D-10V-10P,D TANTAL
MSS1210-223MEB,L4747
LMR51420XDDCR,SOT-23_6
R50R-0402,R0402-03
IN-S42BT5UW.80.45,0402-05
MIC5219-3.0YML,DFN6 2x2x.65 0P65 PP
IS25LP032D-JTLE,USON8-4x3x PP
C22U-0402-10V-20P-X5R,0402-05
MUSBR-05-F-O-B-SMA,TSSOP16-0.65 PP
DFE252010F-2R2M,1008-09 PP
C8P-0402-50V-0P1-C0G,0402-05
IN-P32TRRRGB,4-SMD
R698R-0805,0805-05
TPD2E001DRLR,SOT-553 -SOT5X3 DRL
STM32L552RET6,LQFP64 10X10
DS4303R,SOT-23_5 PP
C22N-0201-25V-10P-X5R,0201-03 PP
5988A90107F,0402-02
R360R-0402-25PPM,R0402-03
C2U2-0402-10V-10P-X7R,0402-05
150352M173300,6-PLCC
LT1964ES5-BYP,SOT-23_5 PP
R511R-0402,R0402-03
TLV75525PDQN,X2SON4 1x1x.4
PESD2CANFD24L-TR,SOT-23JEDEC
ISO7741QDWRQ1,SOIC16 WB 10x10x2 1P27
ABM8AIG-16.000MHz-12-2Z-T,QZ3.2X2.5 .8
DFLS1100Q-7,SOD123 POWERDI PP
SMMDL6050T1G,SOD323F 0.8 PP
BLM15HD102BH1D,0402-05
LMR50410Y5FQDBVRQ1,SOT-23_6_1.45
SN6505BQDBVRQ1,SOT-23_6_1.45
SRF3225TAC-510Y,L3225
ACASA1001S1002P1AT,0612-.45
DSPIC33CK128MC505-H/M7,VQFN48 PP
SRF3216-222Y,L3216
R140R-0603-10PPM,R0603-04
ADS131B02QPWRQ1,TSSOP20 6x6x1.2 0P65 RU
SRN3015TA-330M,IND SNR3015 3x3x1.5 PP
TLV9002QDRQ1,SOIC8 PP
R1K5-0201,R0201-02
TMP127EDBVRQ1,SOT-23_6_1.45
OPA388QDBVRQ1,SOT-23_5 PP
SZ1SMA33CAT3G,SMA 2.6x5.2x2.10
TCAN1044AVDRQ1,VSONP-8 3x3x.9 0P65 Ti
FA-20H-12.0000MD30Z-K3,QZ2.5X2X.5 PP
R16K5-0603-25PPM,R0603-04
C10N-0805-50V-5P-X7R,0805-05
C1N-0603-50V-10P-X7R,C0603-08
R56R-0201,R0201-02
R560R-0603-25PPM,R0603-04
C10N-0805-50V-10P-X7R,C0805-1.25
C1T 2,1206-06
C1T 3,1206-06
LTC2955ITS8-2,SOT-23_8 PP
R0R02-2512-3W,R2512-06
ETC1-1-13,ETC1-1-13 PP
C1T3,1206-05
C1T2,1206-05
C470N-0805-16V-5P-X7R,0805-09 PP
C27P-0402-50V-5P-C0G,0402-05
RB168VWM100TF,PMDE-2
C47P-0805-50V-1P-C0G,0805-09 PP
LQW15AN6N2D00D,0402-05
C680N-0805-100V-20P-X7S,0805-09 PP
R620K-0805-25PPM,0805-05
SDR10EZPD1001,0805-05
LT8570IMS8E-1,MSOP8 PP
DF12NB-3.0-80DS-0.5V-51,DF12NB-3.0-80DS-0.5V-51
TS5A22362DGS,VSSOP10 PP
ZXCT1022E5TA,SOT-23_5 PP
STB80N20M5,TO-252 ST
R14K7-0805-1W-25PPM,R0805-05
0456020.ER,FUSIBLE BIG PP
AP64202SP-13,SOIC8 PP
0451010.MRL,DO-213AB
171012401,TO-263-7EP
171020601,TO-263-7EP
LM4040B50FTA,SOT-23JEDEC
R75K-0402-25PPM,0402-05
TLV9151QDBVRQ1,SOT-23_5 PP
BC856BW115,SOT-323_SC-70
C150P-1206-2KV-10P-X7R,1206-14
LQW15AN4N6G80D,0402-05
R6401,R2512
R6501,R2512
R6601,R2512
R6701,R2512
R1K-0402-10PPM,R0402-03
R68K-0402-0W25,0402-03 PP
R6K04-0805-0W25,0805-05
R412K-0402,R0402-03
R56K-0603-0W25,R0603-04
C4U7-0603-16V-10P-X7R,0603-05
R100R-0603-1W5,R0603-04
R1K-0402-0W25,R0402-03
S25FL064LABMFV01,SOICB8 PP 208miles
LM57BISD-5-NOPB,WSON8 2x2x.8 0P5 PP
NX3225SA-25.000M-STD-CRS-2,SMD-4
ECS-2520MVLC-081.92-BN,QZ2.5X2
VLCF5020T-220MR75-1,VLCF5020T-220MR75-1
C2N2-2211-1kV-10P-X7R,2211-22 H PP
TLR3A10DR0005FTDG,2512-06
C940N-2220-50V-10P-C0G,2220-25 PP
LT3011IMSE,MSOP12 4x5x1.1 P.65 AnDev
LT3045IMSE,MSOP12 4x5x1.1 P.65 AnDev
LT3094IMSE,MSOP12 4x5x1.1 P.65 AnDev
INA283AIDGKR,VSSOP8
NLCV32T-470K-EF,1210-06
LM2903BIDR,SOIC8 PP
SN65HVD10DR,SOIC8 PP H3.3 L5.2
LTC6229HDD,DFN10 3x3x.75
PHA-13LN,SOT-89-B1JEDEC
ATSAMS70N19B-AN,LQFP100-0.50
0603CS-5N1XJLU,0603-05
R110K-0805-25PPM,R0805-05
R47K-0805-10PPM,R0805-05
R6R8-1206,R1206-05
MAX6951EEE,QSOP16 4x6x1.5 0P6
AD5530BRUZ,TSSOP16-0.65 PP
BZX84-A5V1,SOT-23
R10K-1206-10PPM,R1206-05
NLFV32T-150K-EF,1210-25 PP
MAX3095ESE,SOIC16 D PP
744226,744226
ACPL-247-500E,SOIC16 D PP
TLV2252AID,SOIC8 PP
ACPL-227-50BE,SOIC8 PP
MMBZ5255B,SOT-23JEDEC
ISO7730DWR,SOIC-16
CC22U-D8X6.2-50V-20P,ALUE PP
TVS2200DRVR,WSON6 1.9x1.9
LGY876-P1Q2-24,LED LG Y876 PP
NL7SZ18DFT2G-L22348,SOT-363 PP
MF-SM030-2,MF-SM030-2
TLP2270TP4E,SOIC-8 PP
IRFL024ZTRPBF,SOT-223 PP
AP64202SP,SOIC8 PP
UC2844AD8,SOIC8 PP
MC7805BDTG,TO-252_DPAK
LCWC0402J4N7GTA,0402-05
744765033A,0402-05
NCP03XH103E05,0201-03 PP
LVT04R0100FE,0402-03 PP
MX25U8035FM1I,SOIC8 PP
NX2016SA-27.12MHZ-EXS00A-CS113,QZ2.5X2X1 PP
DSPIC33CK128MP508-H-PTVAO,TQFP80-0.50
LQH43PN8R2M26L,LQH43PN8R2M26L
DMP6023LE,SOT-223JEDEC
2EDL23N06PJXUMA1,SOIC14 N 150 mil SL PP
FQD8P10TM,TO-252 3-DPAK
MP2667GG-0000,QFN10-2X2
R2K32-0201,R0201-02
C8P2-0402-50V-0P25-C0G,0402-05
C390P-0603-250V-5P-C0G,C0603-08
R1R2-0402,R0402-03
830100965009,QZ3.2X2.5
0603CS-R33XGLU,0603-05
R47K-0603,R0603-04
R7K5-0603-25PPM,0603-03 PP
C4N7-0805-100V-10P-X7R,0805-05 AUTO
R180K-1206,R1206-05
R100K-0402-0W25,R0402-03
R50R-0402-50PPM,R0402-03
OPA2192IDGK,VSSOP8
LQP15MN3N2W02D,0402-05
HCPL0501,SOIC8 5x4x1.7 1P27 DDA Ti
CLF7045NIT-220M-D,CLF7045NIT-220M-D
CLF7045NIT-470M-D,CLF7045NIT-220M-D
R8K2-0805-10PPM,0805-05
SF-3812F1000T-2,SF-3812F1000T-2
C1N5-0402-50V-5P-C0G,0402-05
C68P-0402-50V-1P-C0G,0402-05
C82P-0805-50V-1P-C0G,0805-09 PP
R68K-0603-25PPM,0603-05
PMEG2010ER,SOD123W PP
R160K-0603,R0603-04
R2K-0402-0W25,R0402-03
R10K-0402-0W25,R0402-03
C8P2-0402-50V-0P5-C0G,0402-05
R200R-0402-0W25,R0402-03
R20K-0402-0W25,R0402-03
R432R-0603-25PPM,R0603-04
R36K5-0603-0W25,R0603-04
R46K4-0603-0W25,R0603-04
R4K7-0402-0W25,R0402-03
R590R-0402-0W25,R0402-03
B140S1F,SOD123Flat PP
DMN3065LW,SOT-323_SC-70
R6R04-0805-0W25,0805-05
MCP1703-3302EDB,SOT-223JEDEC
SM15T33A,SMC PP
AOSN21319C,SOT-323_SC-70
BZV55-C3V9,SOD 80 LENT PP
LPC5506JHI48QL,VFQFN48 7x7x0.9 P0.5
R0R05-2512-1W,R2512-06
R8R2-0805,0805-05
R0R15-2512-1W,R2512-06
NTCS0603E3103FLT,0603-08
ZXCT1109QSA,SOT-23JEDEC
54774,HTSSOP14 PP
C10U-1210-75V-10P-X7R,C1210-2.5
NCV7357D13R2G,SOIC8 PP
TSV7722IST,MSOP8 PP
M24256-BFDW6,TSSOP8 PP
UUL0J101MCL1GS,ALUD8 PP
MP9485GN,SOIC8 PP
SSM6N15AFU-LF,SOT-323_SC-70_6 PP
STM32G0B1CBU6,QFN48-7x7x0.6 PP
LFXTAL009650,LFXTAL009650
744230900,0603-05
DMTH6016LK3,TO-252 PP
DGD05463FN,W-DFN3030
SML-LXFP0603SUGC,LED2-1.4x2x1.3 ASMT-T
R4K3-0402,R0402-03
SML-LXFP0603SIC,LED2-1.4x2x1.3 ASMT-T
SML-LXFP0603SYC,LED2-1.4x2x1.3 ASMT-T
MF-NSMF150-2,1812-05
R59R-0402,R0402-03
TMP100NA-3K,SOT-23_6
TPS2061DBV,SOT-23_5 PP
R6K34-0402,R0402-03
R383R-0402,R0402-03
TPS2051BDBV,SOT-23_5 PP
74479276147,0806L
TLV7021DCK,SOT-353-1 PP
SBR8U60P5,SBR8U60P5
R0R1-1206-0W25,R1206-05
R39R2-0402,R0402-03
PI6C557-03ALEX,TSSOP16-0.65 PP
TPS3711DDC,SOT-23_6
CDCLVC1310RHBR,VQFN32 5.2x5.2x095 0P5 PP
SFEM020GB2ED1TB-I-CE-11P-STD,BGA153 13X11.5X1.2
S28HS512TGABHI010,BGA24-8x6x1 1P PP2
TPS56428DDA,SOIC8 PP
PI3USB221EZUAEX,UQFN10 2x1.5x.6 0P5 PP
SE051A2HQ1-Z01XEZ,HX2QFN20 3x3x.32 0P4 NXP
TPS74501PDRV,WSON6 1.9x1.9
SiT8208AI-3F-33E-25.000000X,QZ5X3.2 PP
ABM8G-25.000MHZ-18-D2Y,QZ3.2X2.5 3
LAN8840-V-PSA,VQFN48 PP
SFH5711-2-3,SFH5711-2-3
TPS62822DLC,VDFN-8 2X1.5
IHLP1616BZERR47M0H,IND 4.8X4.8-3
MT40A512M16LY-062EITE,LFBGA96 8x14 PP
IHLP1616BZER2R2M11,POWER INDUCTOR
ABM8G-24.000MHZ-18-D2Y,SMD-4 3.2x2.5
TPS62823DLC,VDFN-8 2X1.5
USB2513B-IM2,QFN36 6x6x.5 0P5 PP
AM6442BSFFHAALV,FCBGA-441 17.2x17.2
SI7149ADP,POWERPAK SO-8 Vishay
LTST-S270KSKT,0603-05
C4N7-0603-100V-5P-X7R,0603-05
74LVC573APW,TSSOP20-0.65 PP
AP64352SP,SOIC8 PP
CC47U-D10X10-50V-20P,ALUG PP
LM4890M,SOIC8 PP
TLC59711PWP,TSSOP20-0.65 PP
TPS65100PWP,TSSOP24 PW PP
TPS2051BDGN,TPS2051BDGN
74HC85D,SOIC16 D PP
HMC194MS8E,MSOP8 PP
74279263,0603-08
Q33310F700187SG-310SCF26MHZB,QZ 3.2x2.5x.75 PP siT8924
R12K4-0603-25PPM,R0603-04
R147K-0603-25PPM,R0603-04
R5K6-1206-25PPM,1206-05
LAT-0,SOT-143JEDEC
5M160ZE64C5N,TQFP64-0.40
LD1117DT33,TO-252 3-DPAK
BZT55-C5V6,SOD 80 PP
C200P-0603-50V-1P-C0G,C0603-08
LTM2810IY-S_PBF,BGA36 22X6.25X1.71
TPS2046BD,SOIC8 PP
HMC472LP4E,QFN24 4x4x1 P0.5 PP
TXB0304RUTR,XQFN12 2x1.7x.5 0P4 PP
2920L150DR,F2920
TPS2051BD,SOIC8 PP
ASEMB-24.000MHZ-LC,QZ3.2X2.5
2908-05WB-MG,1210-06
MAX3222EWN,SO18
C330N-0402-50V-10P-X5R,0402-05
MM1-0832HPSM-2,QFN12 3x3x.75 0P5 ACPZ
CMD201P5,QFN32-5x5x.9 0P5 PP
LBM673-L1N2-35,0805-09 PP
O120-JO53-B-33-2-T1-LF,QZ6X3 PP
TQL9093,DFN8
EQY-3-63,DFN8 2x2x.55 0P5 PP
EQY-3-24,DFN8 2x2x.55 0P5 PP
EQY-10-24,DFN8 2x2x.55 0P5 PP
QPA2609,QFN16-4X4
ADM-0026-5929SM,QFN24 4x4x.8 PP
QPA2626,QFN16-4X4
CMD307P3,QFN16 3x3x.7 0P5 PP
7490100111A,WE-LAN
EQY-6-453,DFN6 2x2x.75 PP
EQY-3-453,DFN6 2x2x.75 PP
NEO-M8Q,MOD24 16x12.2x2.4 1P1 NEO
EQY-4-63,DFN8 2x2x.55 0P5 PP
WF111-E,WF111
LQW21FT1R0M0HL,0805-09 PP
R84K5-0402,0402-03 PP
R53K6-0402,R0402-03
C6N8-0402-50V-10P-C0G,0402-05
C22N-0402-50V-5P-X7R,0402-05
C10N-0402-25V-2P-C0G,C0402-05
C33N-0402-25V-5P-X7R,0402-05
TXEAPLSANF-40.000000,QZ3.2X2.5
ADA4807-1AKSZ-R2,TSSOP6
MCSJK-7U-12.00-12-10-80-B-10,QZ3.2X2.5
FT232HL,LQFP48-0.50
LGM67K-G1J2-24,0805-05
R560K-0805-25PPM,R0805-05
DFLT27A,SOD123 POWERDI PP
ADP7104ACPZ-3.3-R7,WFDN8 3X3
SN65HVD30D,SOIC8
ADG811YCPZ,VQFN16 3x3x0.75
BGT24MTR12,VQFN32 5.5X4.5X0.9
HR1002A,SOIC15 D PP
LP5907MFX-1.8,SOT-23-5
TLV2461IDBV,SOT-23-5
DFLT5V0A-7,DFLT27A
S320,SMB PP
R1K8-0805-25PPM,R0805-05
BZX384-B4V7115,SOD323 PP DIODE
74AUP1G74DC,VSSOP8 DCU PP
LMR51430YDDC,SOT-23_6
74AUP2G04DW,SOT-323_SC-70_6 PP
BZX384-B4V3,SOD323 PP DIODE
MSP430F169IRTD,VFQFN64 9X9X1.6
IHLP3232DZER2R2M51,IHLP3232DZER2R2M51
DMN33D8LV,SOT-563 PP
OPA828ID,SOIC8 PP
LT5400ACMS8E-4,MSOP8 PP
AD8510BRZ,SOIC8 PP
74VHC238FT,TSSOP16-0.65 PP
LP5907QMFX-2.5Q1,SOT-23_5 PP
CC47U-D6X7.7-50V-20P,ALUD8 PP
RR510R-1506,RR22R-1506
ADM811RARTZ,SOT-143 PP
AD7989-1BRMZ,MSOP10
LTC6363IMS8-0.5,MSOP8 PP
PGA103U,SOIC8 PP
MUX36S16IRSNR,VQFN32 4.2x4.2x080 0P5 PP
TMUX6104PWR,HTSSOP14 PP
OPA2828IDGN,MSOP8 PP
R100M-1206-0W3-25PPM,R1206-05
C47U-0805-10V-20P-X5R,C0805-1.25
CC220P-1206-50V-5P-C0G,1206-05
C12N-0603-25V-5P-C0G,0603-05
R100K-0603-5PPM,R0603-04
dsPIC33EP512MU810-I-BG,TFBGA121 10X10
R2K-0805-5PPM,R0805-05
00000-RALENTIR,RALENTIR
C1U-0603-50V-10P,C0603
C1N-0402-50V-10P,C0402
C10N-0402-25V-10P,C0402
C10P-0402-50V-0P5,C0402
C100N-0402-25V-10P,C0402
C100P-0402-50V-5P,C0402
ABLS-4.000MHZ-B2,QZ 5X12X4 2Pins MSMSérie
BLM18AG102SH1D,0603-05
R560R-0805,R0805-05
SMLJ40CA,SMC PP
CT22U-C-16V-10P-0R35,C PP
MIC2177-3.3YWM,SOIC20 DW PP
MCP111T-290ETT,SOT-23JEDEC
LT1963ES8-2.5,SOIC8 PP
C10U-0603-25V-20P,0603-08
LQG18HH27NJ00D,0603-05
TC33X-2-103E,TC33X-2-103E
R51R-0805,R0805-05
R1K-0603-50PPM,R0603-04
C220P-0603-100V-5P-C0G,C0603-08
BLM18AG102SZ1D,0603-05
TPS25200QDRVRQ1,WSON6 1.9x1.9
R1K5-2512-1W,R2512-06
R1K8-2512-1W,R2512-06
TL497ACD,SOIC14 N 150 mil SL PP
R750R-2512-1W,2512-06
MAX1818EUT18,SOT-23_6
B330,SMC PP
NEO-M9N-00B,MOD24 16x12.2x2.4 1P1 NEO
NINA-W156-04B,MOD36-14x10x2.2
EEE-FT1H331GP,ALUG PP
CT10U-E-35V-10P-0R2,TANTE
NJM7805SDL1-TE1,TO-252 PP
HBDM60V600X-7,SOT-363 PP
MAX6383XR29D3+T,SC70-3
MCP9802A0T-M-OT,SOT-23_5 PP
R0R82-0805,R0805-05
C680P-0805-50V-5P-C0G,0805-09 PP
RAA211412GP3-JA0,SOT-23_6
LD39200DPUR,DFN-8 4X4
KSZ8995MAI,PQFP128-23.2x17.2x3.4 0P5
SN74LVC1G125DBVRAGIL,SOT-23_5 PP
PMBT2222AAGIL,SOT-23JEDEC
C2P-0603-10V-5P-C0G,0603-08
DFE252012P-2R2M=P2,1008-09 PP
R4K87-0805,R0805-05
RMLV0416EGSB-4S2AA,TSOP44
EMMC04G-MK27-C01C,LFBGA153 11X13X0.80
PCA9306DC,VSSOP8 DCU PP
STM32H725IGT6,LQFP176-0.50
R160K-1206,R1206-05
R887R-0603,0603-05
NINAB416,NINA-B3x2
MS8607-02BA01,QFN8 5X3X1
C30P-0402-50V-1P-C0G,0402-05
1206L035-30WR,1206-05
TCAN1051HVDRQ1,SOIC8 PP
LM5085QMYE,MSOP8 PP
NXB0104PW-Q100J,HTSSOP14 PP
SI8600AC-B-IS,SOIC8 PP
M74HC132YTTR,HTSSOP14 PP
NXS0104PW-Q100J,HTSSOP14 PP
TLV1811LDBVR,SOT-23_5 PP
16SVF1000MX,ALUG PP
SG75,1812-09
ADN4651BRSZ,SSOP20 PP
AD7793BRUZ,TSSOP16-0.65 PP
PCA9848PWJ,TSSOP24 PW PP
Si8602AC-B-IS,SOIC8 PP
R0R01-2010-2W,R2010-06
1206L010-60WR,1206-05
SML-D12D8WT86C,0603-03 PP
V8PAM10-M3-I,DO-214AC PP
2N7002KQBZ,XDFN3-1.1x1
SSM3K341R-LF,SOT-23-B1JEDEC
ISO7761FQDWQ1,SOIC16 GOSMS ILL PP
1SS403-H3F,SC-76
MF-NSMF200-2,1206-05
INA851RGTT,VQFN16 3x3x0.75
SML-D12V8WT86C,0603-05
TMUX7411FRRPR,QFN16 4x4x075 P065 PP
150060BS55040,0603-03 PP
SML-D12Y8WT86C,0603-03 PP
BZX384-A30-QX,SOD323 PP DIODE
SP4021-01FTG-C,SOD323 PP DIODE
BZX384-A16-QX,SOD323 PP DIODE
74HC573D,SO20
FHS-AH-600,SOIC8 PP
GO_SMS,SOIC16 D PP
GO_SME,SOIC8 PP
R68R-2512-1W,2512-06
ACPL-P345,SOIC6 PP
C47P-0603-25V-5P-C0G,0603-05
HMC547LP3E,QFN16-0.5 PP
MC74AC138DTR2G,TSSOP16-0.65 PP
C10N-0402-50V-10P,0402-05
DFE32CAH1R0MR0L,1210-20 PP
VS-8EWF06S-M3,DPAK
74AC139MTCX,TSSOP16-0.65 PP
LT1963AES8,SOIC8 PP
74AC04MTC,HTSSOP14 PP
C24P-0603-50V-5P-C0G,C0603-08
CC33U-D8X11-50V-20P,ALUF PP
CC100U-D10X12.2-35V-20P,ALUG PP
CC68U-D8X11.7-25V-20P,ALUB PP
CC100U-D10X12.4-25V-20P,ALUB PP
R22K6-0805-25PPM,R0805-05
C100P-0603-10V-10P-X7R,0603-08
LMS3655MMRNLR,VQFN-HR-22
R41K2-0805-25PPM,R0805-05
NC7SZ373P6X,SOT-323_SC-70_6
NFM21P474R1C3D,0805-09
LM224DR2G,SOIC14
MBRS130L,SMB PP
IRFL024N,SOT-223JEDEC
CC220U-D10X12.4-25V-20P,ALUB PP
C270P-1206-16V-10P-X7R,1206-14
CC10U-D4X5.5-10V-10P,ALUB PP
MINISMDC160F,1812-09
C10N-1210-50V-5P-C0G,1210-20 PP
BZX84C3V6LT1G,SOT-23 LENT PP
INA138NA-3K,SOT-23-5
AD9833BRMZ,MSOP10
TLV320AIC3107,WQFN40 5X15X0.8
SST201,SOT-23
TPS3307-18DGN,MSOP-E-8 PP
TPS54283PWP,HTSSOP14 PP
AD607ARSZ,SSOP20 PP
TLE4284DVATMA1,TO-252 PP
R1K82-0603-25PPM,R0603-04
ISD1620BSY,SOIC16 D PP
TMS320F2809PZS,LQFP100-0.50 PP
FL2000038,SMD-4
BAS32L115,SOD 80
R1K5-0603-25PPM,R0603-04
5.0SMDJ30A-Q,SMC PP
LTC6820IMS,MSOP16 4x5x1 P.5 Linear
SQM40P10-40L,TO-263
SI2387DS,SOT-23JEDEC
TPSMF4L28A,SOD123Flat PP
R0R01-2010-2W-75PPM,R2010-06
R510K-0603,R0603-04
R75R-0603,R0603-04
C1U-0603-25V-10P-X7R,0603-05
SBR20A100CTB,TO-263
1SS403H3F,SOD323 PP DIODE
R1K-0402,R0402-03
BAS20,SOT-23JEDEC
OPA2387DGK,MSOP8 PP
IS25LP080D-JNLA3,SOIC8 PP
INA597ID,SOIC8 PP
OPA2182IDGK,MSOP8 PP
OPA191IDGK,MSOP8 PP
LM5020MMX-1,MSOP10
SI4848DY,SOIC8 PP
TPS7A2025PDBV,SOT-23_5 PP
CT22U-B-16V-20P-1R9,B TANTAL
MJB41C,TO-263
MJB42C,TO-263
SMAJ36CA,DO-214AC
C220N-0805-50V-20P-Y5V,0805-09 PP
LFE5U-12F-6BG256I,LFBGA-256
BC846BPN,TSSOP6
R12R-0603-25PPM,R0603-04
C0P5-0603-50V-0P25-C0G,C0603-08
MAX3280EAUK,SOT-23_5 PP
TLV62568PDDC,SOT-23_6 LENT
C10U-1206-16V-10P-X5R,1206-14
R35R7-0805-25PPM,R0805-05
C470P-0603-100V-5P-C0G,C0603-08
BLM21AG601SN1D,0805-05
AS393M,SOIC8 PP
TLC073CD,SOIC14 N 150 mil SL PP
CT3U3-B-35V-10P-3R5,B PP
NCS2005SN1T1G,SOT-23_5 PP
LD29150DT50R,DPAK
74HCT541PW,TSSOP20-0.65 PP
LQW18CNR47J0ZD,0603-08
R0R5-0805,R0805-05
R12R7-0603,R0603-04
EZJ-P0V220HM,0402-05
LQW18AN82NJ00D,0603-08
AP112,SOT-89-B1JEDEC
NSVR0170HT1G,SOD323 PP DIODE
CB2012T100MR,0805-09 PP
MMBT2222,SOT-23JEDEC
C100N-0805-50V-20P-Y5V,0805-05
74HC1G02,SOT-353-1 PP
HF376,RELAIS8ASYM 14.5x7.2x10.4
TLC073CDR,SOIC14 N 150 mil SL PP
NLVVHC1GT08DFT1G,SOT-353-1 PP
SN74F521DWR,SOIC20 DW PP
CD74HC75PW,TSSOP16-0.65 PP
HMC199AMS8E,MSOP8 PP
MC74VHC1G32DTT1G,SOT-23_5 PP
74HCT30D,SOIC14 N 150 mil SL PP
HMC681ALP5E,VQFN32 5.2x5.2x095 0P5 PP
MCFT000097,0603-08
PLCC-2,PLCC-2
C180P-0603-50V-5P-C0G,C0603-08
MCFT000102,0603-08
MCFT000099,0603-08
AA3528LEC,PLCC-2
MCFT000098,0603-08
SN74LVC1G3157DBV,SOT-23_6
APTD3216LCGCK,1206-LED-07
74AHC1G00DCKR,SOT-353-1 PP
SN74AHC1G86DBVR,SOT-23_5 PP
MCFT000129,0805-09
MCFT000157,0805-09
MCFT000100,0603-08
DSPIC33CK128MC505-H-M7,DSPIC33CK128MC505-H-M7
ISO7741QDW,SOIC16 DW PP - WB ONSEMI
IFSC1111ABER100M01,IND2 2512 1008CS - SILOUH
DFLS1100Q,SOD123 POWERDI PP
TA2003A,DFN6 B3717 PP Pin1-long
SMMDL6050,SOD323 PP DIODE
SZ1SMA33CA,SMA PP
TLV9002QD,SOIC8 PP
TMP127EDBV,SOT-23_6
SN6505BQDBV,SOT-23_6
LMR50410Y5FQDBV,SOT-23_6
TCAN1044AVD,SOIC8 PP
ADS131B02QPW,TSSOP20-0.65 PP
OPA388QDBV,SOT-23_5 PP
E676-0008-004,E676-0008-004
CT10U-B-10V-10P-0R8,B Z PP
IFSC1515AHER2R2M01,B Z PP
XFL2005-151ME,XFL2005-151ME
PESD2CANFD24L,SOT-23JEDEC
CAT24C256YI,TSSOP8 PP
NSI50150ADT4G,DPAK
C2U2-0201-10V-10P-X5R,0201-03 PP
C9P-0402-50V-0P5-C0G,0402-05
R5K1-0402-10PPM,0402-03 PP
MBR120LSF,SOD123Flat PP
NSS30101,SOT-23JEDEC
SI2343CDS,SOT-23JEDEC
BZX84-C6V8,SOT-23JEDEC
LQM21PN1R0MGHL,0805-05
S28HS512TGABHM010,BGA24-8x6x1 1P PP
830009706,SMD-2
ASFC8G31M-51BIN,VFBGA153 - 11.5x13
AM6254ATCGHAALW,VFBGA-425 13X13
TPS65150PWP,HTSSOP24- 7.9X6.6X1.2
TPS6521903RHBR,VQFN32 5x5x.85 0P5 MARK1
HAL3735DJ-A,SOIC8 PP
TPS22965DSG,WSON8 2x2x.8 0P5 PP
EEHZC1H470P,ALUF PP
PDTD123TT,SOT-23JEDEC
TPS629210DRLR,SOT-583 - 1.3X2.2X0.6
SN74AVC8T245RHL,VQFN24 5.5x3.5x.9 0P5 RGY
MT40A1G16KD-062E-IT-E,BGA96 14x9.5x1.1 0P8 HBA
MBR310AFC-AU,DO-220AA - SMP
THS4012CD,SOIC8 PP
AP7331-25WG,SOT-23_5 PP
M24C08-RDW6TP,TSSOP8 PP
VLS5030EX-330M-D,VLS5030EX-330M-D
IS25LP128-JMLE,SOIC16 D PP
511FBA125M000BAG,SMD-6 7X5X1.5
ECS-250-8-33-JGN,SMD-4 2.5X2
C2N2-0603-50V-10P-X7R,C0603-08
511FBA156M250BAG,SMD-6 7X5X1.5
TPSM82903SISR,LDFN 3x2.8x1.5
SP3010-04UTG,UDFN10-2.5X1.0X0.5
XC7A100T-2FGG484I,LFBGA 23X21X2.2
LQH3NPN1R0MMEL,LQH3NPN1R0MMEL
XBRD3V136-0,QZ7X5 PP
LP2980IM5-5.0,SOT-23_5 PP
R6M2-2512-1W,2512-06
ADS1203IRGT,QFN16 3x3x.7 0P5 PP
ECS-2520MVQ-250-BS,QZ2.5X2
CC47U-D6X5.4-35V-20P,ALUD8 PP
C39P-1206-3KV-5P-C0G,1206-14
74LVC2G86DC,VSSOP8 DCU PP
DS25BR100TSD,WSON8 3x3x.75 0P5 PP
C47N-1210-50V-10P-X7R,1210-06
8SLVD1204-33NLGI,VQFN16 3x3x0.75
74ALVC164245DGG-QJ,TSSOP48-0.50-BW:6.1
STEF4SPUR,DFN-10 3x3x0.7 P0.5 PP
TS881ILT,SOT-23_5 PP
MCP4024T-103EOT,SOT-23_5 PP
0805PS-103K,IND 2.4X2.7-2.4 Z PP
VPC3CLF3,QFN44 6ES7.195OBD AUTO
2ED2110S06MXUMA1,SOIC-16
ASV-48.000MHz-LC,SMD-4
TLV3601DBVR,SOT-23-5
742792117,1206-14
R0R01-2512-7W,R2512-06
R1M3-2512-1W,R2512-06
R7FA6M5BH3CFBBA0,LQFP144-0.50
MAX17205G,TDFN14 3x3x1 0P5
NCP4625HSN33,SOT-23_5 PP
FCHP0402E1000BST1,0402-03 PP
ABM8AIG-8.000MHZ-1Z,1008-09 PP
87438-0343,1008-09 PP
87438-0543,1008-09 PP
B3U-1000P,1008-09 PP
3312J-1-103E,1008-09 PP
BFCN-7700,1008-09 PP
C4U7-0805-100V-10P-X5R,0805-09 PP
BAS16LTH-G3-08,DFN1006-2
BB-HRGB32M-TRB,LED4 3.2x2.8x2.4 BB-HRB
T810T-8G,D2PAK
LF33CDT,TO-252 PP
LMX2594RHAR,VQFN-40
ECS-480-10-37B2-RWN,QZ2.5X2X1 PP
74LVC125AD,SOIC14 N 150 mil SL PP
PE4251,MSOP8 PP
BZT55C5V6-GS08,SOD 80 PP
SI2319DDS,SOT-23JEDEC
SN74LVCH245ADW,SOIC20 DW PP
SFH7776,SFH7776
IL4118-X007,SO6-ASSR1611
PACDN005Q,SSOP24 DBQ PP
SN65LVDS391D,SOIC16 D PP
TB5D2H,SOIC16 D PP
SN65LVDS104D,SOIC16 D PP
SN65LVDS388ADBT,TSSOP38 6x9x1.2 0P5 DBT
7443251000,IND 10x10x4.7
ISO1044BD,SOIC8 PP
BSR316P,SOT-23JEDEC
BLM31SN500SN1L,1206-14
LMR38010FSQDDARQ1,SOIC8 PP
ISO1432DW,SOIC16 DW PP - WB ONSEMI
TPS7A4001DGNT,HVSSOP8 DGN = VSSOP8PwPd
SUM110P08-11L,TO-263
ADUM5028-5BRIZ,SOIC8 - ADUM5028-5BRIZ
SMDJ54CA,DO-214AB
INA228AIDGS,MSOP10
EEVFK2A101M,SMB SMAL PP
RR1k-1206,1206-05
SS16HE,SOD323F 0.8 PP
R52K3-0402,R0402-03
C100N-0603-25V-20P-Y5V,0603-05
SI7469DP,POWERFLAT8 5X6 PP
R47R-2512-2W,R2512-06
R2K-2010-2W,R2010-06
C1N-0402-25V-10P-X7R,0402-05
BLM15HD182SH1D,0402-05
ABS07-LR-32.768KHZ-6,SMD-2
LQG15HN2N7B02D,0402-03
LQG15HN1N8B02D,0402-05
Accur-QFP64,Accur-QFP64
Accur-0402,Accur-0402
AZ1117CH-3.3,SOT-223JEDEC
CAT25160YI,TSSOP8 PP
R40K-0805,R0805-05
ISE0505A,MODULE-3C 11x9 RN4870
IPS2200BI1W,TSSOP16-0.65 PP
FDN359AN,SOT-23JEDEC
R620R-1210,1210-06
ADG1208YRUZ,TSSOP16-0.65 PP
M93C86-WMN6TP,SOIC8 PP
FDMS0312AS,POWERPAK SO-8 SINGLE AUTO
TLV9151IDBV,SOT-23_5 PP
C12N-0402-50V-10P-X7R,0402-05
CRA3A4E101JB,1206-05 PP RR
BC807-40T3,SOT-23 PP
TL064CD,SO14
B40940A8107M000,ALUG PP
BZT52-C12S,SOD323 PP DIODE
BLM18PG331SN1D,0603-08
C82N-0805-100V-10P-X7R,0805-05 AUTO
STM32F446RET6,LQFP64 10X10
R180R-0402-25PPM,R0402-03
MLX91221KDC-ABR-038,SOIC8 PP
MLX91221KDC-ABR-050,SOIC8 PP
B57343V5103F360,R0603-04
C33N-0603-50V-5P-X7R,C0603-08
IAUC100N08S5N031,TSSOP8 3x3x.8 POWER PAD
TLV3602DGK,VSSOP8 PP DGK
MP6537GV,VQFN28-5x4x1
MA600,QFN16 3x3x0.85
ADP195ACPZ,UDFN6 2X2mm EP0.6 PP
BGT24MTR11,VQFN32 5.5X4.5X0.9
SY89295UTG,TQFP32-0.80 PP
ADG722BRM,MSOP-E-8 PP
XFL3012-472ME,IND2 3x3x1.1 XFL3012
MP1479GTF,SOT-563 PP
LM4051AIM3-ADJ,SOT-23JEDEC
MMSZ4691,SOD123W PP
C4U7-0603-35V-10P-X6S,0603-04
MAX9371ESA,SOIC8 PP
SN65EPT21D,SOIC8 PP
74LCX540MTC,TSSOP20-0.65 PP
CMD17-21VRC,0805-05
STM32G474RBT3,LQFP64 10X10
TS5A3359DCU,VSSOP8 DCU PP
SBR130S3-7,SOD323F
B82790S513N201,SOIC4 PP 6X
TLP293-BL-E,SOIC4 PP
R140R-0603-25PPM,R0603-04
C22U-2220-100V-20P-X7S,2220-25 PP
CC220U-D10X10.5-50V-20P,ALUG PP
R909K-0402,0402-05
C20P-0402-50V-1P-C0G,0402-05
R100K-0402-5PPM,R0402-03
R0R002-2010-2W-75PPM,R2010-06
R1K18-0402,R0402-03
R20K-0402-10PPM,R0402-03
R2K8-0603-25PPM,R0603-04
R390K-1210-0W5,R1210-06
R47R-0805-25PPM,R0805-05
NCA9535PW-Q100J,TSSOP24 AP Serie NXP
74CBTLV3257GUX,XQFN16 2.6x1.8x0.5 P0.4
LTC6820HUDPBF,QFN16 3x3x.7 0P5 PP
74HC132BQ-Q100X,DHVQFN14 3x2.5x1 P0.5
BZX384-A3V3-QX,SOD323 PP DIODE
LTC4372HMS8TRPBF,MSOP-E-8 PP
SDM02U30LP3-7B,0201-018 PP
R0R002-1206-1W-75PPM,R1206-05
LTC7061IMSEWTRPBF,MSOP12 4x5x1.1 P.65 AnDev
DP83867ERGZT,VQFN48 PP
SBR02U100LPQ-7,0402-05
GAN3R2-100CBEAZ,GAN3R2 3.5X2.13
R732R-0603-25PPM,0603-05
053398-1271,053398-1271
ABM3BAIG-25.000MHZ-1Z-T,QZ 5x3.2x1.1 4Pins Abra
TPS22965TDSGTQ1,WSON8 2x2x.8 0P5 PP
SSM6N815R.LF,TSOP6 PP
NSV60101DMTWTBG,WDFN6-2x2x.75
PGA855RGTR,VQFN16 3x3x0.75
SI2387DS-T1-GE3,SOT-23 PP
74LVC1G74GS.115,XSON8 1.3x1 0P55 SOT1059
SQS414CENW-T1_GE3,PowerPAK-1212-8
AD5761BRUZ-RL7,TSSOP16-0.65 PP
ADR4525WBRZ-R7,SOIC8
TLV3201AQDCKRQ1,SOT-23_5 smt3
ADA4622-2ACPZ-R7,WFDN8 3X3
SQ2398ES-T1_GE3,SOT-23 PP
TSC1031IYPT,TSSOP8 PP
NTMFS015N15MC,POWERPAK SO-8 SINGLE AUTO
SRP4020FA-3R3M,SRP4030
R0R004-1206-1W-75PPM,R1206-05
TLV9061QDBVRQ1,SOT-23_5 PP
LCXHF6060YEL331MMR,IND 5.5X6-2.75 Z PP
LMR36015FSCQRNXTQ1,VQFN12-3x2x.85 0P65P5 HR
RB168LAM100TFTR,SOD128 PP
LT8330HDDBTRMPBF,DFN8 3x2x.55 0P5 PP
CC12H10A-TR,1206-05
NTSB30100CTT4G,D2PAK
SQM50P08-25L_GE3,D2PAK
LTC3897HUHFPBF,QFN38-7x5x.75 0P5 PP
ADP5070ACPZ,QFN20 4x4x.9 0P5 IML Alex
SF-1206HH1500R-2,1206-05
SRN3015BTA-220M,SRN3012TA
TPSMD28CA,DO-214AB
LM5085QMYE-NOPB,HVSSOP8 DGN = VSSOP8PwPd
SM24CANB-02HTG,SOT-23
SF-1206HH1000R-2,1206-05
2N7001TDCK,SC-70-5 2x2x1 0P65 Micrel
LTC7890RUJMPBF,QFN40-0.5 Z PP
6TPF330M9L,D PP
CMDSH-3,SOD323 PP DIODE
25SVPF100M,ALUE PP
8T49N240-994NLGI,VQFN-40
8P34S1102NLGI,VFQFN16 PP
LTC2937CUHE,QFN28-5x6 LTC2937CUHE
LTC2955CTS8-1,TSOT-23-8 PP
C270P-0402-50V-5P-C0G,0402-05
LTC6754HUD,QFN12 3x3x.75 0P5 ACPZ
SIR882ADP,POWERPAK SO-8 SINGLE AUTO
LTC4368IMS-1,MSOP10 PP
ADA4897-1ARJZ,SOT-26
BSC011N03LSI,POWERPAK SO-8 SINGLE AUTO
BSC052N03LS,POWERPAK SO-8 SINGLE AUTO
BLM18SG330SN1D,0603-05
R475R-0603,R0603-04
R12K7-0402,R0402-03
LTC3880EUJ,QFN40-0.5 Z PP
PCS1206FR0010ET,1206-05
5AGXFB7K4F40C5G,FCBGA1517 40X40
0805CS-102EKFS,0805-CS
MT28FW02GBBA1HPC-0ATT,LBGA64-13X11
LTC2916ITS8-1,TSOT-23-8 PP
R43K-0805-0W5,R0805-05
R1K5-0805-0W5,R0805-05
R200R-0805-0W5,R0805-05
C1N-0805-500V-10P-X7R,0805-09 PP
MMBT3906LP,MMBT3906LP
MPX1D1040L6R8,IND 10x10x4.7
1SMB5925B,SMB PP
DG468DV,SOT-23_6
TLV9301IDBV,SOT-23_5 PP
R270R-0805-0W5,R0805-05
TLP2270,SOIC8 DWV PP
R27K4-0805-25PPM,R0805-05
R3K3-0805-0W5,R0805-05
C8P-0603-50V-0P1-C0G,0603-08
R45K3-0805-0W5,R0805-05
LTV-247,SOIC16 9X7.5
C330P-1206-2KV-10P-X7R,1206-14
MCL1608V1-100,0603-05
C1N5-1206-2KV-10P-X7R,1206-14
R17K4-0805-25PPM,R0805-05
TLV9302ID,SOIC8 PP
ISO7730DW,SOIC16 D PP
ULN2003AID,SOIC16 D PP
TLV9304ID,SOIC14 N 150 mil SL PP
FSA5157P6X,SOT-323_SC-70_6 PP
SM15T33CA,DO-214AB
LBEE5KL1YN-814,LGA46- 7x5 Pad latter PP
C2U2-1206-100V-10P-X7S,1206-14
R68K-0805-25PPM,0805-05
C36P-0402-50V-5P-C0G,0402-05
LM4040B30F,SOT-23JEDEC
MCP6487T-EMS,MSOP8 PP
LM337IMPX,SOT-223JEDEC
AP3031KT,SOT-23_6
824500500,SMA PP
24CW1280T-IOT,SOT-23_5 PP
APX803L20-29SA,SOT-23JEDEC
FSUSB42UMX,UQFN10 1.4X1.8
PMEG3010EP,SOD128 PP
MX25LM25645GXDI00,FBGA24-8x6x1.2 1P PP
R7FA4M2AB3CNE-AA0,VQFN48 PP
R7FA8D1BHECFC,LQFP176-0.50
DRV425RTJT,QFN20 4x4x.9 0P5 PP
SM5819L2,DFN1006-2
SDE0604A-120M,0604
IPB050N10NF2SATMA1,TO-263
R0R2-1206-0W5,R1206-05
1.5SMC30CA,SMC PP
AD8031ARTZ,SOT-23_5 PP
MBRD835,DPAK
CT68U-C-16V-20P,C PP
R0R27-2512,R2512-06
LPC55S06JHI48QL,VFQFN48 7x7x0.9 P0.5
QPA2735,QFN16-4X4
QPA2606,QFN16-4X4
USB5806C-IKD,VQFN100 12X12
LMR51450SDRR,WSON12 3x3x.75 0P5 PP
XAL5030-222MEB,POWER INDUCTOR
2N7002H6327,SOT-23 PP
XAL6060-472MEC,POWER INDUCTOR 6.4X6.5
AT24CM02-SSHM,SOIC8 PP
ADM7155ACPZ-04,WFDN8 3X3
TJA1042T,SOIC8 PP
AP7387-50SA,SOT-23JEDEC
OPA387DBV,SOT-23_5 PP
ISO7720DWV,SOIC-8
R84K5-0805-25PPM,0805-05
MMZ1005Y102C,0402-05
MLZ1608M100W,0603-05
BC846BS,SOT-323_SC-70_6 PP
TLV74325PDBV,SOT-23_5 PP
R470K-0805-0W5,R0805-05
R47K-0805-0W5,R0805-05
R4M7-0805-0W5,R0805-05
BAV99LT1G,SOT-23 3x2.5x1 1P9 DBZ Ti
NSI50010Y,SOD123W PP
MMDT5451,SOT-323_SC-70_6 PP
R470R-0603-5PPM,R0603-04
R680R-0805-5PPM,0805-05
SN6505BDBV,SOT-26
MMB0207MC2204FB200,MELF MMB0207 PP
ABM8AIG-16.000MHz-12-2Z,SMD-4 3.2x2.5
C1N-0402-50V-5P-C0G,C0402-05
C4U7-0603-10V-10P-X5R,C0603-08
B82793S0513N201,B82793
STM32U585RIT3,LQFP64 10X10
ADS131M04IRUK,WQFN20 3x3 PP
S25FL064LABNFV040,USON8-4x4x.55 0P8 PP
APT1608SEC-J3-AMT,0603L
R0R680-1206,R1206-05
ACASN1001S1003P1AT,0606-05 RRX2 ACAS0606
AL8860WT-7,SOT-23-5
DFLS1200,SOD123 POWERDI PP
NCV272DR2G,SOIC8
BAT42W-HE3-08,SOD123
TLP172GM-TPLE,SOP4 6x4x2 2P5 CPC1010
LQH3NPN100MMEL,LQH3NPN1R0MMEL
74404084680,SMD-2 5.0x5.0
TMP117NAIDRV,WSON6 1.9x1.9
TLV9001IDCK,SOT-353-1 PP
TS3A5223RSW,UQFN10 1.4X1.8
REF35360QDBV,SOT-26
APT1608SYC-J3-AMT,0603L
RN73H1JTTD1242A05,0603-03 PP
R150R-0603-10PPM,R0603-04
R36R-0201,R0201-02
BZB84-B15215,SOT-23JEDEC
R2K61-0603-0W1,R0603-04
C1U-0805-10V-10P-X7R,0805-09 PP
SK36SMA,SMA PP
CHP2512AFX-47R0ELF,2512-06
ISO7421DR,SOIC8
MC3486DR,SOIC16 D PP
LQH3NPN470MJRL,IND2 2.5x2x1 SRN2510F
NX3225GB-16M-STD-CRA-2,SMD-2
VLMS233T1V1-GS08,VLMS233T1V1-GS08
C1N-0805-16V-10P-X7R,0805-05 AUTO
C2012X6S0J226M085AC,0805-05
C100N-0201-10V-10P-X7R,C0201-03
C560P-0805-50V-5P-PPS,0805-05
C1N-0805-50V-5P-PPS,0805-05
R500R-1206-25PPM,R1206-05
SSM3K15ACTL3F,DFN1006-3 PLATEAU
SN74LV1T08DBV,SOT-23_5 PP
SN74LVC1G08MDCKREP,SOT-353-1 PP
R392R-1206-10PPM,R1206-05
R45K3-0402-25PPM,R0402-03
AD8675ARMZ,SOIC8-W
TLV4041R2YKAR,DSBGA4-1.05x0.7 AUTO
ADA4177-1ARMZ,MSOP8 PP
AD8674ARUZ,TSSOP14-0.65 PP
LT5400BCMS8E-7,MSOP-E-8 PP
ADA4622-1ARZ,SOIC8 PP
TMUX6219DGKR,VSSOP8 DGK PP
ACS725LLCTR-05AB-T,SOIC8 PP
STM32H723ZGT6,LQFP144-0.50
LMR14010ADDCR,SOT-23_6
SN74LVC2G06DCKR,TSSOP6
1206GC102KAT1A,1206-14
DRV8316CRRGFR,VQFN-40 5X7X1
DRV595DAP,HTSSOP32
C2U2-0402-16V-10P-X5R,0402-05
TPS7A5701RTER,WQFN16 2.9x2.9
ECS-2520MVLC-100-CN-TR,SMD-4 2.5X2
IMX426IIJ-C,IMX426IIJ-C
CSD13380F3T,CSD13380F3
DSPIC33EP512GP502-E-MM,QFN28-0.65
TLVM13640RDLR,TLVM13640RDL
TXU0101DTQR,TXU0101DTQR
2567653,0402-05
ADP7157,LFCSP10
LITE-DVU-V2,QFN72-10X10-0.9 Z PP
74269262601,0603-05
CT100U-D-16V-10P,D TANTAL
LM324M,SOIC14
INA117KU,SOIC8
APT1608EC,0603-05
C22P-0402-50V-10P-X7R,C0402-05
C22U-0805-6V3-20P-X6S,0805-07 PP
885012104013,0201-03 PP
R130R-0201,R0201-02
ADP7142ARDZ-5.0,SOIC8 PP
SDCL1V4020-4R7M-R,INDUCTOR 4X4
AP64501SP-13,SOIC8 PP
R0R3-0402,R0402-03
93LC56BT-E_OT,SOT-23_6
CDBQR0130R,0402-05
C22P-0402-50V-10P-X5R,0402-05
DFLT12A7,SOD123 POWERDI PP
ADN8834ACBZ,WLP25-2.54X2.54
DG9409EDN-T1-GE4,QFN16 4x4x075 0P65 L=4
744791220,1206-05
0603ESDAMLP7,0603-05
Feast-V2,QFN32 5.2x5.2x095 0P5 PP
LITE-DTU-V2,QFN72 10x10x.9 0P5 PP LFC
CATIA-V2,LQFP100-0.50
P1K0.0805.2ST.B,0805-05
LB M673-L1N2-35,0805-LED
OPA2990IDSGR,WSON8 2x2x.8 0P5 PP
C18P-0402-50V-10P-X7R,C0402-05
LinPOL12V,DFN8-2x2x.9 0P5 PP
C1U-0402-50V-10P-X7R,0402-05
C120N-0402-25V-10P-X5R,0402-05
TMP1075DGK,VSSOP8
C10U-0402-50V-10P-X7R,0402-05
SN74AUP1G06DBV,SOT-23-5
USB2512B-I-M2,QFN36 6x6x.5 0P5 PP
ATMEGA128L-8MU,QFN64 10x10x1 J0.5 PP
SN65LVS048APW,TSSOP16 2.65 PP
IN-S63AS5B,LED-0603 1.6x0.8x0.4 Wurt
SN65LVDS048APW,TSSOP16-0.65 PP
LT3080EQ,D2PAK 5
CP2102N-A02-GQFN20,QFN16 3x3x.9 0P5 detrpUMS
HSMG-C120,LED-0603 1.6x0.8x0.4 Wurt
PIC16F1933-I-MV,QFN28-4x4x1 PP
MIC4606-2YTS-CT,TSSOP16-0.65 PP AUTO
0466-500NR,1206-05
SMC5K51A-M3-I,DO-214AB
TMP236AQDBZRQ1CT,SOT-23
LY Q396-P1Q2-36,LED-0603 1.6x0.8x0.4 Wurt
T491D107K016AT,TANTAL T495 6X3.2
744373240047,SMD-2 5.0x5.0
Si3410DV,SOT-26
R1K-2010-1W,R2010-06
T491B106M016,B TANTAL
0805L150/12SLYR,0805-05
LTST-C190KRKT,0603-05
TLV9002IDR,VSSOP8
STM32L476VGT,LQFP100-0.50
TLV9004IPWR,TSSOP14-0.65 PP
TPS22992SRXNR,WQFN8-2x2x.8 0P5 PP Asym
SI6423DQ-T1-GE3,TSSOP8 PP
TPS61288RQQ,VQFN11 2x2x1 0P5 RWL Ti
LTC4412HVIS6,TSOT-23-6 2.8x2.9x1 0P95
R357K-0603,R0603-04
R0R2-2512-1W-15PPM,R2512-06
NCV8161ASN330,TSOP5 ONSEMI PP
PDS760-13,TSOP5 ONSEMI PP
NCP718BSN300T1G,TSOT-23-5 PP
MCP6241T-E-SN,SOIC8
LM4050AIM3-2.5,SOT-23JEDEC
LM4050CIM3-5.0,SOT-23JEDEC
BQ24090DGQ,MSOP10
CT10U-B-16V-20-2R8,B TANTAL
AD8676BRMZ,MSOP-E-8 PP
SIP32411DR,SC70-6
MCP6442-ESN,SOIC8 PP
R1K-1206-25PPM,R1206-05
C100U-2220-25V-20P-X7R,2220-16
C1U-1206-25V-10P-X7R,1206-05 LENT PP
R68K-1206-2PPM,1206-05
R2K2-0805,R0805-05
R1K-0805-2PPM,R0805-05
R1M-1206-10PPM,R1206-05
R1M-1206-25PPM,R1206-05
C1P-0603-50V-0P1-C0G,0603-05
R2K5-0603,R0603-04
BCX56-16,SOT-143JEDEC
PC357N4J000F,MINIFLAT-4
PSMN011-60MSX,LFPAK33-8
R390R-0805-0W33,R0805-05
HV9910CLG-G,SOIC8
R7K5-0805-0W33,0805-05
R560R-0805-0W33,R0805-05
R8K2-0603-10PPM,R0603-04
LW07-S,SOIC8
MMB0207MC4704FB200,MELF MMB0207 PP
CDBHM160L-HF,SOP4 PP
C22P-1808-2KV-10P-C0G,1808
RB060MM-60TR,SOD123 F
IIS3DWBTR,LGA14-3X2.5-0.85 PP
R400R-0603,R0603-04
R1K-0805-0W5,R0805-05
MM1-0626,QFN12 3x3x.8 0P5 DQ1225
C4N7-0402-50V-5P-X7R,0402-05
BAV199S,SOT-363 PP
BZX585-C6V2,SOD523 PP
MAX31865ATP,QFN20 4.5x4.7x2.5 0P65 PP
TCAN1044AVDRQ,SON8 3X3-0.75 PP
STM32H753IIT6,LQFP176-0.50
REF3133AIDBZT,SOT-23 LENT PP
APTD1608SYC-J3,0603-05
TCA9548APWR,TSSOP24 PW PP 6.4
IIS2MDCTR,LGA12 2x2x.7 0P5 PP LIS2D
NTJD4401NT1G,SOT-363 PP
TLV9002IDDFR,TSOT-23-8 PP
SN65HVD72DRBT,SON8-3x3x1 0P65 PP
ESDALC6V1-1U2,0201-03 PP
IMP23ABSUTR,microSMD
ASE-48.000MHZ-LC-T,SMD-4 2.5X2
INA2180A1IDGKR,MSOP8 3x5x1.1 0P65 AnDev
PMEG6002EB,SOD523 PP
CRCW08057R50FKEA,0805-05
CC0805FKNPO9BN222,0805-05
SN74LVC2G14DBVR,SOT-23_6
1206L020YR,1206-05
SM712-02HTG,SOT-23 LENT Z PP
BSS84AKM,SOT883
EMIF06-MSD02N16,DFN16 3.3x1.3.x.5 0P4 PP
DTC043ZEBTL,SC89-3 PP
DMN3404L-7,SOT-23 LENT PP
SMF24A,SOD123FL
SZESD9B5.0ST5G,SOD923 PP
BZT52C16-7-F,SOD123 PP
C2N2-2211-250V-10P-X7R,2211-22 H PP
C470P-0805-100V-5P-C0G,0805-05
CT416-HSN865MR,SOIC8 PP
MIC5282-3.3YMM-TR,MSOP8 PP
W25N01GVZEIG TR,WSON8 6x8x.75 1P27
B72500D0150A060,0603-05
TPS62932DRLR,SOT-583 - 1.3X2.2X0.6
A1121LLHLT-T,SOT-23 LENT Z PP
C27N-0805-100V-5P-C0G,0805-05
C2U2-0805-100V-20P-X7R,0805-05
TPS3840PL27DBVR,SOT-23_5
CT416-HSN820MR,SOIC8 PP
CRE2512-FZ-R001E-2,2512-06
LMR38020FDDAR,SOIC8 PP
BSC030N08NS5ATMA1,POWERPAK SO-8 SINGLE AUTO
DRV8300UDRGER,VQFN24 4x4x.75 0P5 PP
7447709470,POWER INDUCTOR
744235900,1812-11
MLZ2012A2R2W,0805-05
B72520T0500K062,0805-14 BZX84J-C3V3
TPS2490DGSR,MSOP10 PP
SN74AHCT1G125DCKR,SC-70-5 2x2x1 0P65 Micrel
R1K69-0603,R0603-04
PMEG3030EP,SOD128 PP
R165R-0603-25PPM,R0603-04
CLM3C-WKW-CWBYA453,PLCC-2
SN74LV8151DW,SOIC24 15x10x2 1P27 PP
74HCT595D,SOIC16 D PP
ADG1404YRUZ,TSSOP14-0.65 PP
BZV55-B3V3,SOD-80 PP
C2N7-0603-100V-5P-C0G,0603-05
AD8251ARMZ,MSOP10 PP
ADG1434YRUZ,TSSOP20-0.65 PP
MCP23016T-ISO,SOIC28 PP
MIC2981-82YWM-TR,SOIC18 DW
MIC4468ZWM,SOIC-16
KPFA-3010RGBC-11,LED Couchée KPJA-2017 PP
MCP2562FD-E-SN,SOIC8 PP
744233670,0805-05
PCAL6416AHF,QFN24-4x4x.1 0P5 PP RGE
USL00-30L,USL00-30L
C2N7-0603-50V-5P-C0G,0603-05
R60R4-0603-25PPM,0603-03 PP
DS1374U-33,MSOP10 PP
R1M-1206-0W3-10PPM,R1206-05
UCC27424DR,SOIC8 PP
INA128UA-2K5,SOIC8 PP
AD7980BRMZ,MSOP10
MIC5235YM5-TR,SOT-23-5
C4N7-1812-1.5KV-10P-X7R,1812-05
MCP1525T-I-TT,SOT-23 PP
DAC8550IDGK,VSSOP8-AUTO
SRN3015-100M,IND 3x3 PP SNR3015
R2K4-1206,R1206-05
MKE02Z16VFM4,QFN32 5.2x5.2x095 0P5 PP
STM32F103VDT6,LQFP100-0.50 PP
FDC6333C,TSOT-23-6 2.8x2.9x1 0P95
NCP1529ASNT1G,TSOP5 ONSEMI PP
R332R-0402,R0402-03
LT3467ES6,TSOT-23-6 2.8x2.9x1 0P95
VLMY235T2V1,LG M676
VLMO235U1V2,LG M676
OPA1642AIDGK,VSSOP8 PP DGK
LM4040CYM3-4.1,SOT-23 PP
LM4040A30IDBZ,SOT-23 PP
R5K23-0402,R0402-03
TLC072IDGN,VSSOP8
AD8607ARMZ,VSSOP8
24LC16B-ISN,SOIC8 PP
R21R5-0402,R0402-03
R221R-0402,R0402-03
TLC5925IPWR,TSSOP24 AP Serie NXP
LC03-3.3,SOIC8
ASMT-YTB2-0BB02,6-PLCC
TLVH432BQDBZ,SOT-23 PP
LP2985A-25DBV,SOT-23_5 PP
P6SMB36CA,SMB (DO-214AA)
AD5764CSUZ,TQFP32-0.80 PP
CT100U-D-16V-20P-0R125,D TANTAL
CT22U-B-10V-10P-0R4,B TANTAL
MP1470GJ,TSOT-23-6 2.8x2.9x1 0P95
CPDV3V3A-HF,SOD323 1.2x2.5x1 SC-76
OPA2376AIDGK,VSSOP8 DGK PP
NLCV32T-101K-PF,1210-06
AD8030ARZ,SOIC8
SN75452BD,SOIC8 PP
HSMS-C110,LED COUCHER Z PP
R4K7-0805-0W25,R0805-05
TCLT1009,SOP4 10x10x2 2P5 PhotoGU
R1K96-0805,R0805-05
R47K-2512-2W,R2512-06
C7P-0603-50V-0P1-C0G,0603-05 LENT PP
PCF85263AT-AJ,SOIC8
SN75176ADR,SOIC8
DAC80004IPW,TSSOP14
MCP6021-ESN,SOIC8 PP
R4K7-0805-0W25-25PPM,R0805-05
PMEG2010BEA,SOD323 PP DIODE
MAX3072EESA,SOIC8 PP
KP-2012MGC,LED-0805x1.05 1P King
STMPS2151S,SOT-23-5
CDSOT23-T12LC,SOT-23JEDEC
ZRC250F01TA,SOT-23 PP
AP5100WG,SOT-26
STM32G0B0VET6,LQFP100-0.50 PP
KPT-2012SGC,0805-07 PP LENT
R2K1-1210,R1210-06
BMA400,LGA12-2x2x1 0P5 PP
BMP390,LGA10-2x2x1 0P45 PP
SHT40-AD1B,DFN4 1.2x1.2x.75 0P85 PP
THGAMVG7T13BAIL,WFBGA-13x11.5x.8 0P5 PP
AT45DB081E-SSHN,SOIC8
ML22420MBZ0ARL,TSSOP30-0.65-BW:6.1
CMH322522-1R0KL,1210-06
SI7661ESA,SO8 PP
TL074ID,SOIC14
R51R1-2512-1W,R2512-06
ABM11-24.000MHZ-D2X-T3,SMD-4 2X1.6
5988070107F,LED-0603 1.6x0.8x0.4 Wurt
ESDALC6V1-5M6,Micro QFN6
M25P80-VMW6G,SOIC8 PP
C200P-0805-50V-5P-C0G,0805-09 PP
USB3740B-AI2-TR,QFN10 1.8x1.4x.5 0P4 PP
C6P8-0603-50V-10P-C0G,0603-05
MCP2517FD-H-SL,SOIC14 D
DMN63D8LDW-7,SOT-363 PP
USB2412-DZK,QFN28-0.6 PP
LIS2DS12,LGA12 2x2x.7 0P5 PP LIS2D
53261-0371,53261-0371
BQ24040DSQR,WSON10-2x2x.75 0P4 PP PLT
C0P47-0603-50V-0P25-C0G,0603-05
742792023,0805-05
MCP3428-ESL,SOIC14
MCP6284-ESL,SOIC14
VS-30BQ040,DO-214AB
BAT43WS,SC-76
SN74LVCH16T245DGV,TSSOP48-0.40-BW:6.1
SN74LVCH8T245DGV,SSOP24 DBQ PP
NFM18PC106D0J3L,0603-05
FT232RNQ,QFN32 5x5x.9 0P5
R0R14-0603,R0603-04
MT41K256M16TW-107 IT-P,BGA96 13.x7.5x1.1 0P8 KNR
CRK0612-FZ-R001E,0612-05
R10K-0805-0W25,R0805-05
R2R2-0603-25PPM,R0603-04
XMLBWT-00-0000-0000T6053,LED CARRE 5X5-0.7
CB3LV-3C-50M0000,QZ7X5 1.8 PP
CC0402FRNPO9BN270,0402-03 PP
10M08SAE144C8G,LQFP144-20x20
R232K-0603-25PPM,R0603-04
XMLBWT-00-0000-0000T5051,LED CARRE 5X5-0.7
597-3301-507F,1208 LED
R10K7-0603-25PPM,R0603-04
R4K99-0402,R0402-03
AS78L05R,SOT-89 PP
C2N2-1210-1KV-5P-C0G,1210-06
ISO7741DW,SOIC16 10x11x2.6 1P2 DWTi
MF-SM050-2,2920 3.15 PP
MJD112G,TO-252 3-DPAK
ASFC16G31M-51BIN,VFBGA153 - 11.5x13
C27P-0805-200V-5P-C0G,0805-05
DG612EEN-T1-GE4,QFN16 2.6x1.8x.55 0P4 PP
BGA CHAUVIN,BGA8
TPS72301DBVR,SOT-23-5
LM2660MX,SOIC8
SN74AUP1G74DCUR,VSSOP8 DCU PP
LG R971-KN-1,0805-05 LENT PP
ADA4511-2ARZ,SOIC8
AD8539ARMZ,MSOP8 PP
LM4041CIM3-ADJ,SOT-23
R178R-0805,R0805-05
WSL2512L5000FEA18,2512-06
74AUP2G79GS,XSON8 1.3x1 0P55 SOT1059
ADG2412BCPZ,QFN16-0.65
TLC3702CDR,SOIC8
GJM1555C1HR30WB01D,0402-05
CC0805KKX7R0BB334,0805-05
MAX3226EETE+,QFN16 5x5x.8 0P8 PP
GRM21BD72A225ME01K,0805-05
DS90LV110ATMT,TSSOP28 9.7x6.4x1.2 0P65
R42R2-0603,R0603-04
0452.500MRL,SMD-2 5.0x5.0
DFLT36A-7,SOD123 POWERDI PP
PIC24FJ256GL405-I-M4,QFN48 6x6x.5 0P4 PP
C1812C334KCRACTU,1812-05
CRCW12064R70FKEAHP,1206-05
MAXM17552AMB,eMGA PP
BAS16LT1G,SOT-23JEDEC
INA293B5IDBVR,SOT-23-5
SN74AUP1G08DBVT,SOT-23-5
C1U-1206-25V-20P-X7R,1206-05
R301K-0603,R0603-04
C4U7-1210-35V-20P-X5R,1210-06
24FC256-I-MS,MSOP8 3x5x1.1 0P65 AnDev
MCP45HV51-103E-ST,TSSOP14-0.65 PP
EFM32G210F128G-E,QFN32 6x6xH 0P65 PP
LT3094EMSE-PBF,MSOP12 4x5x1.1 P.65 AnDev
GF1A-E3-67A,DO-214BA
ACM2012-900-2P,IND4-1.2x2x1.2 0P85 PP
R15K-0603-5PPM,R0603-04
SN65LVDS32DR,SOIC16 D PP
MM5Z12VT1G,SOD523 PP
DS25BR150TSD-NOPB,WSON8 3x3x.75 0P5 PP
Y1685V0001TT9R,1508 R
SN74AUC2G34DBVR,SOT-23_6
74AVC2T45DC,VSSOP8 DCU PP
ZR431LF01TA,SOT-23
LTST-S220EKT,LTST LED
SN74AUC2G126DCTR,TSSOP8 DP SOT505-2 NEXPER
NBA3N5573MNTXG,QFN16 3x3x.7 0P5 PP
SDM40E20LSQ-7-F,SOT-23 PP
MMSZ10,SOD123
LQW15AN2N4B00D,0402-05
LMH0041SQE-NOPB,QFN48-0.5 PP
DS75176BM,SOIC8
M24512-WMN6P,SOIC8
BAS40-05-E3-08,SOT-23
DRV8825PWPR,HTSSOP28-10x6.5x1.2 0P65
LTST-C191KFKT,0603-05
ISO7721DR,SOIC8
MCP7940N-I-SN,SOIC8
TSS721ADR,SOIC16 D PP
STM32F101VCT6,LQFP100-0.50 PP
ZMM5252B,SOD 80 LENT PP
TZMC36-GS08,SOD 80 LENT PP
TXB0108PWR,TSSOP20-0.65 PP
8NE-27.000MBM-T,SMD-4 2X1.6
TPS7A1118PDRVR,WSON6 2x2x.75 0P65 AUTO
LIF-MD6000-6KMG80I,TFBGA80 7x7x1 P0.5
LMH0044SQE-NOPB,WQFN16 4x4x.8 0P5 PP
R0R56-2512-1W,R2512-06
SN74LVC8T245RHLR,VQFN24 5.5x3.5x.9 0P5 RGY
TLVM13660RDLR,TLVM13660RDL
BC856-215,SOT-23
SS26FL,SOD123FL
BSS138PW-115,SC70-3
DG2517EDN-T1-GE4,MSOP10
SN65HVD1782DR,SOIC8
TC7WZ08FK-LJ,SSOP8 - 2X3.1
SMI-1027-T-5V-R,2512-06 PLATEAU PP
2N7002KW,SC70-3
TS5A23159DGSR,VSSOP10 PP
CRCW12063R30FKEA,1206-05
V20KM100-M3-H,SUPERS08 BSC034
BSC190N12NS3,SUPERS08 BSC034
LM4040B30IDBZR,SOT-23 PP
OPA2323IDGKR,VSSOP8
SMD210PLQ-TP,SOD123FL
LMV339IPWR,TSSOP14-0.65 PP
74AHC1G04SE-7,SOT-353-1 PP
MCP9700AT-E-TT,SOT-23
PESD3V3L2BT-215,SOT-23 PP
ISS17EP06LMXTSA1,SOT-23
SUM70060E-GE3,D2PAK
FAN73933MX,SOIC14
LM4040B50IDBZR,SOT-23
C220N-1206-2KV-10P-X7R,1206-05 LENT PP
C680P-1206-2KV-10P-X7R,1206-05 LENT PP
ECS-2520MV-240-BN-TR,SMD-4 2.5X2
ECS-2520MV-500-DN-TR,SMD-4 2.5X2
PIC32MZ1024EFK144-E-PL,LQFP144-0.50
C1N2-0603-100V-10P-X7R,0603-05
MI0805J102R-10,0805-05
TCAN1044AVDRB,VSON8 3x3x1 0P65 DRB
831019083,QZ 7.5x5.2x1.4 XBRD3V136
ECS-2520MV-250-CM-TR,SMD-4 2.5X2
C10N-1808-3.15kv-5P-U2J,1808
LQG15HN47NJ02D,0402-05
STM32H573VIT6,LQFP100-0.50 PP
MJD117G,TO-252 PP
MMBZ10VAL-7-F,SOT-23
BZX84-C4V7-215,SOT-23
C1N2-0805-50V-5P-C0G,0805-05
MCP4018T-503E,SC-70-6 2x2x1 0P65 DCK Ti
ISO7741FQDWWRQ1,SOIC16 17x10
RCLAMP0512TQTCT,RCLAMP0512TQTCT
FC41DAGMD,FC41DAGMD
MC78L12ABDR2G,SOIC8
SS34FA,SOD123FL
C3P4-0603-250V-0P1-C0G,0603-05
C560P-0805-50V-1P-C0G,0805-05
C6P8-0603-50V-0P1-C0G,0603-05
EG915NEAAC-N05-SNNSA,EG915NEAAC-N05-SNNSA
PMEG6002EBF,SC79 PP
C470P-0805-50V-1P-C0G,0805-05 AUTO
MC79L12ABDR2G,SOIC8
FDC5614P-NL,SOT-23_6
BGS12WN6E6327XTSA1,XFDFN6-1.45X1 TEST
MAX20404AFOA-VY+,VQFN-HR18
C68N-0402-16V-10P-X7R,0402-05
BAW56LT1G,SOT-23JEDEC
TAJC107M010RNJ,C TANTAL
LC760Z00AAMD,LC760Z00AAMD
ESIM X412096,WSON8 5x6x.75 1P27
NRVTS245ESFT1G,SOD123FL
PM8834TR,SO8
ISO1050DUBR,SOP8 10x10x4.85 2P5 DUBTi
NCP51705MNTXG,QFN24 4x4x.8 PP
OPA323IDCKR,SC70-5
R0R-0402-0W1,R0402-03
74404054101,20
LM2903ST,SOIC8-W
STM32H523CCT6,LQFP48- AP AUTO
R100K-2010-0W5-2KV,R2010-06
C10N-0805-450V-20P-X7T,0805-05
MURS160-E3-52T,DO-214AA
PU2512FKM130R004L,2512-06
C270N-1812-500V-10P-X7R,1812-05
BC817-40-7-F,SOT-23 3x2.5x1 1P9 DBZ Ti
C100N-0402-16V-20P-Y5V,0402-05
C220N-0603-50V-10P-X7R,C0603-08
CM8V-T1A-32.768k,0805-05
TPS560430XFDBVR,SOT-26
C1U-0603-25V-20P-X5R,0603-05
MFBA3V1608K-601-R,0603-05
R0R2-1206-0W25,R1206-05
C1U5-0805-35V-20P-X7R,0805-05
74LVC2G06GW,TSSOP6
SS32,DO-214AB
HVC5222C,QFN24-5x5xH 0P65 PP
R80K6-0402-25PPM,0402-05
C150P-0603-100V-5P-C0G,0603-05
BSC019N08NS5ATMA1,SUPERS08 BSC034
R4K7-0603-10PPM,R0603-04
STM32G071KBT6,LQFP32-0.80 PP
BAS21H-115,SOD123Flat PP
C22P-0805-250V-5P,0805-05
ESDA7P120-1U1M,DFN2-1x1.6x.5 1P1 PP
MMA02040D1009FB300,SOD 80 LENT PP
DAC80508MRTET,WQFN16 2.9x2.9
LTC6373SDFM-PBF,DFN12-4x4x.9 0P5 DNT
C22P-0402-16V-1P-C0G,0402-05
MAX17222ELT,UDFN6 2X2mm EP0.6 PP
R2R-1206-25PPM,R1206-05
RB501SM-30FHT2R,SOD523 PP
SMM02040E7500BB300,SOD 80 LENT PP
MMA02040D1000BB300,SOD 80 LENT PP
156120YS82500,LED4-1206 LTSTC235 revers
156120AS82500,LED4-1206 LTSTC235 revers
C1U-0402-10V-10P-X7R,C0402-05
R140K-0402-25PPM,R0402-03
156120RS82500,LED4-1206 LTSTC235 revers
156120GS82500,LED4-1206 LTSTC235 revers
156120BS82500,LED4-1206 LTSTC235 revers
742792114,1206-05
LIS2MDLTR,LGA12 2x2x.7 0P5 PP LIS2D
STM32L452RET6,LQFP64 10X10
SMF3.3,SOD123FL
R27R-0402-50PPM,R0402-03
ESDAXLC5-1U2,DIODE0201-03 DiodesInc
REF192GRUZ,TSSOP8 PP
TSU101ICT,SC70-5
R1K-0402-50PPM,R0402-03
C5P-0402-50V-0P25-C0G,0402-05
LQW15AN2N7C00D,0402-05
R226K-0402-25PPM,R0402-03
744761091GA,0603-05
M24M02E-FMC6TG,UDFDFPN-8 2x3x0.53 PP
STPS5L60S,DO-214AB
R3K-2512,R2512-06
10TPE220ML,D TANTAL
LGT676-P1Q2-24,PLCC-2
LY-T676-R1T1-26,PLCC-2
R470R-0603-50PPM,R0603-04
TPS62133RGTT,VQFN16 3x3x0.75
TPS62132RGTT,VQFN16 3x3x0.75
TLC7733QD,SOIC8
MAX3232MPWREP,TSSOP16-0.65 PP AUTO
M41T0M6F,SOIC8
SI1024X-T1-GE3,SOT-563 PP
C43P-0603-50V-5P-COG,0603-05
R0R15-2512-75PPM,R2512-06
R11K8-0603-50PPM,R0603-04
R22K-0603-50PPM,R0603-04
R330R-0603-50PPM,R0603-04
S1M-13-F,DO-214AC
SC16IS760IBS-128,HVQFN24 4x4x1 0P5 PP
MAX3107EAG+,SSOP24-0.65-BW:6.1
CT47U-A-6V3-20P-2R5,A TANTAL
ADM2861EBRNZ,SSOP28-0.65-BW:8.0
MAX14919AAUP+,TSSOP20 6x6x1.2 0P65 RU
SN74HC08PWR,TSSOP14-0.65 PP
SN74LVC2G240DCUR,VSSOP8 DCU PP
KSZ8873RLLI,LQFP64 10X10
BLM18KG121JH1D,0603-05
THVD1449VDR,SOIC8
TPS3840DL30DBVRQ1,SOT-23-5
R1K3-0805-10PPM,R0805-05
ECS-3953M-036-BN-TR,QZ7X5 1.1 PP
R270K-0805-25PPM,R0805-05
C2U2-0805-50V-20P-X7R,0805-05
74AHCT244PW-118,TSSOP20 6x6x1.2 0P65 RU
74279221281,1206-05
SMCJ30CA,DO-214AB
LMR36510ADDAR,SOIC8
ADA4522-2ARMZ-R7,MSOP8 PP
REF5025AIDGKT,VSSOP8 PP
ZMM3-3,SOD 80 PP
PIC32MX150F256H-I-PT,TQFP64-0.50 A24 PP
C2U2-1206-1Kv-10P-X7R,1206-05
SMAJ9.0CA,SMA PP
82356120100,0603-05
R43K2-0805,R0805-05
C15N-0805-50V-5P-X7R,C0805-1.25
C220P-0603-100V-5P-COG,0603-05
82356240030,0603-05
BZV55-B11-115,SOD 80 PP
C75N-1206-50V-5P-COG,1206-05
ASCO-25.000MHZ-EK-T3,QZ 1.2X1.6X0.7
C120N-1206-50V-10P-X7R,1206-05
C470N-1206-25V-5P-COG,1206-05
150120VS75000,1206-LED-07
C150P-1812-3KV-5P-COG,1812-32 PP 2
C10U-0805-35V-20P-X6S,0805-05
R270R-0402-50PPM,R0402-03
DF12NB-3.0-60DS-0.5V-51,DF12NB-3.0-60DS-0.5V-51
C1U-0805-100V-20P-X7S,0805-05
ESDLIN1524BJ,SOD323 PP DIODE
RB060L-40,DO-214AC
KSZ8863MLL,LQFP48-0.50
PIC16F15323-I-ST,TSSOP14-0.65 PP
C10U-0805-10V-20P-X7R,0805-05
C100N-0402-50V-5P-X7S,0402-05
R620R-0402-25PPM,0402-05
ESDA14V2BP6,SOT-563 PP
STR2N2VH5,SOT-23JEDEC
R49R9-0805-10PPM,R0805-05
PMEG6010CEJ-QX,SOD323F
MMU01020C4020FB300,MELF MMU 0102 PP 2
C10U-0805-10V-20P-X5R,C0805-1.25
C10U-0402-4V-10P-X7T,0402-05
R52K3-0402-25PPM,R0402-03
C1U-0805-50V-20P-X7R,0805-05
MF-ASML010-6-2,0402-05
82536259,0603-05
ESDA17P100-1U2M,QFN8 1.90X2.10X0.60
MBR1H100SF,SOD123
82531140,1206-05 LENT PP
TPS22810TDBVRQ1,SOT-26
C2U2-1206-10V-10P,1206-05
R560R-0402-25PPM,R0402-03
TPD1E04U04DPYT,X1SON2-0.6x1 Z PP
C10N-0402-16V-10P-X7R,C0402-05
TSU111ICT,SC70-5
744765127GA,0402-05
744765027A,0402-05
744765118GA,0402-05
744765147GA,0402-05
NX2016SA-32M-EXS00A-CS06465,QZ 2X1.6 x.5 MECA
MAX6168AESA+,SOIC8
C10U-1210-6.3V-10P,1210-06
744917147,0603-05
AD7124-8BCPZ,QFN32-5x5x0.85 0P5 LFCSP
C27N-0402-25V-10P-X7R,0402-05
155060AS75300,LED-0603 1.6x0.8x0.4 Wurt
155060YS75300,LED-0603 1.6x0.8x0.4 Wurt
ST3222EBPR,SSOP20 DB PP
MAX1720EUT+T,SOT-26
155060GS75300,LED-0603 1.6x0.8x0.4 Wurt
155060RS75300,LED-0603 1.6x0.8x0.4 Wurt
155060BS75300,LED-0603 1.6x0.8x0.4 Wurt
ESDCAN03-2BWY,SOT-323_SC-70
R374K-0402-50PPM,R0402-03
824551131,DO-214AB
BZG05C4V3-M3-08,DO-214AC
BZG05C16-M3-08,DO-214AC
TPS63070RNMT,VQFN15 AUTO
ST1480ABDR,SOIC8
BZG05C3V6-M3-08,DO-214AC
NX1612SA-32.000MHZ-CHP-CIS-3,QZ 1.2X1.6 x.5 PP
LD56100DPU33R,DFN8-1.6X.1.2
LARA-R6001D-00B,LARA-R6-26X24
SN74AXC8T245PWR,TSSOP24 PW PP
M24512E-FDW6TP,TSSOP8 PP
MU00527-32.768K,QZ 1.2X1.6 x.5-2P
R221K-0402-25PPM,R0402-03
STM32U575ZIT6,LQFP144-0.50 LENT PP
LM75BIMX-3-NOPB,SOIC8
C300P-0603-50V-10P-X7R,0603-05
SM74611KTTR,TO-263
R330K-0805-25PPM,R0805-05
2STR2160,SOT-23JEDEC
SN74LVC1G00DCK,SC70-5
OPA330AIDCKR,SC70-5
G3VM-61VR-TR,SOP4 PP
R44K2-0603,R0603-04
82541110,1206-05
R619K-0603-25PPM,0603-05
R110K-0603-25PPM,R0603-04
150080YS75000,LED2-0805-.7 LargeurPad1
82550040,0805-05
R220R-0805-50PPM,R0805-05
DS1374U-33+,MSOP10
ABS06-32.768KHZ-1,QZ 2x1.2x.6 2Pins Ecs
74279271,0402-05
BAT54C 215,SOT-23
R249R-1206-10PPM,R1206-05
R402R-0805-50PPM,R0805-05
150080RS75000,LED2-0805-.7 LargeurPad1
C39N-0805-100V-2P-COG,0805-05
BZV55-C4V7,SOD-80
C100N-1206-16V-20P-X7R,1206-05
CT10U-1210-6.3V-10P,CT10U-1210-6.3V-10P
XRCGB32M000F1S2KR0,SMD-4 2X1.6
C470P-0603-100V-1P-C0G,0603-05
HMC935LP5ETR,QFN32 5.2x5.2x095 0P5 PP
C22U-C1210-25V-10P-X7R,1210-06
LMK1C1108PW,TSSOP16-0.65 PP
C22U-0805-10V-20P-X5R,C0805-1.25 AUTO
CT2U2-1206-10V-10P,1206-05 LENT PP
CT100U-E-25V-10P-0R045,TANTAL T495 6X3.2
ADA4807-1AKSZ-R7,SC-70-6 2x2x1 0P65 DCK Ti
LTC2990CMS-TRPBF,MSOP10 3x3x1 0P5
C4P7-0603-50V-0P1-C0G,0603-05
LT8636EV,QFN20-4x3x.8 0P5 PP
C27P-0402-50V-1P-C0G,0402-05
C1U-0805-16V-10P-X7R,C0805-1.25 AUTO
TSX711AILT,SOT-23_5 PP
R39K-0603-50PPM,R0603-04
KP-1608SURC,0603-05
C220N-0402-10V-10P-X5R,0402-05
R4K7-0603-50PPM,R0603-04
R510R-0603-50PPM,R0603-04
74HCT1G125GW-125,TSSOP5 PP
74LVC2G14GW-125,TSSOP6
R453R-0603-25PPM,R0603-04
C2N2-0402-50V-10P-X7R,0402-05
C47U-1210-6.3V-10P-X7R,1210-06
C4N7-0402-25V-10P-X7R,0402-05
R37K9-0603,R0603-04
STM32G474QET3,LQFP128-16x16x1.6 0P4 PP
SD05C-7,SOD323 1.2x2.5x1 SC-76
C10U-1210-50V-20P-X7R,1210-06
LTST-C171KFKT,0805-LED
TCA0372BDW,SOIC16 10x11x2.6 1P2 DWTi
B260-13-F,DO-214AA
C220P-1206-1KV-10P-X7R,1206-05
C22U-1210-16V-20P-X7R,C1210-2.5
APHBM2012ETSGTC,0805-LED
C47U-0805-6.3V-20P-X5R,0805-05
C10N-0603-100V-20P-X7R,0603-05
SMF26CA,SOD123FL
R49R9-0603-50PPM,R0603-04
C22N-0805-10V-10P-X7R,0805-05
C1N-0805-100V-1P-C0G,0805-05
C2U2-0603-25V-10P-X7S,0603-05
C10U-0805-25V-10P-X7S,0805-05
C4N7-0805-630V-10P-X7R,0805-05
R10R-0603-200PPM,R0603-04
TPS22992RXPR,WQFN8-TPS22992RXPR
C100N-0603-25V-10P-X7R,C0603-08
R2K-0603-50PPM,R0603-04
C1N-0603-100V-1P-C0G,C0603-08
R931R-0603,0603-05
597-3111-507F,1208 LED
C47U-1210-6.3V-X7R,1210-06
PCS1206FR0050ET,1206-05
LT6650CS5,TSOT-23-5 3x3x1 0P95 Onse
CT330U-D-6.3V-20P,D TANTAL
MT28EW01GABA1HPC-0SIT TR,LBGA64-13X11
597-7701-507F,1208-06 PTMR PP
SSM3J328R,SOT-23 PP
TPS7A8500RGRR,QFN20 3.5x3.5x.9 0P5 PP
HSMF-C165,0603L PP
MMBT3906-7-F,SOT-23 PP
R1K-0402-200PPM,R0402-03
VSMB294008G,PHOTODIODE DIODE
MAX845ESA-T,SOIC8
R7FA6M5BH3CF-BA0,LQFP144-0.50
HCPL-0721-000E,SOIC8
R24K-0402-25PPM,R0402-03
C6P-0603-50V-0P5-C0G,0603-05
VEMD2020X01,PHOTODIODE DIODE
C220N-0805-10V-10P-X7R,C0805-1.25
BAV103,SOD 80 LENT PP
TPS77533PWPR,HTSSOP20 1.5 PP
KA-2810AQBS-G,KA-2810ASURSK
6ES7-195-0BD14-0XA0,LQFP44-0.80
R6K2-0603-10PPM,0603-05
SRF2012-121YA,IND4 2x1.4x1.2 PP SRF2012
LS-Y876-P2S1-1,LED LG Y876 PP
NTCS0805E3153JMT,0805-05 AUTO
C1N-0603-10V-5P-C0G,0603-05
BZX84C3V0LT1G,SOT-23
R2R2-0603-50PPM,R0603-04
KSZ8061RNBW,QFN32 5.2x5.2x095 0P5 PP
C27P-0805-50V-10P-X7R,0805-05
BAT54CLT1G,SOT-23 PP
LG-Y876-P1Q2-24,LED LG Y876 PP
C4U7-0805-50V-20P-X7R,0805-05
C1N2-0805-50V-10P-X7R,0805-05 AUTO
ADS8634SRGET,VQFN24 4x4x.75 0P5 PP
ATSAME70Q19B-AN,LQFP144-0.50
OPA992SIDBVR,SOT-26
C1U-0603-25V-10P-X5R,C0603-08
C47U-1210-10V-20P-X7S,1210-06
LTM4624IY-PBF,BGA25-5x5-1.27
C10U-1210-25V-20P-X8R,1210-06
C2N2-1210-1KV-20P-C0G,1210-26 PP
C47P-0402-25V-5P-C0G,C0402-05
C470P-0402-50V-10P-C0G,0402-05
C470N-0603-16V-10P-X7R,C0603-08
C1U-0402-10V-10P-X5R,C0402-05
R100R-0603-50PPM,R0603-04
C3U3-0603-10V-10P-X5R,0603-05
CT22U-M-6.3V-20P-0R5,0603 CT
C4U7-0603-6.3V-10P-X7S,0603-05
C1P-0402-16V-5P-C0G,0402-05
KP-2012SRC-J4,0805-LED
NFM18CC223R1C3D,0603-05
C47U-B-10V-10P-1R,B TANTAL
C1N-0201-50V-2P-C0G,C0201-03
C56P-0402-50V-1P-C0G,0402-05
R499R-0402-10PPM,R0402-03
C560P-0402-50V-10P-X7R,0402-05
C33P-0402-50V-10P-C0G,C0402-05
ASMT-CB00,0603-05
SN74LVC1T45DBVT,SOT-23_6
C22P-1808-3KV-5P-NP0,1808
R75K-0402-50PPM,0402-05
C15N-0603-50V-10P-X7R,0603-05
C15P-0402-50V-2P-C0G,C0402-05
C33P-0402-50V-10P-X7R,0402-05
C10P-0402-25V-5P-C0G,C0402-05
R5K6-0603,R0603-04
C10P-1808-3.15kv-5P-U2J,1808
BSS138-TP,SOT-23
MBR140ESF,SOD123
THVD1510DGKR,VSSOP8
R1K87-0805-10PPM,R0805-05
ECS-100-12-30BQ-ADS-TR,QZ 3.2x2.5x1.2
14550R-500,QFN48-0.5
C4U7-1210-25V-10P-X7R,1210-06
C100N-0402-10V-10P-X7R,C0402-05
SP6641BEK-L-3-3,SOT-23-5
HSME-C170,0805-09
LT3042EMSE-TRPBF,MSOP10
RR390R-1206,1206-05
C330P-0805-100V-5P-C0G,0805-05
C100N-0402-25V-20P-X5R,0402-05
C4U7-1210-50V-10P-X7R,C1210-2.5
10CL016YF484C8G,FBGA484-23x23x3.2 1P0 PP
BLM21BD151SN1D,0805-05
C470N-0402-10V-10P-X7S,C0402-05
P89C51ED2,LQFP44-12x12x1.6 0P8 PP
TD1208,TD1208
9C-11.0592MEEJ,QZ 5X12X4 2Pins MSMSérie
PCF8575CDW,SOIC24 10X15X2.65
C100N-0603-16V-10P-X7R,C0603-08
5M160ZT100C5N,TQFP100-0.50 PP
TLV2462IDGK,VSSOP8 DGK PP
SCA-4-132,SMD10
R825R-0402-10PPM,R0402-03
R3R-2512-1W,R2512-06
R10R-0603-25PPM,R0603-04
R8K06-1206,1206-05
C2U2-0603-16V-20P-X7R,0603-05
C470P-0402-25V-10P-X7R,0402-05
R4K99-1206,R1206-05
R50R-0603-50PPM,R0603-04
INA283AIDGK,VSSOP8
0603CS-R15XGRW,0603-05
MM3Z18V,SOD323 PP DIODE
BC81740LT1G,SOT-23 PP
C22U-0805-6.3V-20P-X5R,0805-05
TPS62173DSGR,WSON8 2x2x.8 0P5 PP
R1R-2512,R2512-06
74HC74D-Q100,SOIC14
2ED2182S06FXUMA1,SO8 PP
C100N-603-50V-10P-X7R,0603-05
R25K-0603-25PPM,R0603-04
R2R80-1206,R1210-06
LM317MDTX-NOPB,TO-252 PP
AP64102SP-13,SOIC8
TPS51200AQDRCTQ1,VSON10 3x3x1 0P5 PP
TPS74801AWDRCR,VSON10 3x3x1 0P5 PP
S25FL256SAGNFI010,WSON8 6x8x.75 1P27
SP3420-04UTG,UDFN10-2.5X1.0X0.5
SBRT3U40P1-7,SOD123 POWERDI PP
BZX84C4V7LT1G,SOT-23
TPSM63606RDLR,B3QFN-5.1X5.6
LTC3370EUH-PBF,QFN32 5.2x5.2x095 0P5 PP
C470N-0402-6.3V-10P-X5R,0402-05
R2K49-0402,R0402-03
C22U-0805-6.3V-20P-X6S,0805-05
R21K5-0402-25PPM,R0402-03
C1U-0402-10V-10P-X6S,C0402-05
C4U7-0603-6.3V-10P-X5R,0603-05
LTST-C190GKT,0603L
R97K6-0402,R0402-03
74LVC1G74DC-125,VSSOP8 DCU PP
C4U7-0402-6.3V-20P-X5R,0402-05
R62K-0402-50PPM,R0402-03
SN74LVC1G02DBVRE4,SOT-23-5
SN74LVC1G08DBVRE4,SOT-23-5
XC7A200T-2FBG676I,BGA676-26x26-1.0
BAT54S-7-F,SOT-23 3x2.5x1 1P9 DBZ Ti
C2P2-0805-200V-0P25-C0G,0805-05
LQM21FN100M80L,0805-05
LQM21PN1R0NGRD,0805-05
SIA461DJ-T1-GE3,PAK SC-70-6
C1U-0603-10V-10P-X5R,0603-05
C10N-0402-6V3-10P-X7R,0402-05
PJX8603_R1_00001,SOT-563 PP
RR10K-1506,RR EXB2HV
CG0603MLA-5.5ME,0603-05
NCP718BSN330T1G,TSOT-23-5 PP
DMN2058UW-7,SOT-323_SC-70
NC7WZ17P6X,SC70-6
INA199A2DCKR,SC70-6
STM32U535VCT6,LQFP100-0.50 PP
C4P7-0402-25V-10P-X7R,0402-05
R402R-0402-50PPM,R0402-03
MCP6486T-E-OT,SOT-23-5
TS78L05CX,SOT-23JEDEC
R100M-2010,R2010-06
C4U7-0603-10V-6V3-X7R,0603-05
0603CS-68NXJRW,0603-05
QPL9095SR,DFN8
LTC2232IUK-TRPBF,QFN48-0.5 PP
C22P-0402-50V-5P-COG,0402-05
LQW18AN3N9C80D,0603-05
SI4113-D-GM,QFN28-5x5x.8 PP
ADM7171ACPZ-3.0-R7,WFDN8 3X3
QPL9065SR,QFN16 3.5x3.5x1.0
ESD9R3-3S,SOD923 PP
LT5575EUF-TRPBF,QFN16 4x4x075 P065 PP
LQG15HN2N0B02D,0402-05
CT4U7-A-10V-20P-0R5,0603-05
ISL80510IRAJZ,DFN8 3x3x.8 0P65 PP
VLMB1501-GS08,0402-05
C1U-0402-6V3-10P-X5R,0402-05
C3P9-0402-50V-0P1-C0G,0402-05
C22N-0402-10V-10P-X7R,0402-05
C47U-1210-6V3-10P-X7R,1210-11
CT100U-P-6V3-20P-5R4,P PP Tantal0805-15
SKY13453-385LF,QFN-6 1X1
LTC2280CUP-PBF,QFN64 10x10x1 J0.5 PP
XC7S25-2FTGB196C,BGA196-15x15-2.15
LTC3569EUD-TRPBF,QFN20- 3x3x0.55 P0.4 PP
MIC2876-5.25YMT-TR,TDFN8 2x2x.75 0P65 Maxim
ECS-TXO-3225MV-200-TR,QZ 3.2x2.5x1.2
SN74LV1T34DBVR,SOT-23_5
SN74LVC245APWT,TSSOP20 6x6x1.2 0P65 RU
MP4582GQVE,QFN16-MP4582GQVE
BZX58550-C2V0-QX,SOD523 PP
TPS61220DCKR,SC-70-6 2x2x1 0P65 DCK Ti
MFS2320BMMA0EP,QFN48-0.5 Z PP
BSS169H6327XTSA1,SOT-23
LQM18PN1R0MGHD,0603-05
XTL3555QDDFRQ1,TSOT-23-8 PP
STM32G474RET3,LQFP64-0.50
DRV8353SRTAT,QFN40-0.5
LQW15AN12NG80D,0402-05
R60R-1206,1206-05
LQW15AN25NJ8ZD,0402-05
C3N3-0402-25V-10P-X7R,0402-05
R100R-0805,R0805-05
R6K98-0402,0402-05
BZX58550-C6V2-QX,SOD523 PP
C4U7-0603-6V3-10P-X7R,0603-05
LQW15AN3N8C10D,0402-05
MHQ1005P5N6ST000,0402-05
LQW15AN22NJ80D,0402-05
BD18IC0MEFJ-LBH2,SOIC8
BD10IC0MEFJ-LBH2,SOIC8
STM32WB05KNV6TR,VQFN32 5x5x1 0P5 PP
LSM6DSV16XTR,LGA14-3X2.5-0.85 PP
FS22N,SOD123FL
C3U3-0805-16V-10P-X7R,0805-05 AUTO
TL431QDBZR,SOT-23 PP
TJA1044BT-0Z,SOIC8
R4k7-0402,R0402-03
DGD2005S8-13,SOIC8
ABM3-20.000MHZ-D2Y,QZ 5x3.2x1.3 2 Pins NDK
NCS2250SN2T1G,TSOP5 ONSEMI PP
C47U-1210-6V3-20P-X7R,1210-11
CT330U-D-6V3-20P-0R9,D PP
C4U7-0402-25V-20P-X5S,0402-05
C120P-0402-10V-10P-X7R,0402-05
R0R02-2512-2W,R2512-06
R1M8-0402,R0402-03
BSZ097N10NS5ATMA1,TSDSON8 3.2x3.2x1 0P65 PP
NB6N14SMNG,QFN16 3x3x.7 0P5 PP
PSMN4R8-100YSEX,POWERPAK SO-8 Vishay
C10N-0402-10V-10P-X7R,C0402-05
P3S0200GMX,XQFN10 2x1.7x.5 0P4 PP
ISC027N10NM6ATMA1,POWERPAK SO-8 SINGLE AUTO
IN-S85TATRGB,IN-S85TATRGB-2X1.5
C1P5-0402-50V-0P1-COG,0402-05
LQM21DN100M70L,0805-05
LQW15AN2N4C80D,0402-05
SDM03U40Q-7,SOD523 PP
MLP2520H4R7MT0S1,1008-09 PP
C10P-0603-200V-10P-X7R,0603-05
MCP6541RT-I-OT,SOT-23-5
WR04X3902FTL,0402-05
LARA-R6001-00B,LARA-R6-26X24
STLQ020C18R,SOT-323_SC-70_5
C0P4-0402-50V-0P1-C0G,0402-05
MMU01020C1200FB000,MELF MMU 0102 PP
R2K2-0603-25PPM,R0603-04
SS26T3G,SMB PP
ST3222EBTR,TSSOP20 6x6x1.2 0P65 RU
C27N-0402-16V-10P-X7R,0402-05
R261K-0805-10PPM,R0805-05
PE4239A-Z,SC70-6
SMF3-3,SOD123FL
CT2U2-A-10V-10P-1R80,A TANTAL
SM05-TCT,SOT-23JEDEC
NINA-W106-00B,MOD36-14x10x2.2
BZX84-C33215,SOT-23 PP
TMP708AIDBVR,SOT-23-5
MB6S-TP,SOIC4 7x4x2.7 2P7 MB10S
C10N-0603-200V-10P-X7R,0603-05
C1N-0402-16V-5P-C0G,0402-05
TLV73333PQDBV,SOT-23-5
C22P-1808-3.15KV-5P-U2J,1808
MAX6675ISA,SOIC8
744773047,744773047
TCAN334DCNT,SOT-23-8 2.8X1.75X1.45 MY
AD8250ARMZ,MSOP10 PP
CT10U-B-6V3-10P-1R5,B TANTAL
875115852001,ALUF10 PP
NTZD3155CT1G,SOT-563 PP
MMU01020C4700FB300,MELF MMU 0102 PP
MMU01020C2200FB300,MELF MMU 0102 PP 2
SMPU310,SOT-23
RB521SM-60FHT2R,SC79 PP
STR2P3LLH6,SOT-23JEDEC
ADA4177-2ARMZ,MSOP8 PP
CT10U-B-25V-10P-0R3,B TANTAL
TC1047VNB,SOT-23
R6K2-0805,0805-05
R100K-0402-10PPM,R0402-03
R80K-0603-25PPM,0603-05
2N7002NXAKR,SOT-23JEDEC
CT1U-B-25V-10P-5R,B TANTAL
R12K4-0603-5PPM,R0603-04
R3K3-0603-10PPM,R0603-04
C3U3-1206-16V-10P-X5R,1206-05
R5K3-0603-25PPM,0603-05
C330P-0603-25V-10P-X7R,0603-05
LTC6363IMS8-2,MSOP8 3x5x1.1 0P65 AnDev
BAV70-E3-08,SOT-23JEDEC
R5K1-0402-50PPM,0402-05
R619K-0402-25PPM,0402-05
LQW15AN3N0C00D,0402-05
R620R-0402-50PPM,0402-05
C100N-0805-25V-5P-X7R,0805-05
M24512E-FMC6TG,UFDFPN8 3x2x.55 0P5 PP
STSAFA110DFSPL02,UFDFPN8 3x2x.55 0P5 PP
C10U-0603-10V-10P-X7R,0603-05
R6K8-0805-2PPM,0805-05
C22P-0603-50V-10P-C0G,0603-05
DAC8805QDBT,TSSOP38 6x9x1.2 0P5 DBT
ADR425ARMZ,MSOP8 PP
HSMC-C177,0805-LED
R100R-0402-50PPM,R0201-02
LM3481MM,MSOP10
R150K-0805-10PPM,R0805-05
R8K06-0805-10PPM,0805-05
C270P-0805-200V-10P-X7R,0805-05
SI4702,QFN20-0.3 Z PP
R1K-0805-15PPM,R0805-05
TPS72325DBVR,SOT-23-5
R1K5-0805-15PPM,R0805-05
R2K-0603-10PPM,R0603-04
R2K-0805-15PPM,R0805-05
MAX4634EUB+T,MSOP10
ADC124S101CIMM,VSSOP10 PP
ADS7947SRTER,WQFN16 2.9x2.9
TPS73625DBVR,SOT-23-5
R6K04-0805-10PPM,0805-05
OPA810IDBVT,SOT-753 - NEXPERIA SC-74A
C22N-0603-50V-10P-C0G,0603-05
CT1U-A-25V-10P-0R3,A TANTAL
C10N-0603-25V-10P-X7R,0603-05
MF-USHT050KX-2,1210-06 FUSIBLE
R1M-0805-50PPM,R0805-05
R100K-0402-50PPM,R0402-03
LB-M673-L1N2-35,0805-LED
R10K-0805-50PPM,R0805-05
R3K9-0603-10PPM,R0603-04
MPZ1608D101BTA00,0603-05
R1M2-1210,R1210-06
CC560U-D8.3X8.3-25V-20P,ALUD PP
R1K-0805-50PPM,R0805-05
SMLS14BETT68,LED2-1206-18rond SMLS14
R1K15-0805-25PPM,R0805-05
LG-M67K-G1J2-24,0805-LED
LS-M676-P2S1-1,0805-LED
R2K-0805-2PPM,R0805-05
0603ESDA-MLP1,C0603-08
R5K-0805-2PPM,0805-05
R80K6-0603-10PPM,0603-05
TSX921IYL,SOT-23-5
LMV7271MG,SC-70-5 2x2x1 0P65 Micrel
ADA4099-2BRMZ,MSOP8 3x5x1.1 0P65 AnDev
AD8510BRZ-REEL7,SOIC8 PP
M95080-DRMN8TP/K,SOIC8 5x4x1.7 1P27 DDA Ti
R2K5-0603-25PPM,R0603-04
OPA828IDR,SOIC8 5x4x1.7 1P27 DDA Ti
CT100U-A-6V3-20P-0R8,A TANTAL
2-1624113-4,0805-05
MA4E2054D-1146T,SC70-3
LMV331M5,SOT-23-5
MMBD4148-7-F,SOT-23JEDEC
C200P-0402-50V-1P-C0G,0402-05
LQH31CN1R0M03L,LQH31
C10N-0603-50V-10P-C0G,0603-05
C180P-0603-50V-10P-C0G,0603-05
C220P-0603-50V-10P-C0G,0603-05
C2N2-0603-50V-10P-C0G,0603-05
SN74AHC1G00DBV,SOT-23_5 PP
SN74LVC1G11DCK,SOT-323_SC-70_6
QL4445LEV-125.0M,QZ3.2X2.5 3
570BCB000121DG,QZ7X5 PP
CSD16406Q3,VSON10 3x3x1 0P65 DRB
R0R5-0603-50PPM,R0603-04
CT33U-D-25V-20P-0R6,B TANTAL
P6SMB16A,DO-214AA
BZT52C4V3-7-F,SOD123 PP
ASE-50.000MHZ-LR-T,QZ3.2X2.5
CC330U-D8X10-25V-20P,ALUE PP
TPSM82821SILR,DFN-10 2.5x2 PP
CC470U-D8X10-25V-20P-20P,ALUD8 PP
CT470U-D-6.3V-20P-0R10,D TANTAL
TPD4E001DCKR,SC-70-6 2x2x1 0P65 DCK Ti
SN74CB3Q3257RGYR,VQFN16 4x3.5x.9 0P5 PP
TCA4307DRGR,WSON8 3x3x.75 0P5 PP
R442R-0402,R0402-03
TCA9406YZPR,DSBGA8-1.9X0.9
SN74LVC2G125YZPR,DSBGA8-1.9X0.9
TMUX1248DCKR,SC-70-6 2x2x1 0P65 DCK Ti
SN74LVC827ADGVR,TVSOP-24
C47N-0402-10V-10P-X7R,0402-05
C220N-0402-10V-10P-X7R,0402-05
CT330U-B-2.5V-20P-0R15,B TANTAL
C22N-0402-25V-10P-X7R,0402-05
R28K-0402-25PPM,R0402-03
R23K7-0402-50PPM,R0402-03
SN74LVC125ABQAR,DHVQFN14 3x2.5x1 P0.5
MURS320-E3-9AT,DO-214AB
NB7VQ14MMNG,QFN16 3x3x.7 0P5 PP
R316K-0402-25PPM,R0402-03
TMP464AIRGTR,QFN16 3x3x0.85
SN74LVC541ARGYR,VQFN20-4.5x3.5x1 0P5 PP
QM4444LEX-100.0M,QZ3.2X2.5
QL4444LEV-100.0M,QZ3.2X2.5
R422K-0402-25PPM,R0402-03
LT6657AHMS8-2.5,MSOP8 PP
TLC7226CDW,SOIC20 PP
R2K7-0603-50PPM,R0603-04
OPA4202IDR,SOIC14
C47P-0402-16V-10P-X7R,C0402-05
LO-Y876-R2T1-24,LED LG Y876 PP
C1U-0603-16V-10P-X5R,C0603-08
HSMS-C177,0805-LED
C1U-1210-50V-10P-X7R,C1210-2.5
R113R-0603-50PPM,R0603-04
R10K7-0603-50PPM,R0603-04
C6N8-0603-25V-5P-C0G,0603-05
TCAN1044ADRBRQ1,VSONP-8 3x3x.9 0P65 Ti
LY-Y876-Q2T1-26,LED LG Y876 PP
L7805ACDT,D2PAK
TMUXHS221NKGR,UQFN10 1.4X1.8
R50R-0805,R0805-05
CDBU0520-HF,SOD523 Z PP
LQM2HPN4R7MG0L,1008-09 PP
SM91072AL-E,SM91072AL-E-12X9
R600R-0805,0805-05
CC10U-D4X5.4-10V-20P,ALUB PP
AD8039ARZ-REEL7,SOIC8
LQM2HPN1R0MG0L,1008-09 PP
R6R81-0402,0402-05
R95R3-0402,0402-05
TXB0102YZPR,DSBGA8-1.9X0.9
FT245RNL-REEL,SSOP28 10x8x2 0P65 MCP23
BC857BL,SOT-23
US1M-13-F,DO-214AC
CD4011BM,SOIC14 8.9x3.9x1.7 1P2 To
CT10U-A-10V-10P-0R08,A TANTAL
10CL016YF484C6G,FBGA484-23x23x3.2 1P0 PP
AP2114H-1.8TRG1,SOT-223 PP
AP2114H-2.5TRG1,SOT-223 PP
R182K-0805-25PPM,R0805-05
DTC143EM3T5G,SOT-723 PP
R1K-0603-25PPM,R0603-04
C47N-0402-50V-5P-X7R,0402-05
598-8110-107F,0805-05
2N7002KT1G,SOT-23JEDEC
CT100,DFN6 1.6x1.6x.6 0P5 PP
KA-4040CGSK,LED2-CUBE-4x4x3.8 2P54 PP
R150R-0402-25PPM,R0402-03
KA-4040SYSK,LED2-CUBE-4x4x3.8 2P54 PP
MC34063ADG,SOIC8
MBRS140,DO-214AA
C100P-0805-200V-10P-X7R,0805-05
C100N-0201-6V3-10P-X7R,0201-05
C4U7-0805-10V-10P-X7R,C0805-1.25
SN65HVD1473DGSR,VSSOP10 PP
TPD8S009DSMR,TPD8S009DSMR
C10U-0805-6V3-10P-X7R,C0805-1.25
TPD2E009DBZR,SOT-23
TPS2553DBVR,SOT-26(5)
LM74700MDDFREP,TSOT-23-8 PP
C33N-0402-16V-5P-X7R,C0402-05
C1U-0603-25V-20P-X7R,C0603-08
MCP6032T-E/MS,MSOP8 PP ROHM
PESD2CANFD24LU-QX,SC70-3
BTT3050EJXUMA1,TDSON8-4.8X5.7
C100P-0805-50V-5P-X7R,C0805-1.25 AUTO
MCL1608V1-100-R,0603-05
NCP114ASN120T1G,SOT-23-5
AP7366-W5-7,SOT-753 - NEXPERIA SC-74A
R84K5-0603,0603-05
R5R6-0201,R0201-02
TL071HIDBVR,SOT-23-5
STN4NF03L,SOT-223JEDEC
THGBMUG7C1LBAIL,BGA153 13X11.5X1.2
M95128-RMN6TP,SOIC8
SHT40-AD1B-R3,DFN4 2x2x.75 1P0 PP
RQ5E070BNTCL,SOT-23
2N7002H-7,SOT-23
HSMH-H190,0603-05
C1N-1206-500V-10P-X7R,1206-05
LQH32CN100K33L,LQH32CN
TAC5111IRGER,TAC5111IRGER
STM32H725IGT3,LQFP176-0.50
ADM811TARTZ-REEL7,SOT-143 PP
CT470U-D-6V3-20P-4R5,D TANTAL
782631141,0603-05
FUSB303BTMX,X2QFN12 1.6x1.6x.35 0P4a
TMK105BJ104KV-F,0402-05
C10P-0402-50V-2P-C0G,0402-05
R226R-0603,R0603-04
LM74700QDBVTQ1,TSOT-23-6 2.8x2.9x1 0P95
R10M-0805-50PPM,R0805-05
0402HP-39NXGRW,0402-05
C330N-0603-25V-10P-X7R,C0603-08
R82K-0805-25PPM,0805-05
STM32U535VET6,LQFP100-0.50 PP
XR22802IL56-F,VQFN56 8x8x PP
C2U2-0603-25V-10P-X7R,C0603-08
D5V0F1U2LP-7B,DFN1006-2 PP
C2P2-0402-20V-0P25-C0G,0402-05
C470P-0402-25V-5P-C0G,0402-05
C47N-0402-25V-10P-X7R,C0402-05
R2R-0805-25PPM,R0805-05
R74K1-0603-25PPM,R0603-04
C22N-1206-50V-5P-C0G,1206-05
MCP2518FDT- E/QBB,VDFN14-4.5X3
KSZ8895MQXI,PQFP128-23.2x17.2x3.4 0P5
R330R-1206-25PPM,R1206-05
SSA24-E3/5AT,DO-214AC PP
LTM8020MPV#PBF,LGA21-6.25X6.25-2.3 PP
NSR0320MW2,SOD323 PP DIODE
REF198GRUZ,TSSOP8 PP
REF195GRUZ,TSSOP8 PP
CT10U-A-10V-20P-4R,A TANTAL
R75K-1206-25PPM,1206-05
TMUX7219DGKR,VSSOP8
SN74HCS594PWR,TSSOP16-0.65 PP AUTO
OPA2277AIDRMT,VDFN8-4x4x.75 1P27 PP
C470N-0603-6V3-10P-X7R,C0603-08
TMUX6236RUMR,QFN16 4x4x075 P065 PP
PAM2310BECADJR,SOIC8-N 5x4x1.5 1P27
C10P-0603-25V-1P-C0G,0603-05
AP66300FVBW-13,QFN16 4x4x075 P065 PP
KSZ9897RTXI,TQFP128-16X16
TL084CDT,SOIC14
VLMG3100-GS08,LED CARRE 3.5X2.8
DSPIC33CK512MP605-I/M7,VQFN48 PP
SML-P12U2TT86R,0402-05
ADN8835ACPZ-R7,QFN36 6x6x1 0P5 PP
LCMXO3D-9400HC-5SG72I,QFN72 10x10x.9 0P5 PP LFC
C330N-0201-10P-25V-X5R,0201-05
GRJP06F1001V,0805-05
MAX17291ANT,BGA6-1.26x0.86
0451001.MRL,451 - FUSIBLE LITTLEFUSE
BSP77E6433HUMA1,SOT-223 PP
C33N-0201-6V3-10P-X5R,0201-05
R511R-0805,R0805-05
R54K9-0805,R0805-05
C100P-0201-25V-10P-X7R,C0201-03
C5N6-0201-25V-10P-X7R,0201-05
R36K-0201,R0201-02
ERJP06F1001V,0805-05
C330N-0201-25V-10P-X5R,0201-05
TPS61033DRLR,SOT-583 - 1.3X2.2X0.6
C220P-0201-25V-10P-R,0201-05
CT330U-D-10V-10P-1R25,D TANTAL
SN74LV1T34QDBVRQ1,SOT-23-5
MAX1968EUI+T,TSSOP28 9.7x6.4x1.2 0P65
C100N-0402-50V-20P-X5R,C0402-05
PA4340.332ANLT,IND2 5.5X5.15X2.8
LT1806CS6#TRMPBF,TSOT-23-6 2.8x2.9x1 0P95
LMV321AIDBVR,SOT-23_5 PP
C1U-0402-25V-10P-X7R,0402-05
VESD01C1-02VHG3-08,SOD523 PP
R560R-0201,R0201-02
R560K-0603-25PPM,R0603-04
BZX58550-B20-QX,SOD523 PP
C470P-0201-16V-10P-X7R,0201-05
C47N-0201-10V-10P-X7R,0201-05
R0R05-2010,R2010-06
MSPM0G3519SRHBR,VQFN32 5.2x5.2x095 0P5 PP
24AA01T-I/OT,SOT-23-5
BZX58550-C3V6-QX,SOD523 PP
LM36011YKBR,DSBGA8-1.5X0.8
MMBT3904FZ-7B,DFN1006-3
C4N7-0603-100V-10P-X7R,C0603-08
CT470U-X-10V-20P-2R5,X TANTAL
LTR10EVHFLR510,LTR10EVHFLR510
OCL-480 XE650BR-XD-T,OCL-480 XE650BR-XD-T
C47N-0805-100V-10P-X7R,C0805-1.25 AUTO
CT10U-D-16V-20P-0R8,D TANTAL
CT10U-B-16V-20P-0R8,B TANTAL
FT245BM,LQFP32-0.80
R5R11-0805,0805-05
ECH-U1C103GX5,0805-05
NFE31PT220R1E9L,1206-05
CRF03-1A,CRF03-1A
C0P5-0805-50V-0P05-C0G,0805-05
MAX20084ATEA/VY+,QFN16 4x4x075 P065 PP
C680N-0805-50V-10P-X7R,C0805-1.25
SML-P11YTT86,0402-05
LD39100PUR,DFN6 3x3
LD39050PUR,DFN6 3x3
STG3692QTR,QFN16 2.6x1.8x.55 0P4 PP
C1U-0402-16V-10P-X7R,0402-05
BAT30F4,0201-0.63X0.33
MMSZ4683T1G,SOD123 1.1 PP
R3R3-2512,R2512-06
R3R3-2512-50PPM,R2512-06
C1U-0603-6V3-10P-X7R,0603-05
C470N-0402-6V3-10P-X5R,C0402-05
TPS22990DMLT,WSON10-3X2x0.8
742792645,0603-05
R20K-0402-15PPM,R0402-03
MMBT3904-HF,SOT-23
R240K-0402,R0402-03
ESDA6V1BC6,SOT-26(5)
VSS8D2M6HM3/I,SMA FLAT ou DO221-AC JEDE
DG211EUE,TSSOP16-0.65 PP
S8MC-13,DO-214AB
TL431ACCT,SOT-323_SC-70_6
STM32G491RET6,LQFP64 10X10
C1N-0805-25V-10P-X7R,0805-05
NCU18WF104F6SRB,R0603-04
MLX90395KLW-BBA-001-SP,QFN16 3x3x.7 0P5 PP
C10N-0603-25V-20P-X5R,0603-05
C1N-0603-25V-10P-X7R,0603-05
C4U7-0603-6V3-10P-X6S,0603-05
C680P-0603-100V-5P-C0G,0603-05
C22U-0805-25V-20P-X5R,C0805-1.25
CT47U-B-10V-20P-0R07,B TANTAL
C10N-0603-25V-20P-X7R,0603-05
AS2302,SOT-23 3x2.5x1 1P9 DBZ Ti
R9K53-0603-25PPM,0603-05
PMF250XNEX,SC70-3
XZMDK68W-2,0402-05
C10P-0603-50V-0P25-C0G,0603-05
C150N-0805-50V-10P-X7R,0805-05
R22R1-0402,R0402-03
R1M6-0603,R0603-04
CD143A-SR3.3,SOT-143 PP
C10N-1206-250V-10P-X7R,1206-05
FT201XQ-R,QFN16 4x4x075 P065 PP
R20R-0603,R0603-04
GJM1555C1HR80WB01D,0402-05
C2U2-0402-4V-20P-X5R,0402-05
SP4020-01FTG,SOD323 PP DIODE
MAX77757JEFG420+,XQFN16 2.6x1.8x0.5 P0.4
R2K4-0603-15PPM,R0603-04
STM32L476VGT3,LQFP100-0.50
TPS61288LRQQR,VQFN11 2x2x1 0P5 RWL Ti
R2R2-2010,R2010-06
STM32H753VIH6,TFBGA100 8x8x1 P0.5
XC6SLX9-2CSG225C,BGA225 13x13x1.2 0P8 PP
TS3USB221RSER,UQFN10 2x1.5x.6 0P5 PP
QBLP595-IG,0402-05
MAX77831BEWB+T,WFBGA35-2.83X2.03
R825K-0402,R0402-03
PCA9306DQER,XSON8 1.3x1 0P55 SOT1059
LTC2954IDDB-1#TRPBF,DFN8 2x2x.9 0P5 PP
TPS259251DRCR,VSON10 3x3x1 0P5 PP
MAX77972EWX+T,WFBGA36-3.21X3.26
LM2775DSGR,WSON8 2x2x.8 0P5 PP
C4U7-0805-25V-20P-X7R,C0805-1.25
ZLLS410TA,SOD323 PP DIODE BAT54WS
ESDR0502NMUTBG,UDFN6 1.2X1mm EP0.6 PP
C180P-0805-50V-10P-X7R,C0805-1.25
C18P-0402-25V-5P-C0G,C0402-05
CC0402JRX7R9BB103,0402-05
C220N-0402-25V-10P-X7R,C0402-05
R806-0402,0402-05
OPA847IDBVR,SOT-26
CT10U-A-10V-20P-3R8,A TANTAL
PMR01ZZPJ000,R0402-03
R4R99-1206,R1206-05
CRCW120610K0FKEAHP,1206-05
C5P6-0603-50V-0P25-C0G,0603-05
LT1806CS6,TSOT-23-6 2.8x2.9x1 0P95
R2K74-0805,R0805-05
C3N3-0805-100V-10P-X7R,0805-05
R36k5-0402,R0402-03
TPS62130RGTR,VQFN16 3x3x0.75
DSPIC33EP512MC806-EPT,TQFP64-0.50 A23 PP
LM5106MMX/NOPB,VSSOP10 PP
CAT4104VP2-GT3,TDFN8 3x2x.75 0P5 Micro
C2N2-0805-50V-5P-C0G,0805-05 AUTO
R2K74-0603,R0603-04
BAS16XV2T5G,SOD523 PP
C390P-0402-50V-10P-X7R,C0402-05
MPZ1608B471ATA00,0603-05
SN74LVC1G125DCKR,SC-70-5 2x2x1 0P65 Micrel
TLP172AM,SO4 TLP 3.7x7x2.1 2P54 To
ACS71240KEXBLT-050B3-120,QFN12-3x3x075 0P5 ACSal
LTST-C171GKT,0805-LED
BUK7M17-80EX,LFPAK33-8
C1005X7R1H104K050BB,LFPAK33-8
1-C100N-0402-50V-10P-X7R,0402-05
NCP15XW153E03RC,0402-05
R2K7-1210,R1210-06
B57256V5473F360,0402-05
PESD1IVN27A-QX,SOD323 1.2x2.5x1 SC-76
CSS0508FT1L00,0508
BAS4002ARPPE6327HTSA1,SOT-143 PP
SMF5.0A-TP,SOD123Flat PP
SMF24CA,SOD123FL
C68N-0805-50V-10P-X7R,0805-05
TPS62590DRVR,WSON6 2x2x.75 0P65 AUTO
TPS564257DRLR,SOT-563 PP
TPS62933DRLR,SOT-583 - 1.3X2.2X0.6
DRV8313PWPR,HTSSOP28-10x6.5x1.2 0P65
C27P-0402-50V-10P-C0G,0402-05
C22U-1206-10V-20P-X7R,1206-05
CT47U-E-35V-10P-5R5,EE TANTAL
C10N-0402-100V-10P-X7R,0402-05
R100K-0603-50PPM,R0603-04
C100N-1206-450V-20P-X7T,1206-05
MAX3232EEUE+,TSSOP16-0.65 PP
R0R7-1206,R1206-05
C47U-E-35V-10P-5R5,E 7.3x4.3x4.3 AVX=X KEMET
ACPL-P347-000E,SOIC6 PP
VCAS120660M131DP,1206-05
CMDZ5230B,SOD323 1.2x2.5x1 SC-76
R887K-0402,0402-05
TS5A4594DCKR,SC-70-5 2x2x1 0P65 Micrel
LP2985A-50DBVRM3,SOT-23-5
MEM2012S25R0T001,0805-05
1SMB5914B,SMB PP
LTC1655LCS8,SOIC8 PP
MCP6291-E/SN,SOIC8 PP
BZT585B3V6T-7,SOD523 PP
LM5160ADNTR,WSON12 4x4x.75 0P5 PP
TCAN1044DRBRQ1,VSONP-8 3x3x.9 0P65 Ti
R4K-0603,R0603-04
1-R887K-0402,0402-05
XZMDKVG54W-4,0805-LED
ACM-21-900M-T,0805-05
C4U7-0402-6V3-20P-X5R,C0402-05
LTST-C171TBKT,0805-LED
R10M-0603-50PPM,R0603-04
STM32H735VGH6,TFBGA100 8x8x1 P0.5
BUK7M22-80EX,BUK7M27
LMG2100R044RARR,WQFN16 LMH0002SQ-NOPB
C100P-0402-16V-10P-C0G,0402-05
1-R1K-0402,0402-05
ATV02W6V0B-HF,SOD123
APT1608SURCK,0603-05
NSR20F30NXT5G,DSN2-1.6X0.8
VEML3328,VEML3328
LIS2HH12TR,LGA12 2x2x.7 0P5 PP LIS2D
APDS-9008-020,APDS-9008-020
PIC16F18877-E/PT,TQFP44-0.80
C10U-1206-100V-10P-X6S,1206-05
R0R051-2512-75PPM,R2512-06
SiS468DN-T1-GE3,PowerPAK-1212-8
TPS7A4533DCQT,SOT-223-5 PP
CT1U-A-25V-10P-4R,A TANTAL
MAX17536ATP+,QFN20-5X5-0.8 0P5 PP
ASEMB-50.000MHz-LC-T,QZ3.2X2.5
C10U-1210-63V-10P-X7R,1210-06
SN74CBTLV1G125DCKR,SC70-5
MIC5219-3.3YM5,SOT-23-5
NTCS0603E3103JLT,0603-05
C18N-0402-50V-10P-X7R,0402-05
B140S1F-7,SOD123
PIC32MZ2048EFH144-E/PH,TQFP144-16x16x1 0P4 PP
M24256-BFDW6TP,TSSOP8 1.2
TJA1441AT/0Z,SOIC8 PP
ZXCT1109SA-7,SOT-23
LTC2144IUP-12,QFN64 9x9x0.9 P0.5
RC0402JR-071KL,0402-05
SI53302-B-GM,QFN44-0.5
PI6C49X0208ZHIEX,QFN32 5.2x5.2x095 0P5 PP
C22N-0402-16V-10P-X7R,0402-05
C2U2-0805-100V-10P-X7R,0805-05 AUTO
RB160MM-60TR,SOD123Flat PP
ADM7170ACPZ-1.8-R7,WFDN8 3X3
FastIC+,QFN88-10X10
Si5330L-B00229-GM,QFN24-4x4x.1 0P5 PP RGE
TXV0106BQBR,WQFN16-2.4x3.4
MIC4606-2YTS-TR,TSSOP16-0.65 PP AUTO
PIC16F1933-I/MV,QFN28-4x4x.8 0P5 PP
CRCW04022K00JNED,0402-05
TPS25961DRVR,WSON6 2x2x.75 0P65 PP
US1D-E3/61T,DO-214AC
V30K202-M3/H,SOP8 PowerPAD
LTST-C19HE1WT,SMLP39 LED6
CAT16-222J4LF,1206-05
R3M32-0402,R0402-03
R95K3-0402,0402-05
SUM90220E-GE3,TO-263
LM317MDTX/NOPB,TO-252_DPAK
MAX3232EETE+T,QFN16 5x5x.8 0P8 PP
SQ2361ES,SOT-23
LTM8083IY,BGA49-6.2x6.2x3.9 0P8 PP
W2L14Z225MAT1S,RN8-0508-2X1.2
XC7S25-1FTGB196Q,LBGA196-15x15-1.5
IAUT260N10S5N019ATMA1,POWER-TRANSISTOR
C400P-0603-100V-5P-C0G,0603-05
R820R-1210,1210-05
PE43705B-Z,QFN32 5x5x05 + COIN
DRV8313RHHR,QFN36 6x6x1 0P5 PP
MAMX-011021-TR1000,TDFN6 1.5X1.2
C10P-0603-50V-10P-C0G,0603-05
XR20M1280IL24TR-F,QFN24 4x4x.8 PP
AM4096Q,QFN32 6x6xH 0P65 PP
040702.5WRA,1206-05
C100N-0603-25V-10P-X8R,0603-05
C4U7-0603-25V-10P-X5R,0603-05
C22U-0805-25V-10P-X5R,C0805-1.25
C20N-0603-25V-5P-C0G,0603-05
AD4022BRMZ,MSOP10 Z PP
OPA2828IDGNR,HVSSOP8 DGN = VSSOP8PwPd
C33P-0201-25V-5P-C0G,0201-05
ADG1236YCPZ-REEL7,QFN12 3x3x.8 0P5 DQ1225
C2N7-0402-100V-5P-C0G,0402-05
C200P-0402-50V-2P-C0G,0402-05
824014885,UDFN9-3.8x1x0.55 PP
C24P-0402-50V-5P-C0G,C0402-05
ADC081C021CIMK/NOPB,TSOT-23-6 2.8x2.9x1 0P95
CSD19537Q3,TDFN8 3.3x3.3x1
TPS26631RGER,VQFN24 4x4x.75 0P5 PP
TPS3808G33DRVR,WSON6 2x2x.75 0P65 DRV
DP83822IFRHBT,VQFN32 5x5x1 0P5 PP
DP83867IRRGZR,QFN48-7x7x0.6 PP
FM22LD16-55-BG,FBGA48-6x8x1.2
TPS22912CYZVR,DSBGA4-0.88X0.88
C47U-1210-10V-20P-X7R,C1210-2.5
MTFC32GAZAQHD-AIT,VFBGA153 - 11.5x13
AM5748ABZXEA,LFBGA760-23X23 PP
R97K6-0805,0805-05
445C23A24M00000,QZ 5x3.2x1.3 2 Pins NDK
SN74LVC1G17YZVR,DSBGA4-0.88X0.88
QBLP601-IW-2897,0603-05
SN74LVC3G17DCUR,VSSOP8 DCU PP
TPS6590378ZWSR,LFBGA169-12x12xX 0P8 PP
RV-3028-C7 32.768KHZ 1PPM-TA-QC,SON8 3.2X1.5
SMCJ28CA,DO-214AB PP
CT47U-A-6V3-20P-3R5,A TANTAL
TPS3808G01DRVT,WSON6 1.9x1.9
TLV70725PDQNR,X2SON4 1x1x.4
SN74LVC1G08YZPR,BGA5 1.4x.9x.5 0P5 YZP
TLV70718PDQNR,X2SON4 1x1x.4
BAT54W-E3-08,SOD123 PP
R0R005-2512-2W,R2512-06
R1M5-0805,R0805-05
R274R-0402-25PPM,R0402-03
R29K4-0402,R0402-03
R2R2-2512-1W,R2512-06
R33K2-0805-25PPM,R0805-05
R3K32-0402-25PPM,R0402-03
R45K3-1206-25PPM,R1206-05
SZMMBZ47VALT1G,SOT-23
R50R-0603-25PPM,R0603-04
DSPIC33CK128MC503-H/M5,UQFN36 5x5x.55 0P4 PP
MPQ6531GV-AEC1,QFN28-5x4x.75 0P5 PP
IPG20N06S4L26AATMA1,TDSON8-4.8X5.7
78279221601,1206-05
MPQ4589GQVE,QFN19 5x4x.75 0P5 PP
TJA1051T/3,SOIC8 5x4x1.7 1P27 DDA Ti
TPSMC51CA,DO-214AB
CC47U-E8.3X8.3-63V-20P-4R0,ALUE PP
NCV20231SN2T1G,TSOP5 ONSEMI PP
HAL1501SU-A,SOT-23JEDEC
BZT52H-A13-QX,SOD123FL
R53K6-1206,R1206-05
HAL 1501SU-A,SOT-23 PP
PMEG6010CEJ-Q,SOD323F
HAL3930DJ,SOIC8
MBR310AFC-AU_R1_000A1,DO-221AA-5.9X2.1
C22P-1808-3K15-5P-U2J,C1808
C2U2-1210-100V-20P-X7R,C1210-2.5
BSS1387F,SOT-23
C680P-0805-50V-10P-X7R,C0805-1.25
NINA-B306-01B,NINA-B3x2
TLV320AIC3204IRHBR,QFN32 5x5x0.85
C25P-0603-50V-5P-C0G,C0603-08
SN74LV8154PWR,TSSOP20 6x6x1.2 0P65 RU
BSS84215,SOT-23
C2U2-1206-6V3-10P-X7R,C1206-1.4
CC220U-D10.3X10.3-50V-20P-0R18,ALUD8 PP
RS3JHE3_A/H,DO-214AB PP
1N4148WSQ-7-F,SOD323F
TPA3123D2PWPR,HTSSOP24- 7.9X6.6X1.2
150141SV73110,4-PLCC
CC470U-D17X17-50V-20P-7R3,ALUF-17X17
150141GS73100,LED2cr 3.5x2.8x1.9 LR T67
ADA4099-1HUJZ-RL7,TSOT-23-6 2.8x2.9x1 0P95
JFE2140DR,SOIC8
C4P3-0603-50V-0P25-C0G,C0603-08
OPA2210IDGK,VSSOP8 DGK PP
FDN339AN,SUPER_SOT-23
NTCS0603E3472FHT,C0603-08
C30P-0603-50V-10P-C0G,C0603-08
STM32F756ZGT6,LQFP144-0.50
CT220U-X-16V-10P-0R10,X TANTAL
CT10U-C-20V-10P-0R47,C TANTAL
C2N2-0603-50V-5P-C0G,C0603-08
LT5400BCMS8E-1#PBF,MSOP8 PP
TMUX6136PWR,TSSOP16-0.65 PP
RE1E002SPTCL,SC89-3 PP
MMA02040D8200BB300,SOD 80 LENT PP
SMM02040E1201BB300,SOD 80 LENT PP
SG-210STF 40.0000ML,QZ 2.5x2 x.5 4Pins Ecs
SG-8018CG 37.1250M-TJHSA3,QZ 2.5x2 x.5 4Pins Ecs
AT24C256C-XHL-T,TSSOP8 1.2
TPS2111APWR,TSSOP8 1.2
R806R-0402,R0402-03
SMDA05-6E3/TR7,SOIC8 PP
TLV803EA29DCKR,SC70-3
TS3USB221RSERG4,UQFN10 1.4X1.8
DMP510DLW-13,SC70-3
MCP1316MT-29ME/OT,SOT-23-5
TPS79918DDCR,TSOT-23-5 PP
CT220U-D-16V-10P-0R1,D TANTAL
TPS79912DDCR,TSOT-23-5 PP
LCMGA321616T221NG,1206-07 PP fusible
78438323010,1008-09 PP
ABM3-8.000MHZ-D2Y,QZ3.2x5 2PIN PP
9HT11-32.768KAZB-T,QZ1.2x2 2PIN PP
LP2981-33DBVR,SOT-23-5
ACPL-074L-000E,SOIC8
MAX14852GWE+,SOIC16 10x11x2.6 1P2 DWTi
MLF1608A4R7JT000,0603-05
GRM155R71H103JA88D,C0402-05
ESD7V0T2BHE3-TP,SOT-23JEDEC
APTF1616SURKCGKSYKC,LED4 1616 APTF MARKcpst=P
R39K-0603-10PPM,R0603-04
M95256-DRDW8TP/K,TSSOP8 1.2
BQ79731PHPRQ1,TQFP48-0.50
C18N-0805-50V-10P-X7R,C0805-1.25
AP7361C-25Y5-13,TSOT-23-5 3x3x1 0P95 Onse
MMB02070C2704FB200,MELF MMB0207 PP
CC330U-E-35V-20P-1R4,ALUE PP
LM5185QPWPRQ1,HTSSOP14 PP
PMR03EZPJ000,R0603-04
DRV3901QDGQRQ1,HTSSOP28-7x4.7x1.2 0P65
SK2C0A,DO-214AC
SZP6SMB39CAT3G,DO-214AA
DMP6185SEQ-13,SOT-223 PP
BC847A-QR,SOT-23JEDEC
TPS3762D02OVDDFRQ1,TSOT-23-8 PP
LDH40PURY,DFN6 2x2.1x.75 0P65 PP
C10U-1210-50V-10P-X5R,C1210-2.5
R787K-0402,R0402-03
PESD3V3L1ULSYL,SOD-882 PP
C150N-0805-50V-5P-X7R,C0805-1.25
CT47U-E-35V-10P-0R55,EE TANTAL
SN74AHC00RGYR,QFN14- 3.5X3.5 PL 4+10PIN
XR21V1414IM48-F,TQFP48-0.50
SM6T36A,DO-214AA PP
TPS62132RGTR,VQFN16 3x3x0.75
C6P8-0402-25V-0P5-C0G,C0402-05
USB2422T/MJ,QFN24 4x4x.8 PP
EMI8142MUTAG,XDFN10-2.2x1.5x.45 EMI813
PIC18LF26K83T-I/SO,SOIC28 PP
TPS62590DRVT,WSON6 1.9x1.9
XR68M752IM48-F,TQFP48-0.50
TMS320C28346ZFETR,BGA256-17x17x2.1 P1 PP
C10P-0402-50V-10P-X7R,C0402-05
TPS7A2012PDBVR,SOT-23-5
TMP123AIDBVR,SOT-26(5)
TPS72118DBVT,SOT-23-5
TPS3828-33DBVR,SOT-23-5
R191K-0402,R0402-03
TPS22810DBVR,SOT-26(5)
TPS2065DDBVR,SOT-23-5
SZP6SMB62CAT3G,DO-214AA PP
DSPIC33EP512MC806-E/PT,TQFP64-0.50 A23 PP
SZNUP2125WTT1G,SC70-3
C3P9-0603-50V-5P-C0G,C0603-08
R500R-1206-2PPM,R1206-05
C510P-0603-50V-5P-C0G,C0603-08
C47P-0603-250V-5P-C0G,C0603-08
AL5809-90QP1-7,SOD123
CONUFL001-SMD,H.FL-R-SMT AUTO
SKL120-AQ,SOD123
OPA2227U,SOIC8
TPS7A2033PDBVR,SOT-23-5
C100P-0402-50V-2P-C0G,C0402-05
BFCN-1052+,BFNC
AD8531AKSZ-REEL7,SC-70-5 2x2x1 0P65 Micrel
PIC12LF1822-I/MF,DFN8 3x3
EDZVT2R6.8B,SC79 PP
C10U-0603-16V-20P-X5R,C0603-08
C10N-0402-16V-10P-X5R,C0402-05
C470N-0603-25V-5P-X7R,C0603-08
R33K-1206-2PPM,R1206-05
STUW81300TR,QFN36 6x6x1 0P5 PP
C0P5-0201-50V-0P05-C0G,C0201-03
TC4431VOA,SOIC8
10CL025YU256I7G,BGA256-14x14
TL082IDRQ1,SOIC8
TNPU060320K0AYEN00,R0603-04
AD5541AARMZ-REEL7,MSOP10
TLV431CDBVR,SOT-23-5
ZMR500FTA,SOT-23 3x2.5x1 1P9 DBZ Ti
AD7980SRMZ-EP,MSOP10
C220P-0603-100V-2P-C0G,C0603-08
C10N-0603-16V-10P-X7R,C0603-08
IS42S16160J-6TLI,TSOP54
742792624,0603-05
AZ1117CH-1.2TRG1,SOT-223 PP
TLV76125DCYR,SOT-223 PP
R120R-0603-25PPM,R0603-04
TPS2561ADRCR,VSON10 3x3x1 0P5 PP
LMR50410XFDBVR,SOT-26
C10P-0603-50V-2P-C0G,C0603-08
CC10U-D6.3X5.8-63V-20P-1R5,ALUD PP
MMST5551-7-F,SOT-323_SC-70
MAX3227ECUE+,TSSOP16-0.65 PP
PCF8574RGTR,VQFN16 3x3x0.75
ACPL-071L-000E,SOIC8
R2K4-0805-15PPM,R0805-05
R470R-1210,R1210-06
TUSB4020BIPHPR,LQFP48-1.6
C33N-0603-16V-5P-X7R,C0603-08
NCV8161ASN330T1G,TSOT-23-5 PP
NCV8161ASN180T1G,TSOT-23-5 PP
C10U-0805-25V-20P-X6S,C0805-1.25 AUTO
MCL4148,MELF2012
C560P-0402-100V-5P-C0G,C0402-05
C470P-1206-2KV-10P-X7R,C1206-1.4
R0R2-0402,R0402-03
BSS315PH6327XTSA1,SOT-23
LM321MFX/ NOPB,SOT-23-5
ABE01000-B,QFN126
CDSOD323-T24C,SOD323 PP DIODE
CDSOD323-T05C,SOD323 PP DIODE
SZSMF5.0AT1G,SOD123FL
B340A-13-F,DO-214AC
3413.0222.22,1206-05
LM358DR,SOIC8
BSS138NH6433XTMA1,SOT-23 3x2.5x1 1P9 DBZ Ti
LMV324BG-13,TSSOP14-0.65 PP
TL431AIDBZ,SOT-23
RCS06030000Z0EC,R0603-04
RC0603FR-071K5P,R0603-04
IRF7413ZTRPBFXTMA1,SOIC8
C10P-0201-25V-5P-C0G,C0201-03
WLR089U0-I/RM,WLR089U0-I/RM
C330N-0805-50V-10P-X7R,C0805-1.25 AUTO
C4U7-0805-50V-20P-X5R,C0805-1.25 AUTO
SMF5.0A,SOD123FL
IHHP0805ZHER1R0M01,0805-05 AUTO
749020100A,SMD-6-12.5x9.5
LP5907UVX-3.0/NOPB,DSBGA4-1.05x0.7 AUTO
CSD22206W,BGA9-1.6X1.6-0.625 PP
SP1233-01ETG,SOD-882 PP
AMC87208YBFR,BGA60-3.3x3.3x0.55
REF2025AIDDCR,TSOT-23-5 3x3x1 0P95 Onse
TS5A3154YZPR,DSBGA8-1.9X0.9
ADS131M08IRSNR,QFN32-4x4x.75 PP
KTR03EZPF1003,R0603-04
C12N-0201-16V-20P-X5R,C0201-03
C150N-0201-6V3-10P-X5R,C0201-03
MAX7375AXR805+T,SC70-3
MLZ1608A1R0WT000,0603-05
TPSM82810SILR,TPSM82810SILR
PDAC80516YBHT,PDAC80516YBHT
SMAJ-58A,DO-214AC
SZSMF6L5.0AT3G,SOD123FL
BAT46JFILM,SOD323 1.2x2.5x1 SC-76
1210L035/60PR,1210-05
156125GS57000,1205-05 PP
MF-USML300/12-2,1210-05
C47N-0603-50V-5P-X7R,C0603-08
DSPIC33EP512GP502-EMM,QFN28-0.65
ADPL12010AFOB+T,ADPL12010AFOB
R10K-1206,R1206-05
FT2232HQ,QFN64 9x9x0.9 P0.5
CT100U-D-16V-10P-1R4,D PP
C4U7-1206-25V-10P-X5R,C1206-1.4
C10U-1206-25V-20P-X7R,C1206-1.4
C2P2-0603-50V-0P5-C0G,C0603-08
C470N-0603-16V-5P-X7R,C0603-08
R10K-0805-25PPM,R0805-05
R3K3-0805,0805-05
ZRB18AR60J226ME01L,C0603-08
598-8N20-107F,0603-05
598-8N80-107F,0603-05
598-8N40-107F,0603-05
MAX3097ECSE+T,SOIC16 D PP
SN7407DR,SOIC14
SUD50P08-25L-E3,TO-252 PP
0468001.NRHF,1007-18 PP
SI2306BDS-T1-GE3,SOT-23
C470N-0805-100V-10P-X7R,C0805-1.25
APF3236LSEEZGKQBKC,APF3236LSEEZGKQBKC
DSPIC33CK256MC505-I/M7,VQFN48 PP
C100P-0805-100V-1P-C0G,C0805-1.25
LV3842XDBVR,SOT-23_6_1.45
BZX84C18LT1G,SOT-23
LQH32CN220K23L,LQH32CN
R234K-0603-50PPM,R0603-04
R37K9-0603-25PPM,R0603-04
R2R2-0402,R0402-03
MMDT4413-7-F,SOT-363 PP
MPQ6531GV-AEC1-Z,QFN28-5x4x.75 0P5 PP
C680N-1210-100V-10P-X8R,C1210-2.5
BZT52HC13WF-7,SOD123Flat PP
DSPIC33CK128MP503-H/M5,UQFN36 5x5x.55 0P4 PP
MPQ4576GQBE-AEC1-P,QFN12 2.5x3
C47P-0402-25V-5P-X7R,C0402-05
RK73H1ETTP1272F,R0402-03
IPG20N06S4L-26A,TDSON8-4.8X5.7
C4N7-0603-50V-10P-X8R,C0603-08
TSSOP20,TSSOP20-0.65 PP
WSL2010R0500FEA18,R2010-06
TPS54540DDAR,SO-PowerPad-8
AZ1084CD-ADJTRG1,TO-252_DPAK
C2U2-0402-6V3-10P-X5R,C0402-05
2STD1665T4,TO-252_DPAK
AFBR-S4N66P024M,BGA16 1.25
XC7A200T-2FBG676C,BGA676-26x26-1.0
LTC3370EUH#PBF,QFN32 5.2x5.2x095 0P5 PP
FS1006-3300-AL,FS1006-3300-AL
FS1406-1000-AS,FS1006-3300-AL
FS1406-1800-AS,FS1006-3300-AL
R680R-0402-50PPM,R0402-03
C270N-0603-16V-10P-X7R,C0603-08
C68N-0603-16V-5P-X7R,C0603-08
RC0402JR-100RL,R0402-03
C100N-0402-10V-10P-X5R,C0402-05
LTST-C191GKT,0603-05
BC846W-QF,SOT-323_SC-70
156125RS57000,1205-05 PP
156125YS57000,1205-05 PP
C4N7-0201-6V3-5P-X7R,C0201-03
R27K-0201,R0201-02
C68N-0805-100V-10P-X8R,C0805-1.25
NTCG163JF103FT1S,R0603-04
R365K-0402,R0402-03
TS3USB30EDGS,VSSOP10 PP
C10U-0603-35V-10P-X5R,C0603-08
ADS7828EB/2K5,TSSOP16-0.65 PP
LTM4712EY-PBF,BGA144-16x16sureleve ITAN
7130LA20PFG,TQFP64 14x14x1.4 0P8 PP
C4N7-1206-500V-10P-X7R,C1206-1.4
AP7366EA-W5-7,SOT-23-5
NRVBS3200T3G,DO-214AA
OPA2197IDR,SOIC8
MURS320T3G,DO-214AB
DS90LV012ATMF,SOT-23-5
C1N5-1808-2KV-10P-X7R,C1808
SF-0603S300-2,0603-05
TPS62933FDRLR,SOT-583 - 1.3X2.2X0.6
STM32L433RBT6,LQFP64 10X10
C47U-1210-16V-10P-X5R,C1210-2.5
R52K3-0603-50PPM,R0603-04
STM32F042C4T6,LQFP48- AP AUTO
R71K5-0603-50PPM,R0603-04
SFV20R-2STE1HLF,Connecteur-MYCRONIC
ISO1044BDR,SOIC8 PP
STM32H7A3RIT6,LQFP64 10X10
AZ1117CH-3.3TRG1,SOT-223 PP
CAT25160YI-GT3,TSSOP8 PP
US1DFA,SOD123FL
1N5819HW1-7-F,SOD123FL
R732K-0603,R0603-04
KP-3216SGD,1206-05
BZD27C7V5P-HE3-08,DO-219AB
RB051L-40TE25,DO-214AC
0ZCM0004FF2G,0603-05
1N4148WS-HE3_A-18,SOD323 1.2x2.5x1 SC-76
BZX84C5V1,SOT-23JEDEC
CC47U-D6.3X5.5-35V-20P,ALUC PP
NCP51530ADR2G,SOIC8
BU79100G-LATR,SOT-26
LM43603QPWPRQ1,HTSSOP16 PWP PP
SN74LVC08APWR,TSSOP14
SN74LS247D,SOIC16 D PP
MMU01020C1809FB300,MELF MMU 0102 PP
CT10U-A-16V-10P-1R,A TANTAL
CT100U-X-25V-10P-1R5,X TANTAL
MMBD353LT1G,SOT-23 3x2.5x1 1P9 DBZ Ti
R8K2-1206,R1206-05
HF3 56,RELAIS8ASYM 14.5x7.2x10.4
NCP1117LPST33T3G,SOT-223JEDEC
SN74AXC4T245PWR,TSSOP16-0.65 PP
SN74LXC8T245QPWRQ1,TSSOP24 PW PP 6.4
LMH6554LEE,QFN14-2.5x2.5
C100N-0805-50V-20P-X7R,C0805-1.25
FC0402E25R0BTT0,R0402-03
SN74LVC8T245QPWRQ1,TSSOP24 PW PP
SN74AVC2T45DCTR,MSOP8 PP ROHM
R127R-0402-25PPM,R0402-03
R27R-0402-25PPM,R0402-03
HS3JB,DO-214AA
CT1U-40V,B TANTAL
C33P-0402-10V-5P-C0G,C0402-05
R39K-1206,R1206-05
SMF33A,SOD123FL
AU6802N1,LQFP52-0.65
BZV55C10,SOD123 PP
ADP151WAUJZ-1.8-R7,TSOT-23-5 PP
ADG1236YCPZ-500RL7,QFN12 3x3x.8 0P5 DQ1225
HSMF-C144,LED COUCHER HSMF PP
C10U-0805-25V-20P-X5R,C0805-1.25
C200P-0603-250V-5P-C0G,C0603-08
C390P-0603-100V-10P-C0G,C0603-08
C27N-0603-50V-10P-X7R,C0603-08
0603CS-4N7XGRW,0603-05
250805102Y1,0805-05
TRS3232EIPWR,TSSOP16-0.65 PP
ZXTN19020DZTA,SOT-89JEDEC_SC-62
MAX3221IPWR,TSSOP16-0.65 PP
LFCN2250D+,1206-09
TS5A23167DCUR,VSSOP8 DCU PP
TMUX1111PWR,TSSOP16-0.65 PP
RXM-GPS-RM-T,DFN22 15x13x2.2 1P27 MODU
AD5232BRUZ10,TSSOP16-0.65 PP
MOCD223-M,SO8 - MOCD223M
ISO6720BDR,SOIC8 PP
Si2309CDS-T1-GE3,SOT-23JEDEC
ISL3152EIUZ,MSOP8 PP
2508051027Y1,0805-05
LDI1117-05H,SOT-223 PP
MF-USMF020-2,1210-05
0603CS-5N6XGRW,0603-05
R91R-0603,0603-05
B82496C3101J000,0603-05
QLP9065TR13,QFN16 3.5x3.5x1.0
T55J475M6R3C0500,C0603-08
B82498F3121J000,0805-05
0603CS-8N2XGRW,0603-05
C4U7-0805-25V-10P-X5R,C0805-1.25
HMC349MS8GE,MSOP8 3x5x1.1 0P65 AnDev
PGA-102+,SOT-89-B1JEDEC
R750K-0603-25PPM,R0603-04
C1U-1210-50V-10P-X5R,C1210-2.5
C10U-1210-35V-10P-X5R,C1210-2.5
C1N2-0603-200V-5P-C0G,C0603-08
C1U-0805-10V-10P-X5R,C0805-1.25
R43R-0805,R0805-05
R301K-0603-25PPM,R0603-04
R215K-0603-25PPM,R0603-04
R64K9-0603-25PPM,R0603-04
R4K87-0603-25PPM,R0603-04
OPA990IDCKR,SC70-5
C470P-0603-200V-5P-X7R,C0603-08
LTST-C193KRKT-5A,0603-05
C470N-0201-4V-20P-X6S,C0201-03
C22U-1210-6V3-20P-X5R,C1210-2.5
SMCJ13CA-13-F,DO-214AB
TPS7A1650DRBT,SON8-3x3x1 0P65 PP
SS16-E35AT,DO-214AC
BSP170PH6327XTSA1,SOT-223 PP
XTR111AIDRCT,VSON10 3x3x1 0P5 PP
MMBT5087LT1G,SOT-23 3x2.5x1 1P9 DBZ Ti
C470N-0603-4V-20P-X6S,C0603-08
MAX14626ETT+T,TDFN6 3x3x0.75 P0.95
MMBT5087LT3G,SOT-23 3x2.5x1 1P9 DBZ Ti
C1N-0603-16V-5P-X7R,C0603-08
R15R-0603-15PPM,R0603-04
LT1611CS5,SC-74A - SOT753 - NEXPERI
R15R-0603-25PPM,R0603-04
C1U-0402-16V-20P-X5R,C0402-05
R1M2-0805-25PPM,R0805-05
SMBJ13A-TR,DO-214AA
ADR363AUJZ-REEL7,SOT-23_5 2.8x2.8x1.2
TPS54226PWPR,HTSSOP14 PP
RC0402FR-0710KL,R0402-03
SMBJ6.0A-TR,DO-214AA
SMLVT3V3,DO-214AA
LM1117IMP-3.3,SOT-223JEDEC
SRV05-4ATCT,SOT-23_6_1.45
R220R-0603,R0603-04
MX25L6406EZNI-12G,WSON8 6x8x.75 1P27
SMBJ30CA-TR,DO-214AA
ADM3202ARUZ,TSSOP16-0.65 PP
BAV70LT1G,SOT-23 3x2.5x1 1P9 DBZ Ti
4816P-1-102LF,SOIC16
PMEG2010AEB 115,SOD523 PP
LP38798SD-ADJ/NOPB,WSON12 4x4x.75 0P5 PP
LTM4622AEV,LGA25-6.25X6.25-1.8
PMEG10020ELR-QX,SOD123
B82496C3150J000,0603-05
SN74LVC2G00DCUR,VSSOP8 DCU PP
MM5Z4V7ST1G,SOD523 PP
530L104KT16T,C0402-05
BC846W-QX,SC70-3
ADG1212YRUZ,TSSOP16-0.65 PP AUTO
TCAN1044AVDRBRQ1,VSON8 3x3x1 0P65 DRB
TLV73333PQDBVRQ1,SOT-23_5 2.8x2.8x1.2
R560K-0603-50PPM,R0603-04
BAV99W-AU_R1_000A1,SC70-3
OPA189IDBVT,SOT-23-5
RSPARHV06BTC1004A,R1206-05
BZX584C3V6-HG3-08,SOD523 PP
ADS131B04QPWRQ1,TSSOP20 6x6x1.2 0P65 RU
C2U2-0402-35V-10P-X5R,C0402-05
R68R-0402-25PPM,R0402-03
LT1007CS8,SOIC8 PP
Y14870R05000B9R,R2512-06
C3216X5R1E476M160C,C1206-1.4
GRM21BR61E226ME44L,C0805-1.25
XMLBWT-00-0000-000UT20E7,LED CARRE 5X5-0.7
C3216X5R1E476MA160C,C1206-1.4
C3216X5R1E476M160AC,C1206-1.4
CGA3E3X5R1H105K080AB,C0603-08
SRP3020TA-8R2M,SRP3020TA
TJA1044BT/0Z,SOIC8
X32-16.000-12-30/30/4085,QZ3.2X2.5
LEDY-0805,LED2-0805-.7 LargeurPad1
CRCW04022K00FKED,0402-05
IRFS4227TRLPBF,D2PAK
TLV431CDBVT,SOT-23-5
C8P-0402-50V-0P1-COG,C0402-05
ABM11AIG-16.000MHZ-8-1Z-T,QZ 2X1.6 x.5 MECA
0680L1000-01,2412-06
BQ79731BQPHPRQ1,TQFP48-0.50
R15K4-0402,R0402-03
B39871B3725U410,DFN6 B3717 PP Pin1-long
AFII-TC-0015,DFN6 B3717 PP Pin1-long
R82R-0402-25PPM,0402-05
C3N3-0603-100V-5P-X7R,C0603-08
ASE-50.000MHZ-LC,QZ3.2X2.5
C47N-0603-25V-10P-X7R,C0603-08
C47N-0805-16V-1P-C0G,C0805-1.25 AUTO
MAX6035AAUR25,SOT-23JEDEC
R549R-0603,R0603-04
403I23D25M00000,QZ 3.2x2.5x.8 4Pins Ecs
SIRA20DP-T1-RE3,POWERPAK SO-8 SINGLE AUTO
C470N-0402-16V-10P-X6S,C0402-05
MCP1702T-3302E/CB,SOT-23JEDEC
MMA02040E1101BB300,MELF0204 AUTO
C4U7-0603-16V-10P-X7S,C0603-08
C100N-1206-200V-10P-X7R,C1206-1.4
R1K3-0201,R0201-02
INA129U/2K5,SOIC8
DG412DVZ,TSSOP16-0.65 PP
DG411DVZ-T,TSSOP16-0.65 PP
ADUM1254ASA,SOIC8
C1N5-0603-50V-20P-X7R,C0603-08
MMA02040E3000BB300,MELF0204 AUTO
MMA02040D3303BB300,MELF0204 AUTO
PIC24FJ64GP202-I/MV,QFN28-5X5X0.5 0P4 UQFN
TLS202B1MBV50HTSA1,SCT-595-5 PP
R16K5-0603-10PPM,R0603-04
OPA2188AIDR,SOIC8
DG333ALDW-E3,SOIC20 PP
R100K-0603-10PPM,R0603-04
NCV8535MN280,DFN10 3x3x.75
PMA-183PLN,QFN16-5P+3P 3.3X2.3 PP
MADS-002054-1146DT,SOT-323_SC-70
IRFR5410,DPAK
LV14540DDAR,SOIC8
CT47U-A-6V3-20P-3R,A TANTAL
TPS3808G33DRVT,WSON6 2x2x.75 0P65 PP
AT24C512C-MAHM-T,UDFN8 3x2x055 0P5 PP
DRV5032FBDBZR,SOT-23JEDEC
SRP4012TA-1R0M,SRP4030
DP83822IFRHBR,VQFN32 5x5x1 0P5 PP
NC7SV04P5X,SC-70-5 2x2x1 0P65 Micrel
NC7SV08P5X,SC-70-5 2x2x1 0P65 Micrel
SZNUD3124LT1G,SOT-23JEDEC
1269AS-H-1R0M,1008-09 PP
TL074IDR,SOIC14
TLV70725PDQNT,X2SON4 1x1x.4
ABM8G-16.384MHZ-18-D2Y-T,QZ3.2X2.5
CT22U-E-35V-20P-0R5,D TANTAL
ST3485EIDT,SO8
LM4040A25IDBZT,SOT-23 3x2.5x1 1P9 DBZ Ti
30BQ040,DO-214AB
MMA02040C1620FB300,MELF0204 AUTO
NSPU3061N2T5G,X2DFN-1x0.6x.5 1P1 PP
SFEM016GB2ED1TO,BGA153 13X11.5X1.2
ECMF2-40A100N6,UDFN6 1.7X1mm EP0.6 PP
R10R-0603,R0603-04
AD8608ARUZ,TSSOP14
C470N-0805-50V-10P-X7R,C0805-1.25 AUTO
CAT16-473J4LF,R1206-05
BAT54SWFILM,SOT-323_SC-70
TLV7011DCKR,SC70-5
TJA1021BT/0Z,SOIC8
TCAN3414DR,SOIC8
PE42421SCAA-Z,SC-70-6 2x2x1 0P65 DCK Ti
CM1610H32768DZFT,C0603-08
ILC0402ER47NJ,0402-05
MP26121DQ-LF-P,QFN10 3x3
LMR36015BRNXT,VQFN12-3x2x.85 0P65P5 HR
MMBZ5V6ALA-7,SOT-23 3x2.5x1 1P9 DBZ Ti
MMBZ33VALT1G,SOT-23JEDEC
IN-S121DBSRYG,1208 LED
ISM97-6251AH-50.000MHZ,QZ 3.2x2.5x0.7 PP
TLV7011DCK,SC-70-5 2x2x1 0P65 Micrel
SIM7672,A7672X
MM3Z5V1T1G,SOD323 1.2x2.5x1 SC-76
A7672E (FASE),A7672X
A7672E,A7672X
1N4148WS-HE3-08,SOD323 1.2x2.5x1 SC-76
PBSS4041NX,SOT-89 PP
BZX384C12-E3-08,SOD323 1.2x2.5x1 SC-76
NX2520SA-19.200000MHZ-NBG1,QZ 2.5x2 x1 4Pins
R9M1-0603,R0603-04
TLV431BSN1,SOT-23 3x2.5x1 1P9 DBZ Ti
MCP1824T-3002E/DC,SOT-223-5 6x7x1 1P27 DCQ
JB12S1001R,1206-07 PP fusible
BAW56WT1G,SOT-323_SC-70
LTC6082IGN#PBF,SSOP16-6.1X4.9
SML-D12M8WT86C,0603-05
LM293DR2G,SOIC8
SMCJ28CA/TR13,DO-214AB
SML-D12U8WT86C,0603-05
DMTH4008LPDW-13,TDFN8 5.2X6.3-1 PP
MCF8329A1IREER,QFN36 5x4x.75
SSFP4959A,DFN8 5x3x.95 1P25-l=2.95
MC74HC1G08DTT1G,TSOP5 ONSEMI PP
B0540W-7-F,SOD123
MB85RS64TPNF-G-AMERE2,SO8
TL074HIDR,SOIC14
ISO7740DWR,SOIC16 10x11x2.6 1P2 DWTi
LTV-217-C-G,SOIC4 PP
TL072HIDR,SOIC8
LTV-827S,DIP8 9.5x9.6x4.4 0P25 PP
ISO7742DWR,SOIC16 DW PP - WB ONSEMI
DG452EY-T1-E3,SOIC16 D PP
ISO7741DWR,SOIC16 DW PP - WB ONSEMI
DS04-254-2-04BK-SMT,DIP8 9.5x9.6x4.4 0P25 PP
MCP2562FD-ESN,SOIC8
ISO1410DWR,SOIC16 DW PP - WB ONSEMI
830059532,QZ5X3.2 .9 PP
LDK320AU50R,SOT-89 PP
ERJ-P06J102V,R0805-05
CT220U-D-16V-10P-0R22,D TANTAL
C6N8-0603-50V-10P-C0G,C0603-08
C220N-0402-25V-20P-X7R,C0402-05
C1U-0603-10V-10P-X7R,C0603-08
R243K-0402,R0402-03
AP7366EA-12SN-7,UDFN6 2X2mm EP0.6 PP
AP7366EA-25SN-7,UDFN6 2X2mm EP0.6 PP
LT8640SEV,QFN24 4x4x1+COINS
SP3031-01ETG,SOD-882 PP
DESD12V0S1BL-7B,SOD-882 PP
DESD3V3E1BL-7B,DFN1006-2
C200P-0201-50V-5P-C0G,C0201-03
MMZ1608Y301BTA00,0603-05
LT8614HUDC,QFN18-4x3x.75 0P5asymEUDC
155124VS73200,1208 LED
LIA-MD6000-6KMG80E,TFBGA80 7x7x1 P0.5
TRS3122ERGET,VQFN24 4x4x1 0P5 RGE Ti
SMF33A-T13,SOD123FL
MEM1608P25R0T001,0603-05
LIF-MD6000-6KMG8OI,TFBGA80 7x7x1 P0.5
ERJ-P06J152V,R0805-05
F1C1-201610-100M,0805-05
CC150U-D10.5X10-50V-0R15,ALUG PP
TS3USB30EDGSR,VSSOP10 PP
AWSCR-8.00CELA-C33-T3,QZ3.2x1.5 2PIN PP
LTM4712IY-PBF,BGA144-16x16sureleve ITAN
150060AS83000,0603-05
CT22U-D-35V-20P-0R1,D TANTAL
ADV7611BSWZ,LQFP64 10X10
CRS06,SOD123FL
PIC16F1704-I/ML,QFN16 4x4x075 P065 PP
RCLAMP0524PATCT,UDFN10-2.5X1.0X0.5
CC150U-D10X10.8-50V-20P-0R15,ALUG PP
ZED-F9P-04B,LGA54-22x17
ES3A-E3/57T,DO-214AB
SN65HVD34DG4,SOIC14
DRV103H/2K5,SOIC8
CAT16-75R0F4LF,1206-05
LT3060EDC-3.3,DFN8 2x2x.55 0P5 PP
C100N-0805-100V-20P-X7R,C0805-1.25 AUTO
R493R-0603-25PPM,R0603-04
R14K-0603-25PPM,R0603-04
R149K-0603-25PPM,R0603-04
R374k-0603-25PPM,R0603-04
NDS9948,SOIC8
PMEG045T050EPDZ,TO-277B
AD5173BRMZ2.5,MSOP10
CAT24C256WI-GT3,SOIC8
INA260AIPW,TSSOP16-0.65 PP
DAC7573IPW,TSSOP16-0.65 PP
C10P-0402-50V-10P-C0G,C0402-05
MMBT3904LP-7,DFN1006-3 CSD F4 YJC
ACM7060-301-2PL-TL01,ACM7060-301-2PL-TL01
LT1715HMS-PBF,MSOP10
AD7997BRUZ-1,TSSOP20-0.65 PP
SN74LVC2G32DCT,SSOP8 PP
SN74LVC74APWT,TSSOP14
MCP4728A0-E/UN,MSOP10
MCP2221A-I/ST,TSSOP14
ADG708BRUZ-REEL,TSSOP16-0.65 PP AUTO
SN74LVC1G123DCU,VSSOP8 DCU PP
AD5241BRZ1M,SOIC14
LTST-C190KGKT,0603-05
LT6200CS8-10-PBF,SOIC8
LTC1968CMS8-TRPBF,MSOP8 PP
ADS1015LIDGSR,MSOP10
OPA333AIDBVT,SOT-23_5 PP
PCA9698DGG,TSSOP56-0.50-BW:6.1
TPS22811LRPWR,QFN10-2P+3P 2x2x.9 0P65
LT3080EDD#TRPBF,QFN10-2P+3P 2x2x.9 0P65
LT3080EDD-TRPBF,DFN8 3x3x.8 0P5 PP
M24256-BFMC6TG,UDFN8 3x2x055 0P5 PP
C47P-1206-50V-5P-X5R,C1206-1.4
C470N-0402-16V-10P-X7S,C0402-05
NSV1C300ET4G,DPAK
ESD321DPYR,X1SON2-0.6x1
WR04X000 PTL,R0402-03
M0G3519QRHBRQ1,VQFN32 5.2x5.2x095 0P5 PP
R3K32-0805-25PPM,R0805-05
C100N-1206-25V-5P-X5R,C1206-1.4
MCWR12X1002FTL,R1206-05
R953R-1206,R1206-05
C4U7-1206-10V-10P-X7R,C1206-1.4
C100N-1206-25V-5P-C0G,C1206-1.4
C47P-1206-50V-5P-C0G,C1206-1.4
AP7375Q-50FDCW-7,UDFN6 2X2mm EP0.6 PP
EEEHD1V220AP,ALUD PP
SMDJ24CA,DO-214AB
AP7381-33Y-13,SOT-89 PP
20033093-50,20033093-50
R64R9-0402,R0402-03
R3K48-0603-10PPM,R0603-04
C10P-0603-50V-2P5-C0G,C0603-08
R470-0603,R0603-04
LM61495QRPHRQ1,VQFN16 HR
LM1117IMPX-5.0/NOPB,SOT-223JEDEC
HCPL0453,SO8 - MOCD223M
C22U-1206-25V-20P-X5R,C1206-1.4
C47P-0603-25V-2P-X8R,C0603-08
C68P-0603-50V-10P-X7R,C0603-08
R1M17-0805-25PPM,R0805-05
ASMT-RR45-AQ902,0603-05
C1U-1206-50V-10P-X5R,C1206-1.4
BZT52C15T-7,SOD523 PP
BSR92PH6327XTSA1,SOT-23 3x2.5x1 1P9 DBZ Ti
2N7002-13-F,SOT-23 3x2.5x1 1P9 DBZ Ti
BZX84C5V6-7-F,SOT-23 3x2.5x1 1P9 DBZ Ti
1SMA5919BT3G,DO-214AC
1SMB5928BT3G,DO-214AA
STPS5L60U,DO-214AA
LY M67K-K1L2-26-Z,0805-05
SQJA80EP-T1_GE3,SO8-5X6
NRVS1MFL,SOD123FL
MBRS360T3G,DO-214AB
C330N-0805-50V-5P-X7R,C0805-1.25
SMAJ30A-HP6AT/13,DO-214AC PP
25LC640A-I/SN,SOIC8
1N4148W-G3-18,SOD123
SN74AHCT14DR,SOIC14
SN7404DR,SOIC14
C4U7-1206-50V-10P-X5R,C1206-1.4
B340B -13-F,DO-214AA
ASMT-RJ45-AQ502,0603-05
C470N-0603-25V-20P-X5R,C0603-08
1812L110-33MR,1812-09
USB5734-I/MR,QFN64 9x9x0.9 P0.5
LTC2873IUFD,QFN24-5x4x.75 0P5 PP
MAX3072EESA+T,SOIC8
LAN7850/8JX,QFN56-0.5 H PP
MIC2019YM6-TR,SOT-26(5)
FT4232HL-REEL,LQFP64 10X10
LMV7219M5/NOPB,SOT-23-5
ISL81387IAZ-T,SSOP20 DB PP
PESD4USB3BBTBS-QX,WDFN10
C43P-0603-50V-5P-C0G,C0603-08
MLZ2012M100HT000,0805-05 AUTO
TPSM63603SRDHR,B0QFN30-6X4X1.8
DAN217WMTL,SC89-3 PATTES PLUS LARGES
560Z224MTT,C0201-03
410501,410501
74AHC1G86SE-7,SOT-353-1
SQJ469EP-T1_GE3,SO8-5X6
C10U-0603-16V-10P-X6S,C0603-08
EEEFK1V470P,ALUD PP
AP22980FCF10-7,WQFN15-1.5X2X0.75
0402DC-4N7XJRW,C0402-05
ADP7142AUJZ-3.3-R7,TSOT-23-5 3x3x1 0P95 Onse
ADP7142AUJZ-5.0-R7,TSOT-23-5 3x3x1 0P95 Onse
74AHC1G14W5-7,SOT-23-5
microSMD075F-2,microSMD
TRF1108RPVR,QFN12 8+4 2x2x.9 0P6 MSP
RCLAMP1561PQTCT,SLP1006P2
1SMB5937BT3G,DO-214AA
C22U-0603-16V-20P-X5R,C0603-08
DMP3036SSS-13,SOIC8
R2k2-0805-25PPM,R0805-05
R49K9-0805-25PPM,R0805-05
R75K-0805-25PPM,0805-05
B560C,SMC 403AC PP
LD1117DT12CTR,DPAK
DMP4015SK3-13,TO-252_DPAK
C2N4-0603-50V-5P-C0G,C0603-08
MPZ1608S101ATAH0,0603-05
PMEG6020ER 115,SOD123W PP
AL8862QSP-13,SOIC8
MCP6486T-E/OT,SOT-23-5
1SMA5918BT3G,DO-214AC PP
SN74LVC257ADR,SOIC16 D PP
MX25L12845GM2I-10G-TB,SOP8 PP 200mil
R0R033-1206,R1206-05
DMG1012T-13,SOT-523 JEDEC-DIODE.COM
ISL43L210IHZ-T,SC-70-6 2x2x1 0P65 DCK Ti
R0R02-2010-2W,R2010-06
AXP1T34GWH,TSSOP5 PP
74404032100,IND 3x3 PP SNR3015
C1U5-0603-25V-10P-X5R,C0603-08
R0R68-1210-0W5,R1210-06
R10M-2010-0W75-2KV,R2010-06
LTC6078CMS8,MSOP8 3x5x1.1 0P65 AnDev
LDK320AM30R,SOT-23-5
R100M-1206,R1206-05
LTC6240IS5,TSOT-23-5 3x3x1 0P95 Onse
LTC2954CTS8-1,TSOT-23-8 PP
C10P-0603-50V-5P-C0G,C0603-08
ITS428L2ATMA1,TO-252-5-11 DPAK-5 PP
SN3257QPWRQ1,TSSOP16-0.65 PP
MC74HC1G08DBVT1G,SOT-23-5
PCAL6408ABSHP,QFN16 3x3x.7 0P5 PP
LT3008ETS8,TSOT-23-8 PP
1SMA5914BT3G,DO-214AC
1SMA5921B,DO-214AC
BZX84C16,SOT-23JEDEC
SQJA80EP,SO8-5X6
FT4232HL-R,LQFP64 10X10
LTC4359IMS8,MSOP-E-8 PP
TPA3112D1PWP,HTSSOP28-10x6.5x1.2 0P65
1SMB5937B,DO-214AA
KSZ9477STXI,TQFP128-14X14
AOZ1360AIL,SOIC8
ZXTN25060BZ,SOT-89 PP
C2N4-0603-50V-10P-X7R,C0603-08
TS5A3157DCKR,SC70-6
AQY414S,SOP4 6x4x2 2P5 PhotoGU
NAU88L21YG,QFN32 5.2x5.2x095 0P5 PP
ESDS311DYFR,SOD323 1.2x2.5x1 SC-76
ASEMB-50.000MHz-LC,QZ3.2X2.5
ERJP03F10R0V,R0603-04
SMBJ7.0A,DO-214AA
C2N-0805-100V-1P-C0G,C0805-1.25
25LC320A-H/SN,SOIC8
GS61004B-TR,GS61004B-TR
C4U7-0805-85V-10P-X7T,C0805-1.25
ISL55110IVZ,TSSOP8 1.2
PAA140S,PAA140S
DRTR5V0U2SR-7,SOT-143 PP
TLP2270-TP4E,TLP2270-TP4E
TRAD,TRAD
R22R-1206-100PPM,R1206-05
DF2B36FU,SOD323 1.2x2.5x1 SC-76
BAS70KFILM,SOD523 PP
CT68U-B-6V3-10P,B TANTAL
REF7025QDGKR,VSSOP8
R576K-0402-25PPM,R0402-03
C100N-0402-50V-20P-X7R,C0402-05
ADG619BRTZ,SOT-23-8 2.8X1.75X1.45 MY
R1K-0603-1PPM,R0603-04
REF200AU,SOIC8
OPA567AIRHGT,VQFN12 5x5x.85 0P8 PP
ISL60002DIH325Z-TK,SOT-23 3x2.5x1 1P9 DBZ Ti
CT10U-B-16V-10P,B TANTAL
C1U-0402-10V-20P-X5R,C0402-05
NTF5P03T3G,SOT-223 PP
LT5400AIMS8E-4,MSOP8 3x5x1.1 0P65 AnDev
AD5781BRUZ,TSSOP20 6x6x1.2 0P65 RU
ADM7151ACPZ-04-R2,WFDN8 3X3
LT6700IDCB-1,DFN6 2x3x.75 0P5 PP
BSD235NH6327XTSA1,SOT-363 PP
PMGD175XNEX,SOT-363 PP
R10K-0805-1PPM,R0805-05
LMG1020YFFT,BGA6-1.15x0.79x.625 0P4 P
R464R-0603-0W063,R0603-04
R681R-0603-0W063,R0603-04
AD5065ARUZ,TSSOP14
744032221,1210-05
CT22U-B-10V-10P,B TANTAL
C100P-0603-100V-10P-X7R,C0603-08
C10P-0603-100V-10P-C0G,C0603-08
R5R6-0805-0W25,R0805-05
NTR5103NT1G,SOT-23JEDEC
C4U7-0805-25V-20P-X7S,C0805-1.25
TSB712AIST,VSSOP8
UCC21225ANPLR,VLGA13
824011,SOT-23-5
ICL3221EIVZ,TSSOP16-0.65 PP
ACPL-074N-000E,SOIC8
PTVS20VS1UR,SOD123W PP
AFBC-Q0805-151-T,0805-05
LM4040B30FTA,SOT-23JEDEC
R0R033-1206-0W5,R1206-05
SDT5A100SAF,DO-221AA-5.9X2.1
MBR2H100SFT3G,SOD123FL
DMTH10H017LPDQ,TDSON8-4.8X5.7
TLV61070ADBVR,SOT-26(5)
TSV912IDT,SO8
D12V0L1B2LP-7B,DFN1006-2
D5V0X1BA2LPQ-7B,DFN1006-2
1SS355VMTE-17,SOD323F
1206-06_100nF,1206-06
FQFP256-0.40,FQFP256-0.40
LQFP48-0.50,LQFP48-0.50
MELF3514_Zenerdiod18V,MELF3514-A12
SOT23-E1JEDEC_NPN520hfe,SOT-23-E1JEDEC
SOT23-E1JEDEC_PNP520hfe,SOT-23-E1JEDEC
1206,1206-05
00744A,SOT23-6
TS63Y102KT20,TS63Y102KT20
C100P-0805-50V-1P-C0G,C0805-1.25
C1U-0805-100V-10P-X7R,C0805-1.25
R100R-0204-15PPM,MELF0204
MM1-0312-SSM2,QFN12-3x3x.9 0P5 PP DQ122
R820R-1210-0W5,R1210-06
MPF050T-FCSG325I,BGA325-11x11
C47U-0805-6V3-20P-X7R,C0805-1.25
MM1-0312HSM-2,QFN12 3x3x.8 0P5 LCC AnDe
DSC1123BL5-125.0000,VDFN6 5X3.2X1
MCP121T-240E/TT,SOT-23 3x2.5x1 1P9 DBZ Ti
C1N-0201-10V-10P-X7R,C0201-03
C100P-0402-50V-10P-C0G,C0402-05
MMDT4401,SOT-363 PP
AP7366EA-10SN,UDFN6 2X2mm EP0.6 PP
AP7366EA-12SN,UDFN6 2X2mm EP0.6 PP
AP7366EA-25SN,UDFN6 2X2mm EP0.6 PP
TPS62130RGTT,QFN16 3x3x075 0P5 PP
CT330U-D-10V-10P-0R15,D TANTAL
TPS62133RGTR,QFN16 3x3x.7 0P5 PP
XFL4020-222MEC,IND 4x4x2 2P37 XFL4020 Co
ERJ-P06F1001V,R0805-05
TPS259530DSGR,WSON8 2x2x.8 0P5 PP
ADG749BKSZ,SC70-6
LT3080EDD,DFN8 3x3x.8 0P5 PP
MPZ1608Y151BTA00,0603-05
LT1129CQ-3.3,D2PAK 5
MM3Z6V2B,SOD323F
LTC1968CMS8,MSOP-E-8 PP
LT6200CS8-10,SOIC8
ADG708BRUZ,TSSOP16-0.65 PP AUTO
LT1715HMS,MSOP10
MAX3232EETE,QFN16 5x5x.8 0P8 PP
KB-EELP41.12-P1R2-36-3X4X-5-R18,0603-05
C47U-1210-16V-20P-X7R,C1210-2.5
C1N-0603-25V-1P-C0G,C0603-08
RSX101M-30TR,SOD123FL
WR06X1001FTL,R0603-04
R0R5-2010,R2010-06
R0R5-2010-1W,R2010-06
R1R-0805-0W5,R0805-05
R8R2-2512-3W,R2512-06
TPSM63603RDHR,B0QFN30-6X4X1.8 AA
IXDI630YI,TO-263-5 PP
LT3080IQ,D2PAK 5
EEEFK1V331AP,ALUG PP
P6SMB24A,DO-214AA
SMBJ11A,DO-214AA
R1K-2512-3W,R2512-06
PMV240ENEAR,SOT-23 3x2.5x1 1P9 DBZ Ti
7447915,C1206-1.4
R10K7-0603,R0603-04
R910K-0805-25PPM,R0805-05
TPS2553DRVR,WSON6 2X2x0.8 P0.85
XR21V1414IM48,TQFP48-0.50
DMN2600UFB,DFN1006-3 AP AUTO
TFZVTR27B,SOD323HE PP DIODE
PCA9306GM,QFN8-1.2x1.4x.5 1-3-1-3
R680K-1206-25PPM,R1206-05
BSS138PW,SC70-3
C4U7-1210-50V-10P-X5R,C1210-2.5
NX7002AKVL,SOT-23 3x2.5x1 1P9 DBZ Ti
C100N-0603-10V-10P-X5R,C0603-08
UCC44273DBVR,SOT-23_5 PP
MMBTA63LT1G,SOT-23JEDEC
C1U-0805-50V-10P-X5R,C0805-1.25
AMC1350QDWVRQ1,SOIC8 -
OPA4992IDR,SOIC14
ISO1412BDWR,SOIC16 DW PP - WB ONSEMI
R0R09-2512-2W,R2512-06
R4K7-2512-3W,R2512-06
INA190A2IDCKR,SC-70-6 2x2x1 0P65 DCK Ti
STM32G0B1KET6,LQFP32-0.80 PP
OPA333AIDBVR,SOT-23-5
LT1129CQ-5,D2PAK 5
SN74AHC04DR,SOIC14
R590K-0603,R0603-04
R4M3-0603,R0603-04
C1N8-0805-50V-2P-C0G,C0805-1.25
C8N2-0805-50V-5P-C0G,C0805-1.25
C2N2-0805-50V-1P-C0G,C0805-1.25
ADG417BRZ,SOIC8
CT100U-E-25V-20P-0R15,EE TANTAL
BUF634AIDR,SOIC8
SN74HC08DR,SOIC14
OPA2211AIDDA,SO-PowerPad-8
LM393BIDR,SOIC8
ADG1412YRUZ,TSSOP16-0.65 PP AUTO
LM339DR,SOIC14
74HC157D,SO16 HYDRA
SN74HC04DR,SOIC14
C100N-0201-16V-20P-X7R,C0201-03
R324R-0201,R0201-02
MAX77757JEFG420,XQFN16 2.6x1.8x0.5 P0.4
R1K07-0805-25PPM,R0805-05
SRP2510A-R47M,1008-09 PP
R910R-0805-25PPM,R0805-05
C10N-0603-10V-10P-X7R,C0603-08
C4U7-0603-10V-10P-X7R,C0603-08
C6P8-0603-100V-20P-C0G,C0603-08
C8N2-0603-100V-10P-X7R,C0603-08
R22R-0603-0W1,R0603-04
R62K-0603-10PPM,R0603-04
R56K-1206-25PPM,R1206-05
BC817-25W,SOT-323_SC-70
ISOM8118DFSR,SO4-4.6x10.3x4.3 2P54 PP
R18K2-0402,R0402-03
R3M-2512,R2512-06
MMZ1608B102CTA00,0603-05
SN74AUP1G17DBVR,SOT-23-5
TLV9102IDRG4,SOIC8
MCP1755S-3302E/DB,SOT-223 PP
VOM617A-6T,SO4-3.6x7x2.1x2P54 PP
VOT8121AM,SO4-3.6x7x2.1x2P54 PP
R82K5-0805-0P1,R0805-05
R9K1-0805-0P1,R0805-05
R13K3-0805-25PPM,R0805-05
CT10U-D-35V-10P-0R125,D TANTAL
LM4040AIM3-10.0,SOT-23 3x2.5x1 1P9 DBZ Ti
LM4040DIM3-5.0,SOT-23 3x2.5x1 1P9 DBZ Ti
TLE2082CD,SOIC8
TLC393IDR,SO8
MC33074DR2G,SOIC14
CT1U-B-35V-10P,B TANTAL
HEF4001BT,SO14
CD4025BM96,SO14
TZMB22-GS08,SOD 80 PP
R82K5-0805-25PPM,R0805-05
R9K1-0805-25PPM,R0805-05
R1R8-0805,R0805-05
R4M-2512-1W,R2512-06
C270N-1812-50V-10P-X7R,1812-09
DSC10A065D1,TO-252_DPAK
WND35P12BJ,D2PAK
TN4050HA-12GY,D2PAK
IPD70R600P7SAUMA1,TO-252_DPAK
ES1JFL,SOD123
M95160-RMC6TG,UDFDFPN-8 2x3x0.53 PP
C22N-1206-500V-10P-X7R,C1206-1.4
74438335220,74438335220
R84R5-0603-0W2,R0603-04
NRVUA160VT3G,DO-214AC
UCC15241QDWNRQ1,SSOP36-0.65-BW:8.0
TLP2355E,SO5 TLP 3.7x7x2.1
C1N2-0603-50V-10P-X7R,C0603-08
STM32H523VET6,LQFP100-0.50
NCP718ASN330T1G,TSOT-23-5 PP
CT417-HSN820MR,SOIC8
BZT52C3V6S-7-F,SOD323 1.2x2.5x1 SC-76
TLV709A01DBVR,SOT-23-5
SI2318CDS-T1-GE3,SOT-23 3x2.5x1 1P9 DBZ Ti
UCC21550CDWKR,UCC21550CDWKR
CT427-HSN830DR,SOIC8
ISM330DLC,LGA14-3X2.5-0.85 PP
QBLP677AD-RGB2,4-PLCC
NSS1C201LT1G,SOT-23 3x2.5x1 1P9 DBZ Ti
KPT-1608SURCK,0603-05
MMSZ5237B-7,SOD123
ISOM8118DFG,SO4-3.6x7x2.1x2P54 PP
LTC4440EMS8E,MSOP8 PP
LTC3722EGN-2,TSSOP24 PW PP
SN74LVC1GU04DBVR,SOT-23-5
MLX91220KDC-ABF-050-RE,SOIC8
C4U7-1206-100V-20P-X7R,C1206-1.4
CT8132SK-HS3,SOT-23 3x2.5x1 1P9 DBZ Ti
AP66300FVBW,QFN16 4x4x075 P065 PP
ERT-J1VG103FA,R0603-04
LTC2065IF,TSSOP14
R0R1-2010-1W,R2010-06
R0R3-2010-1W,R2010-06
AD8544ARUZ,TSSOP14
HEF4047BT,SO14
SN74LVC2G74DCUT,VSSOP8 DCU PP
DRV8816PWPR,HTSSOP16 PWP PP
BSC066N06NSATMA1,TDSON8-4.8X5.7
R0R02-2010-1W,R2010-06
FSV20120V,TO-277B
C2N2-0603-25V-10P-X7R,C0603-08
C470N-0603-50V-5P-C0G,C0603-08
R4R7-0805-25PPM,R0805-05
C10U-0402-16V-20P-X7R,C0402-05
SN74AHCT1G08DCKR,SC-70-5 2x2x1 0P65 Micrel
LMH0041SQE,QFN48-0.5 PP
74ALVT16373DGG,TSSOP48-0.50-BW:6.1
TJA1044BT,SOIC8
AP64102SP,SOIC8
BC847BPDW1T1G,SOT-363 PP
LMH0044SQE,WQFN16 4x4x.8 0P5 PP
SP3221EEY-L,TSSOP16-0.65 PP
LM317MDTX,TO-252_DPAK
AQY212SX,SOP4 6x4x2 2P5 PhotoGU
CT1U-A-25V-10P-NJ,A TANTAL
C1P8-0603-50V-10P-C0G,C0603-08
L2N2-0603-10P,0603-05
L3N6-0603-5P,0603-05
L47N-0603-5P,0603-05
R4K02-0603-0P1,R0603-04
B82496C3181J000,0603-05
B82496C3151J000,0603-05
B82496C3121J000,0603-05
74479774222,0805-05
BFR182E6327HTSA1,SOT-23 3x2.5x1 1P9 DBZ Ti
LT1762EMS8,MSOP8 3x5x1.1 0P65 AnDev
L22U-1210-10P,1210-05
ADF4360-2BCPZ,QFN24 4x4x1 P0.5 PP
ADA4841-1YRZ,SOIC8
LT3462ES6,TSOT-23-6 2.8x2.9x1 0P95
36502A47NJTDG,0805-05
AD9956YCPZ,QFN48-7x7x0.8 0P5 PP
LM1117IMP-ADJ,SOT-223 PP
L100N-0603-5P,0603-05
C1P5-0603-50V-5P-C0G,C0603-08
AD8354ACPZ,LFCSP8-3X2
C8P-0805-50V-5P-C0G,C0805-1.25
36502A6N8JTDG,0805-05
36502A22NJTDG,0805-05
C4P-0603-50V-5P-C0G,C0603-08
C3P-0603-50V-10P-X7R,C0603-08
ADUC842BSZ62-3,MQFP52-0.65-H:2.0
AD8314ARMZ,MSOP8 3x5x1.1 0P65 AnDev
ST3232BDR,SO16 PP
LFCN-2750D+,1206-05
MNA-7A+,QFN8 3x3x.9 0P66 DQ849
BFCN-2555+,BFCN-2555+
LFCN2500D,1206-07 PP fusible
LFCN-80,1206-07 PP fusible
HMC470ALP3E,VFQFN16 PP
LFCN-630D,1206-07 PP fusible
MM74HC574MTC,TSSOP20 6x6x1.2 0P65 RU
MM74HC04M,SOIC14
FT232RNL,SSOP28 10x8x2 0P65 MCP23
CAT16103J4LF,RR1206-3X1.6
KB DELPS2.12-QHRI-24-Z555-10-S,LED-0603 1.6x0.8x0.6 King
36502A39NJTDG,0805-05
HMC539ALP3E,VQFN16 3x3x0.75
AD8353ACPZ,LFCSP8-3X2
IRFR9024N,TO-252_DPAK
KA-4040SURSK,LED2-CUBE-4x4x3.8 2P54 PP
C4U7-0201-10V-10P-X5R,C0201-03
C10U-0402-16V-20P-X5R,C0402-05
TPD1E10B06DPYR,X1SON2-0.6x1
C1U-0603-35V-20P-X7R,C0603-08
C150N-0603-25V-10P-X7R,C0603-08
C7P-0402-50V-5P-C0G,C0402-05
SD1206S040S0R5,1206-05
CT47U-D-25V-20P-120,D TANTAL
TPS55340PWPR,HTSSOP14 PP
TPS3424A11C13ADRLR,SOT-583 - 1.3X2.2X0.6
MAX4983EEVB,QFN10-2P+3P 1.8X1.3-0.5PL
CT47U-B-10V-20P-0R035,B TANTAL
USBLC6-2SC6Y,SOT-23-6L-1.5X2.8
TLV61046ADBVT,SOT-26
SS2FH6HM3/H,SOD123
C2U2-0603-35V-10P-X5R,C0603-08
R1M8-1206,R1206-05
C47U-2220-16V-20P-X7R,2220-16
OPA547F500,D7PAK
C1N-0201-16V-10P-C0G,C0201-03
TLV9001SIDBVRG4,SOT-26
C10U-0603-10V-20P-X7R,C0603-08
NFE61PT330B1H9L,NFE 31 PP
C0P3-0402-200V-5P-C0G,C0402-05
L5N1-0402-2P,0402-05
0402DC-12N,0402-05
0402DC-20N,0402-05
L6N7-0402-2P,0402-05
0402DC-2N8,0402-05
0402DC-2N0,0402-05
L4N7-0402-2P,0402-05
0402DC-6N6,0402-05
ADP7104ACPZ,WFDN8 3X3
ADP7104ACPZ-5.0,WFDN8 3X3
L10U-1210-20P,1210-05
L27U-2323-20P,0604
0603CS33N,0603-05
MCP23S17-E/ML,QFN28-0.65
PMA3-83MP+,QFN12 3x3x.8 0P5 LCC AnDe
AM3152,QFN40-0.5
EQY-0-24+,DFN8 2x2x.55 0P5 PP
LMR54410FDBVR,SOT-26
0402DF-901XJRW,0402-05
C1U-0402-25V-20P-X5R,C0402-05
MAAM-011290,QFN12 3x3x.8 0P5 LCC AnDe
MSQ1PG-M3/H,DO-219AD
C220N-0603-10V-10P-X7R,C0603-08
PIC24EP256GP202-I/MM,QFN28-6x6
PMA2-123LNW+,DFN6 2x2.1x.75 0P65 PP
STUW81300,QFN36 6x6x1 0P5 PP
LFCV-1652+,1210-06 FUSIBLE
SRN2510F-R33M,1008-09 PP
M3SWA2-34DR,QFN16 3x3x075 0P5 PP
C100N-0402-50V-5P-C0G,C0402-05
HFCW-7000+,RR0603
CT2U2-A-10V-10P-ESR,C0603-08
HMC963LC4,QFN24 4x4x1 P0.5 PP
MAAP-011324-TR0500,QFN32 5.2x5.2x095 0P5 PP
AM3153,QFN32 5.2x5.2x095 0P5 PP
MCP23S08T-E/ML,QFN20 4x4x.9 0P5 PP
R28K7-0603-25PPM,R0603-04
MM3Z5V6ST1G,SOD323 1.2x2.5x1 SC-76
SN74LVC1G14DCKR,SC-70-5 2x2x1 0P65 Micrel
TPS73233DBVT,SOT-23-5
TPS73201DBV,SOT-23-5
DFE322512F-100M,1210-05
SDE0604A-270M,0604
CMMSH1-40L,SOD123FL
C100P-402-50V-5P-C0G,C0402-05
KAT-0,TDFN6 2x2x0.75 P0.95
ADP7104ACPZ-5.0-R7,WFDN8 3X3
CT100U-E-25V-10P-100R,E 7.3x6.0x3.8 KEMET
LT3045EDD-1,DFN12-3x3x.75 0P45 PP
LT3580EDD,DFN8 3x3x.8 0P5 PP
R649K-0603,R0603-04
0501010.WRA,C1206-1.4
CT10U-D-35V-20P-260R,D TANTAL
SDM1U100S1F,SOD123FL
LT8625SIV,QFN20-4x3x.8 0P5 PP
LT8622SAV,QFN20-4x3x.8 0P5 PP
TPS7A4701RGWR,VQFN20 5x5 PP
SN74LV595ADR,SOIC16 D PP
R2K8-0603,R0603-04
R0R5-0805-0W25,R0805-05
TLV2461CDBVR,SOT-23-5
DSPIC33CK512MP410-I/PT,TQFP100-0.40
LT3093EDD,DFN12-3x3x.75 0P45 PP
LT8330EDDB,DFN8 3x2x.55 0P5 PP
MMJCG168B7105MRPA01,C0603-08
PZU884LS-B3V3-QYL,DFN1006-2
UDZVTE-175.1B,SOD323 PP DIODE
DTC143XU3HZGT106,SOT-323_SC-70
VSSAF3L63-M3/H,DO-221AC
MBAL-0220PSM,QFN12 3x3x.8 0P5 LCC AnDe
BAT-3+,UDFN6 1.5X1.5 PP
BAT-2+,UDFN6 1.5X1.5 PP
MBT-283+,QFN16-5P+3P 3.3X2.3 PP
C1N6-0603-50V-5P-C0G,C0603-08
R806K-0603,R0603-04
AVA-223MP+,QFN32 5.2x5.2x095 0P5 PP
MAAD-011061,VFQFN20 PP
HMC935LP5E,QFN32 5.2x5.2x095 0P5 PP
TPSM33615RDNR,TPSM33615RDNR
AP2114HA-1.8TRG1,SOT-223 PP
AP7361C-33E-13,SOT-223 PP
EQY-10-24+,TFQFN8 2X2 PP
ST25DV04KC-IE6T3,TSSOP8 1.2
VEML6030,VEML6030
R665R-0603,R0603-04
ISL3177EIUZ,MSOP8 3x5x1.1 0P65 AnDev
STM32U535RCT6,LQFP64 10X10
FXLA104UM12X,UQFN12 1.8X1.8 PP
LTST-FC12WEGBD-5A,LTST-FC12WEGBD-5A
C150N-0603-10V-10P-X7R,C0603-08
C100P-0402-25V-5P-X7R,C0402-05
C12P-0402-6V3-10P-C0G,C0402-05
C3P3-0402-50V-5P-C0G,C0402-05
C3P6-0402-50V-0P25-C0G,C0402-05
BSCH0016080812NJ00,0603-05
CT10U-C-20V-10P-1R,C TANTAL
M34E04-FMC9TG,UFDFPN8 3x2x.55 0P5 Sti
STM32WB5MMGH6TR,LGA86 11X7.3 SIL
PLT1206Z2503LST1,1206-05
R2K5-1206-2PPM-0W4,R1206-05
MUX36D04IPW,TSSOP16-0.65 PP
OPA140AIDBVR,SOT-23-5
AD8421BRMZ,MSOP8 PP
LT5400BCMS8E-1,MSOP8 PP
ADA4099-1HUJZ,TSOT-23-6 2.8x2.9x1 0P95
OPA2140AIDGKR,VSSOP8
ADG2436BCPZ,WQFN16 4x4x.8 0P5 PP
2N7002HR,SOT-23 3x2.5x1 1P9 DBZ Ti
BC816-25H-QR,SOT-23 3x2.5x1 1P9 DBZ Ti
BC806-16H-QR,SOT-23 3x2.5x1 1P9 DBZ Ti
SMMBFJ177LT1G,SOT-23 3x2.5x1 1P9 DBZ Ti
BZX84C15LT1G,SOT-23 3x2.5x1 1P9 DBZ Ti
CPC1114N,SOP4 6x4x2 2P5 CPC1010
C47N-1206-50V-1P-C0G,C1206-1.4
LT8330IS6,TSOT-23-6 2.8x2.9x1 0P95
SZ1SMB5944BT3G,DO-214AA
SCV431BSN1T1G,SOT-23 3x2.5x1 1P9 DBZ Ti
ZXMP10A17E6QTA,SOT-26
CD4070BPWR,TSSOP14
NLV14040BDTR2G,TSSOP16-0.65 PP
CD4081BPWR,TSSOP14
CD4073BPWR,TSSOP14
CD4051BPWR,TSSOP16-0.65 PP
CD40106BPWR,TSSOP14
CD4078BPWR,TSSOP14
CD4543BPWR,TSSOP16-0.65 PP
CD4027BPWR,TSSOP16-0.65 PP
CD4532BPWR,TSSOP16-0.65 PP
CD4508BPW,TSSOP24 PW PP
R18K-1210,R1210-06
PMEG10020AELR-QX,SOD123
MC14060BDTR2G,TSSOP16-0.65 PP
TLV9032QDDFRQ1,TSOT-23-8 PP
KPA-2107LVZGCK,LED-0805x1.05 1P King
KPA-2107LVSECK-J3-PRV,LED-0805x1.05 1P King
BZX384C5V6-G3-08,SOD323 1.2x2.5x1 SC-76
R0R12-2512-2W,R2512-06
BZX84C16LT1G,SOT-23 3x2.5x1 1P9 DBZ Ti
C220N-1206-50V-2P-C0G,C1206-1.4
D1213A-01T,SOD523 PP PLATEAU
CD40103BPW,TSSOP16-0.65 PP
R3M09-0603-100PPM,R0603-04
AP63205WU-7,TSOT-23-6 2.8x2.9x1 0P95
1210L050/30WR,1210-05
SMF26A,SOD123FL
C15N-0805-100V-2P-C0G,C0805-1.25
LD39050PU33R,DFN6 3x3
FODM3053R2-NF098,SOP4 6x4x2 2P5 PhotoGU
AP2281-3FMG,DFN6 1.8x2x.6 0P5 PP
MCP16251T-I/CH,SOT-23-6L-1.5X2.8
R6M8-0603,R0603-04
C4P7-0603-100V-5P-C0G,C0603-08
S2-LPQ,QFN24-0.5 Z PP
AP2281-3FMG-7,DFN6 1.8x2x.6 0P5 PP
UCLAMP3301P,0402-05
LIS2DE12TR,LGA12 2x2x.7 0P5 PP LIS2D
STM32G051G8U6,UFQFN28 4x4x.55 0P5
0603,RELAIS 7X4 PP
0805PS-103KLB,0805-TESTE PP
0603CS-R33XGLW,0603-05
150060RS75000,0603L PP
0603CS-5N6XGLU,0603-08
100nH,0805-09
101X15W102MV4E,0805-09
10nH,0402-03
12nH,0402-03
151080S,SOT-23JEDEC
0805-06_1kOhm,0805-05
0603CS-R11XGLU,0603-08
0603CS-82NXGLU,0603-08
0452005.mrl,FUSIBLE
08055C104KAT2A,0805-09
00743A,SOT-23_6
SMF5V0A,SOD123Flat PP
153477S,0805-05
153837S,0805-05
156756S,0603-05
156757S,0603-05
157646S,SMA
175056S,0603-05
1812L125/16DR,1812-09
1N4148WS-V-GS08,SOD323
1N4448WS,SOD323F SC-90
1SMB5918,SMB
2.7nH,0402-03
156878S,SOT-23JEDEC
2184LPST,SO8 SWITCH
23K640,SO8
153386S,0805-05
156759S,0603-05
1N4148W-E3-08,SOD123
1N5819HW-7-F,SOD123 SMALL MECA PP
1N5819HW,SOD123
1N4148,SOD323 1.2x2.5x1 SC-76
1N4148WT-7,SOD523 PP
0603CS-R10XGLU,0603-05
156735S,0603-05
152667S,SOT-23JEDEC
153452S,0805-05
157650S,0805-05
158727S,DO-214AC
175156S,0603-05
151635S,SOT-23JEDEC
156741S,0603-08
2450BM14A0002T,2450BM14A0002T
24AA025E48T,SOT23-6
24AA16I,SOT23-5
BUF602IDBV,SOT-23_5 PP
24LC1025-I,SO8
24LC1025/SN-ND,SO8
25AA040AT-I/OT,SOT23-6
36501E27NJTDG,0402-36501E
390BLM31P,1206-11
47NLQW15A,0402-05
5.6nH,0402-03
5004987S,SOD123
2N7002lt1g,SOT-23JEDEC
C1N-1206-2KV-5P-X7R,1206-14
R37K4-0603,R0603-04
5008542S,0402-03
2R5TPE470M9,D PP 2R5TPE470M9
5008426S,0402-05
24LC1025-I/SN,SO8LSC
2N7002P,SOT-23JEDEC
5008420S,0402-05
5008545S,0603-05
5006679S,SOT-23_6 SMALL
5004875S,0805-05
5008423S,0402-05
5008425S,0402-05
5008429S,0402-05
5008417S,0402-05 LENT PP
5008431S,0402-05
5008422S,0402-05
5010215S,0402-05
5012210S,0603-05
5012632S,0402-05
AD8597ARZ,SOIC8 PP
5014353,0805-05
5009009S,2412-06
5050095A,0402-05
C1P-0603-50V-0P05-C0G,0603-08
R10M-2010-0W5,R2010-06
5012339S,0402-03
5009503S,0402-05
5014355A,0402-05
5012335S,0402-03
5014002S,0402-05
5015013A,1206-05 LENT PP
5014719A,0402-03
5015088A,0402-03 LENT PP
5014353A,0805-14
5010993S,0402-03
5013223S,0402-05
5013221S,0603L PP
5013215S,0402-03
5009508S,0402-03
5009502S,0402-05
5010260S,DO-214AC
5012211S,0402-03
5014359A,0402-05 LENT PP
5012733S,0805-05
5015644A,0402-03
5050869A,0603-05
5054807A,0603-05
5067526A,1206-05
5069192A,SOT-23
5101343,1206-09
5120241,1210-14
5120918,0402-05
5121772,0603-08
TPS78533QWDRBRQ1,SON8-3x3x1 0P65 PP
ADP1764ACPZ-1.2,QFN16 3x3x.7 0P5 PP
LT3015EDD,WSON8 3x3x.75 0P5 PP
REG71055DDC,SOT-23_6
5069344A,0603-08
5050875A,0402-03
5060397A,0402-05
5062651A,0402-05
5051639A,SOD123 Z
5122019,QFN20-0.5 Z PP
5057941A,0402-03
5062608A,0603-08
5066071A,0402-05
5071604A,0402-03
5069185A,0402-03
5120917,0402-03 SMALL PP
5109269,1206-09
5055140A,SOT-23 LENT PP
5051429A,SOT-23 LENT Z PP
5123222,0603-08
5055150A,0402-03
5053952A,0402-03
5052743A,SOT-323_SC-70_6
5111525,0402-03
5125675,SOT-23
57065,DO-214AC
C16P-0402-50V-1P-C0G,0402-05
57344,DO-214AC
C1P4-0201-50V-0P1-C0G,0201-03 PP
54500,SOT-23_5 PP
54502,SOT-23_5 PP
717-AM-24.000MAGE-T,QZ3.2x2.5x0.7
74279201,0805-08
5124380,0402-05
5123675,SOT-23JEDEC
5124982,TSSOP5 PP
57085,SOT-23_6
57376,0805-05
60130,QZ 3.2x2.5x0.7 PP
60055,1812-09
57330,DO-214AC PP LENT HYDRA
54936,SOT-323_SC-70_6
742792041,0805-09
54938,SOT-323_SC-70_6
57374,0805-05
54891,QFN32 5x5x08 0P5 PP
54493,SOT-323-6 = SOT23-6 PTI B
57322,1206-08 Z MECA PP
60020,0603-05
54803,SOT-23_5 PP
54799,SOT-23_5 PP
744235110,744235110
74455122,SC70-5
74AHC1GU04GW,SC70-5
74AHCT1G08SE-7,SC70-5
74HCT04-SO14,SO14
74LVC02A,TSSOP14
74LVC1G04,SOT23-5
74LVC1G08W5,SOT23-5
74LVC1G175GM,SOT-886
82356050050,0603-05
82550250,0805-12
A5995GEVSR-T,QFN36 6X6X0.90
AA3528QBSD,1206L
742792607,0603-08
742792608,0603-08
74LVC1G32GW,SOT-323_SC-70_5
824013,SOT-23_6
742861210,0603-05
744784210A,0402-03
74279265,0603-08
742792118,1206-05
744786210A,0603-08
742792602,0603-08
742792093,0805-09
BQ24072RGT,QFN16 3x3x.9 0P5 PP
AD7685,MSOP10
AD8032,MSOP8
AD9125BCPZ,LFCSP72 10X10X0.85
ADC121C021CIMK,SO6
ADCMP600,SOT23-5
ADG781BCPZ,QFN20 4X4X0.75
ADL5375-05 ACPZ,LFCSP24 4X4X0.75
ADL5565ACPZ,LFCSP16 3X3X0.75
ADP172ACBZ-1.0R7,BGA 4 0.95x1.025x0.595
ADP172ACBZ-1.2R7,BGA 4 0.95x1.025x0.595
ADP172ACBZ-1.8R7,BGA 4 0.95x1.025x0.595
742792653,0603-08
742792063,0805-12 PP
74279262,0603-05
74AHC1G04GW,SC-70-5 2x2x1 0P65 Micrel
ADP2147ACBZ-150-R7,BGA 6 1.03x1.505x0.595
ADP3336,MSOP8
ADP5090,QFN16 3X3X0.75
ADS5400IPZP,TQFP100-0.50
ADXL312ACPZ,QFN32 5x5x1.45
ALM-81224-BLKG,QFN24 6X6X1
AMPLIOP1,SOT23-5
AO3420,SOT-23
ADA4302-4ACPZ-R2,QFN20-0.5 Z PP
ADG884BCPZ,SON10 3X3-0.75 PP
AD9783BCPZ,QFN72-10X10-0.9 Z PP
ADP3336ARMZ,MSOP8 PP
AD8436ACPZ,QFN20-0.5 Z PP
ADL5240ACPZ,LFCSP32 5X5X0.85
AD8342ACPZ,QFN16 3x3x075 0P5 PP
ABM10-25.000Mhz-E20-T,QZ2.5X2 PP
AD5272BRMZ100,MSOP10 Z PP
ADXL375BCCZ,LGA14 5x3x.95 0P8 ADXL375
AON7520,AON7520
AP2281-3WG-7,SOT23-6
AP7165-FNG-7,DFN10 3x3
APG1005SECET,0402-05
LM6132BIM,SOIC8 PP
APHHS1005CGCK(vert),0402-05
APHHS1005SYCK,0402-05
APHHS1005SYCK(jaune),0402-05
APTD1608QBCD,LED BG1111C
APTD1608SECKJ3-PF,LED BG1111C
ASDMB-100-LY-T,QZ2x2.5x0.85
ASMT-CW20,0603-02
ATMEGA2560-16AU,TQFP100-0.50
ATMEGA328P,QFN32
ATSAMG55G19A-UUT,WLCSP49 BGA
B72500E0140K060,0603-08
B72590D50A60,0402-05
B160-13-F,DO-214AC
ATMEGA88PA-AUR,TQFP32-0.80 PP
APHHS1005CGCK,0402-05
B82498F1472J,0805-09 LENT
APD3224SGC-F01,LED2 3.2x2.4x2.4 APD3224r
B0540WS-7,SOD323 PP DIODE
B330A-13-F,DO-214AC
B72520T0140K062,IND2 1206 B72520T0140K062
B82496C3180G000,0603-08
B82498F1472J000,0805-11 INDUCT LUM PP
APD3224SURCK-F01,LED2 3.2x2.4x2.4 APD3224r
BAR88-02VH6327,SC79
BAS21AHT1G,SOD323
BAS516-115,SOD523
CSD17483F4,DFN1006-3 CSD F4 YJC
SN74LVC1G38DRY,SON6-1.45x1x.6 0P5 PP
BAS16HT1G,SOD323F PP
BAT54S.215,SOT-23JEDEC
BAT54T1G,SOD123
BAV21,SOD-123
BAV21W,SOD-123
BAT54W,SOT-323_SC-70
BAS16SL,SOD523 SMALL Z PP
BAV21W-7-F,SOD123
BAT54A-7-F,SOT-23JEDEC
BAT54SFILM,SOT-23JEDEC
BAS16XV2T1G,SOD523 Z PP
ATC530L104KT16T,0402-05
BAT54SW,SOT-323_SC-70
BAS28,SOT-143JEDEC
BAS85,SOD-80
BAS16,SOT-23JEDEC
BAV199T,SOT-523 PP
BAS32L,SOD 80 PP
BAS70-04,SOT-23JEDEC
BAT54JFILM,SOD323 PP DIODE
BAT54aw,SOT-323_SC-70
BAV99SE6327,SOT23-6 E6327
BC807,SOT-23JEDEC
BC847A,SOT-23JEDEC
BC847B-215,SOT-23JEDEC
BC847BLT1G,SOT-23
BC847W,SOT-323_SC-70
BC850CLT1G,SOT-23JEDEC
BC850CW,SOT-323_SC-70
BCW33,SOT-23JEDEC
BFP240,TSFP-4-1
BFR93AW,SOT-323_SC-70
BFS540,SOT-323_SC-70
BKP1005HS121-T,0402-03
BLANC-0603,0603-05
BAT54ws,SOD323 PP DIODE
BAV199,SOT-23JEDEC
BAT54J,SOD323F
BAS516,SOD523 PP
B82498F3471J,0805-05 AUTO
BAV99S,SOT-323_SC-70_6 PLATEAUPP
BC807-16,SOT-23JEDEC
BC846BLT1G,SOT-23
BAV99WT1G,SOT-323_SC-70
BLM15AX102SN1D,0402-05
BC847BW,SOT-323_SC-70
BLM15AX300SN1D,0402-05
BLM15BA750SN1D,0402-05
BLM15BC241SN1D,0402-05
BLM15PD121SN,0402-05
BLM15PD121SN1,0402-05
BLM15PX600SN1D,0402-05
BLM18AG102SN1,0603-06
BAW56,SOT-23JEDEC
BC846B,SOT-23JEDEC
BAV99,SOT-23JEDEC
BG1111C-TR,0603-05
BLM15PD121SN1D,0402-05
C47U-1210-25V-20P-X5R,1210-18 PP
BC847C,SOT-23JEDEC
BF862,SOT-23JEDEC
BC847B,SOT-23JEDEC
BLM15AX221SN1D,0402-05
BLM18BB100SN1D,0603-06
BLM18HE102SN1,0603-08
BLM18PG300SN1,0603-08
BLM18PG330SN1,0603-08
BLM18PG600SN1,0603-08
BLM15BD601SN1D,0402-05
BLM18HG102SN1D,0603-09 PP
BLM18EG471SN1D,0603-08
BLM15EG121SN1D,0402-05
BLM18EG471SH1D,0603-08
BLM15BB220SN1D,0402-05
BLM15BC121SN1D,0402-05
BLM21,0805-09
BLM21AG102SN,0805-09
BLM21AG102SN1,0805-09
BLM18BD601SN1D,0603-05
BLM18PG600SN1D,0603-05
BLM18AG121SN1D,0603-05
BLM18PG121SN1D,0603-05
BLM15GG221SN1D,0402-05
BLM18PG471SN1D,0603-05
BLM18PG181SN1D,0603-05
BLM21PG220sn1,0805-09
BLM21PG221,0805-09
BLM21pg221sn1,0805-09
BLM31P,1206-05
BLM31P391S,1206-09
BLM31PG12.SN1L,1206-09
BLM31PG121SN1,1206-09
BLM31PG330S,1206-09
BLM31PG500SN1L,1206-09
BQ2403,QFN20
BQ24030,QFN20
BQ24120RHLTG4,QFN24 4.5X3.5X0.9
BQ24295RGRT,QFN24
BQ24735RGRT,VQFN-20
BSB012NE2LX,SON2
BLM31PG391SN1,1206-05 LENT PP
BSC123N08NS3G,V8KM60DUHM3
BLM18RK601SN1,0603-08
BLM21pg331sn1d,0805-09
BLM21PG220SH1D,0805-09
BLM18RK221SN1D,0603-08
BLM18RK601SN1D,0603-05
BSH103,SOT-23 LENT PP
BQ51003YFPT,BGA28-3x1.9x.5 0P4 PP
BSH105,SOT-23JEDEC
BSR17,SOT-23JEDEC
BSR17A,SOT-23JEDEC
BZT52C12S,SOD-80
BZV52C12S,SOD-80
BZX84C3V9LT1G,SOT-23
BZX84c10,SOT-23JEDEC
BSS123TA,SOT-23 LENT PP
BZX84C13LT1G,SOT-23JEDEC
BZT52C5V1T-7,SOD523 PP
BZV55C4V3,SOD 80 PP
LTM4613EY,BGA133-15x15x4.32 1P27 LT
BZV55,SOD-80
BSS138,SOT-23JEDEC
BZV55-C12,SOD-80
BSS138N,SOT-23JEDEC
BSS123L,SOT-23JEDEC
BLM21AG102SN1D,0805-05
BZV55-C15,SOD 80 LENT PP
BZV55-C3V3,SOD-80
BSZ105N04NSG,SON8 3.3X3.3-0.75 Z PP
BZT52C12,SOD123
BSR14,SOT-23JEDEC
BSS84AKS,SOT-323_SC-70_6 PLATEAUPP
BSN20,SOT-23JEDEC
BZV55C22,SOD 80 PP
NCS2252SN2,SOT-23_5 PP
TPS563200DDC,SOT-23_6
C1005X5R0J475K050BC,0402-007
LT1011IS8,SOIC8 PP
LM385M3-1.2,SOT-23JEDEC PP LENT
MC33039D,SOIC8 PP
MC14051BDT,TSSOP16-0.65 PP
ACS723LLCTR-40AB,SOIC8 PP
ISO1042BDWV,SOIC8 DWV PP
LM385M3-1.2B,SOT-223JEDEC
BSS123,SOT-23JEDEC
C4N7-1206-1KV-10P-X7R,1206-14
R0R27-2512-1W,R2512-06
R47K-2512-1W,R2512-06
LTC1665IGN,SSOP16-6.1X4.9
BZX384-C5V6,SOD323 PP DIODE
C18P-0603-100V-5P-C0G,0603-05
TPS76633DR,SOIC8 PP
L6385ED,SOIC8 PP
TPS77533PWP,HTSSOP20 PWP PP
C390P-0805-250V-10P-C0G,0805-09 PP
UC2843D8TR,SOIC8 PP
MCP6V51T-EOT,SOT-23_5 PP
74HC02D,SOIC14 N 150 mil SL PP
MMSZ5233C,SOD123W PP
EEEFP1E101AP,ALUE PP
FAN6300HMY,SOIC8 PP
US1J,SMA PP
TC2186-3.0VCT,SOT-23_5 PP
TC2186-3.3VCT,SOT-23_5 PP
C1N-1210-2KV-10P-X7R,1210-20 PP
SS1060FL-R1-00001,SOD123Flat PP
SN65HVD252D,SOIC8 PP
TLV314IDBV,SOT-23_5 PP
150060YS55040,0603L PP PLATEAU
SML-LX-0603USBW,0603-09 PP
RR2K7-0804,0804
LQP03HQ3N9B02D,0201-03 PP PLATEAU
DSPIC33EP512GM604-IPT,TQFP44-0.80
BAV21WS,SOD323 PP DIODE BAT54WS
MAX3232ECAE,SSOP16 DBQ PP
74LVC1G07GW,SOT-353-1 PP
CC220U-D6X5.8-16V-20P,ALUD8 PP
TPS2553DRV,WSON6 2x2x.75 0P65 PP
FSA2567UMX,QFN16 2.6x1.8x.55 0P4 PP
ST4SI2M0020TPIFW,WSON8 5x6x.75 1P27
TPS76150DBV,SOT-23_5 PP
TXB0102DCU,VSSOP8 DCU PP
C0P3-0201-50V-5P-C0G,0201-03 PP
1.5SMB75CA,SMB PP
NCV4264-2ST50,SOT-223JEDEC
EEEFK1A221XP,ALUD8 PP
EEEFK1V471SP,ALUG PP
MA330GQ,QFN16 3x3x.9 0P5 PP
ATMEGA8-16AU,LQFP32-0.80 PP
R0R007-2512-1W,R2512-06
MF-MSMF110-16-2,MF-MSMF110 FUS
C10N-0805-500V-10P-X7R,0805-05
C20P-0603-50V-5P-C0G,C0603-08
C10U-0805-10V-5P-X7R,0805-05
C22U-0805-16V-20P-X5R,C0805-1.25
C47N-0201-10V-10P-X5R,C0201-03
RTL8305NB-CG,QFN48-6X6X0.9
155060VS75300,0603-09 PP
GDH04S04,SO8-SW-6.2x8x2.3-GDH04S04
LT6654BIS6-5,SOT-23_6
FM24VN10-G,SOIC8 PP
MCP3208-BI-SL,SOIC16 D PP
ADM3101EACPZ-250R7,QFN12 3x3x.75 0P5 ACPZ
SP335EER1-L,QFN32 5x5x09 0P5 PP
MX25L51245GXDI-10G,BGA24-8x6x1 AUTO
LTC2850IDD,DFN8 3x3x.8 0P5 PP
LTC2875IDD,DFN8 3x3x.8 0P5 PP
MAX3378EETD,DFN14-3x3x.75 0P4 PP
LMZ20502SIL,DFN8 MODULE LMZ21700SILT
0451.400MRL,451 - FUSIBLE LITTLEFUSE
C1210C106K8PACTU,1210-18 Z PP
STM32H753XIH6,BGA240-14x14x1.1 0P8 TFBG
CT22U-C-25V-10P-1R4,C TANTAL
MAX14830ETM,QFN48-7x7x0.8 0P5 PP
MAX3225EETP,QFN20-5X5-0.8 0P5 PP
LTM8023IV,LGA50 11.3x9x2.8 1P27 LTM
NFM18CC101R1C3D,0603-05
FDC3512,SOT-26
C4N7-0402-50V-10P-X7R,C0402-05
ICM-42688-P,LGA14-3X2.5-0.85 PP
AD621BRZ,SOIC8 PP
AD8626ARZ,SOIC8 PP
ADG441BRZ,SOIC16 D PP
1N4007SMD,SMA PP
BZX84-C12,SOT-23JEDEC
C39N-0805-50V-10P-X7R,0805-09 PP
LT4256-2IS8,SOIC8 PP
LM317MDCY,SOT-223JEDEC
R115K-0402-25PPM,R0402-03
C3N3-0603-50V-5P-X7R,0603-05
OLS-136HR-HYG-XD-T,1206-12 PP
R226K-0603,R0603-04
NEO-M8P-2,MOD24 16x12.2x2.4 1P1 NEO
R93K1-0402-25PPM,0402-05
CC100N-0508-10V-10P-X5R,0508
RR100K-1506,RR EXB2HV
NC7SZ157L6X,DFN6 1x1.45x.5 0P5 PP
C4N7-0603-50V-5P-X7R,C0603-08
R19K6-0805,R0805-05
R25K5-0402-25PPM,R0402-03
LT3970EMS,MSOP10
CD74HC132M96,SOIC14 N 150 mil SL PP
MCP14E10-ESN,SOIC8 PP
CD40106BM,SOIC14 N 150 mil SL PP
SN74HC14D,SOIC14 N 150 mil SL PP
74476420,IND2 1210x2.2 74476420
CD74HC30M96,SOIC14 N 150 mil SL PP
7W-100.000MBB,QZ 7.5x5.2x1.4 4pins PP
MMSZ5225B,SOD123W PP
L4931ABD120,SOIC8 PP
L79L12ACD13,SOIC8 PP
NCV8164ASN250,SOT-23_5 PP LENT
G6K-2F-DC5,G6K-2F
EEEFK1H220P,ALUD PP
NA555D,SOIC8 PP
C680N-0402-10V-10P-X7S,0402-05
R0R008-2010-0W5,R2010-06
RR330R-1506,RR EXB2HV
CT4U7-R-10V-10P-9R,A TANTAL
BAS416,SOD323 PP DIODE
DMG1012T,SOT-523 JEDEC-DIODE.COM
R0R11-2010,R2010-06
C68P-1210-50V-5P-C0G,C1210-2.5
CD4013BPW,HTSSOP14 PP
LM2902ED,SOIC14 N 150 mil SL PP
CD4093BPW,HTSSOP14 PP
ERB-RE1R00V,0603-08
MAX14931CASE,SOIC16 D PP
AD7689BCPZ,QFN20 4x4x.9 0P5 PP
TLV4171ID,SOIC14 N 150 mil SL PP
ADS8638SRGET,VQFN24 4x4x.9 0P5 PP
LM5107MA,SOIC8 PP
TS3704IPT,HTSSOP14 PP
TLC274CPW,HTSSOP14 PP
DSILC6-4P6,SOT-666 PP
XC9572XL-10VQ44I,TQFP44-0.80
CDRH6D28NP-101NC,IND2-6.7x6.7x3 CDRH6 MECA
W25Q80DVSNIG,SOIC8 PP
MB85RS16NPNF-G-JNERE1,SOIC8 PP
IRFS7440,TO-263
ACS711KEXLT-31AB,QFN12-3x3x075 0P5 ACSal
ES1B,SMA 2.6x5.2x2.10
R330R-0805-0W5,R0805-05
KSZ8863RLLI,LQFP48-0.50 PP
TLV170IDR,SOIC-8
C1U-0402-10V-10P-X7S,C0402-05
RPL-3.0,LGA10-3x3x1.2 0P65 RECOM
MX25L12833FM2I-10G,SOP8 PP 200mil
USB2514B-IM2,QFN36 6x6x1 0P5 IM2 MICRO
LTC1655CS8,SOIC8 PP
SN74LVC3G17DCU,VSSOP8 DCU PP
TL1963A-33DCYR,SOT-223JEDEC
TCMD4000,SOIC16 D PP
TLV170IDBV,SOT-23_5 PP
APX809S-31SA,SOT-23JEDEC
TLV2170ID,SOIC8 PP
NXB0108PWJ,TSSOP20-0.65 PP
ILD206T,SO8 6x6x3.3 1P27 ILD206T
TPS65988DHRSHR,QFN56-7x7x1 0P4 RSH
MIC2039AYM6,SOT-23_6
ADR4525CRZ,SOIC8 PP
CT1U-C-50V-10P-2R5,C TANTAL
PMEG40T10ERX,SOD123W PP
MPZ1608S300ATAH0,0603-08
R1K2-0805-0W5,R0805-05
R2K2-1206-0W5,R1206-05
R2K-0805-0W5,R0805-05
R10K-0805-0W5,R0805-05
BLM31KN801SZ1L,1206-14
LS7366R-S,SOIC14 N 150 mil SL PP
CHV2512-FX-2204EST,2512-06
ADG333ABRSZ,SSOP20 PP
ADG419BRMZ,MSOP8 PP
RB168MM-150,SOD123Flat PP
AD8602DRZ,SOIC8 PP
OPA4364AIPWT,HTSSOP14 PP
SRP4030FA-1R0M,SRP4030
LM27313XMF,SOT-23_5 PP
USBUF02W6,SOT-323_SC-70_6 PP
SRR1280-120M,IND2 12x12x8 SRR1280
ASEM1-24.000MHZ-LC,QZ 3.2x2.5x.8 2P1 ASEM
LDL1117S33R,SOT-223JEDEC
C18P-0603-50V-1P-C0G,0603-05
ISM43340-M4G-L44-10CF-C6.2.1.8,ANT44-34x14x2.5 1P45 MECA
R576R-0603,R0603-04
LYY876-Q2T1-26,LED LG Y876 PP
XFL3010-222ME,IND2 3x3x1.1 XFL3010
PIC32MZ1024EFK44-IPL,TQFP144-0.50
NDS351AN,SOT-23JEDEC
CT470U-X-6V3-20P-0R05,X TANTAL
PMBT2369,SOT-23JEDEC
ADA4897-2ARMZ,MSOP10
CT330U-B-2V5-20P-0R035,B TANTAL
R0R003-1206-1W,R1206-05
KP-2012MBC,0805-LED
R237K-0603-25PPM,R0603-04
C39P-0603-50V-1P-C0G,0603-05
C4U7-0805-50V-10P-X7S,0805-09 PP
PIC18F26K80I-SSOneLed2019-42-0,SSOP28-0.65-BW:6.1
C27P-0603-50V-1P-C0G,0603-08
744232261,IND4 1.6x3.2x1.85 MECA 74
R0R001-1206-1W,R1206-05
R0R003-0805-0W5,R0805-05
C47P-0603-50V-1P-C0G,0603-05
C100P-0603-50V-1P-C0G,0603-05
KP-2012SRC-PRV,0805-05
R0R005-0805-1W,R0805-05
R49R9-0805-0W5,R0805-05
CDCLVC1102PW,TSSOP8 PP
CDCLVC1108PW,TSSOP16-0.65 PP
CC10U-D4X5.4-16V-20P,ALU-B
CC1120,QFN32 5x5x0.9
CD74HC4051M,SSOP16 LONG
CDCLVD1204RGTT,QFN16 3X3X0.9
CDCLVD1212RHAT,VQFN40 6X6X0.9
LT1679CS,SOIC14 N 150 mil SL PP
COULOIR HS,SC75
CPH6341-TL-E,SOT23-6
CR-1206-10N-50V-10P,1206-05
CRA04S08356R0JTD,0804
CSD17308Q3,SON8
CT100N-A-35V-10P-20R,A
CLRC66301HN,QFN32 5x5x08 0P5 PP
CAP1203-1-AC3-TR,DFN8-2x3x.55 0P5 PP
CDRH5D28NP-6R2NC,CDRH5 AUTO
CP2102-GM,QFN28-5x5x.9 0P5 PP
CG0603MLC-3.3LE,0603-05
CT100U-D-10V-10P-0R05,D PP
CP2103-GM,QFN28-5x5x.8 PP
CAT16-1002F4LF,1206-05
EPCQ64ASI16N,SOIC16 DW PP - WB ONSEMI
LT6105CMS8,MSOP8 PP
CDSOD323-T12C,SOD323 PP DIODE
LTC1157CS8,SOIC8 PP
CT100U-B-6V3-10P-0R4,B
CT22U-A-6V3-10P-3R,A
CT22U-B-16V-10P-2R2,B
CT10U-D-50V-10P-0R8,D PP
DS1339C-33,SOIC16 DW PP - WB ONSEMI
LTC2990CMS,MSOP10
SN74LVC257APW,TSSOP16-0.65 PP
CW100505-27NJ,0402-03
CYUSB3014-BZXI,BGA121-10x10-1.1
Component 01,0805-05
DA14580-01UNA,WLCSP34 BGA
DAN222G,SC75
DB2X41100L,SOD-123
DLP31S,1206-09
DMG1013T-7,SOT-23 BC847BW
LTC1564CG,SSOP16 G LINEARTECH
CT100U-B-6V3-20P-0R04,B TANTAL
CT10U-A-20V-20P-5R,A TANTAL
DMP2104V-7,SOT23-6 DMP2104
DS1307-SO8,SO8
DS1813,SOT-23
DS1813S,SOT-23
DS485M,SO8
DSPIC233EP256MU806-I/MR,QFN64
MT25QL512ABB8ESF-0AAT,SOIC16 DW PP - WB ONSEMI
CW100505-47NJ,0402-05
DG4053AEN-T1-E4,QFN16-2.6x1.8x.8 0P4 PP
DLW43SH510XK2L,DLW43SH510XK2L PP
DLP11SN900HL2L,DLP11S AUTO
DTC144EET1G,SC75
EEE1CA100SR,AEC
EEEHC1C100R,AEC
EGF1D-E3/67A,DO-214BA
ENC28J60,SSOP28-0.65-BW:7.8
ERJB2AF151V,1206-05
ERJP6WF1600V,0805
ERJU14F1103U,R2010LARGE
ES1A,SMA
ESD9X0.5ST5G,SOD923 PP
DMG1012T-7,SOT-523 JEDEC-DIODE.COM
DRC5143X0L,SOT-1061 AP AUTO
ESD5Z2.5T1G,SOD523
EXB28V220JX,0804
FB100R,0603-08
FB200R,0603-08
FDG6322C,SC70-6
FDMS86322,FDMS86322
FDN302P,SOT-23JEDEC
FDS6375,SO8
FDT439N,SOT-223JEDEC
FDN337N,SOT-23JEDEC
EMI4193MTTAG,WDFN16-4x2 0P5 asym PP
ESD9X5.0ST5G,SOD923 PP
DZ2W13000L,SOD123
ES1D,SMA PP
ECMF02-4CMX8,DFN8-2.5x1.2x1.2 0P5 CMX8
ESD9L3,SOD923 PP
ERJB1BF2R0U,2010-06
FERRITE,0603-08
FERRITE600z,0805-09
FERRITTE,0805-09
FDN360P,SOT-23JEDEC
FDC638APZ,SOT-26
FDC5614P,SOT-26(5)
FILTRE,0805-05
FUSIBLE,1206-05
GBLC08C-LF-T7,SOD323F SC-90
GG25LAJ,BGA-GG25LAJ
GREEN,PLCC2
GREEN-0603,0603-05
HK10052N7S-T,0402-05
HK10053N9S-T,0402-05
HK10058N2J-T,0402-05
IC-MD,SSOP20
ICL7660SCBAZ,ICL7660
ICM-20608-G,QFN16 3X3X1
GCJ188R72A472KA01D,0603-08
HMC697LP4E,QFN24-0.5 Z PP
HMC830LP6GETR,QFN40-0.5 Z PP
GCJ188R72A102KA01J,0603-08
GF1B,DO-214AC
HMC624ALP4E,QFN24-0.5 Z PP
GF1G,DO-214BA
GF1G-E3/67A,DO-214BA
HSMG-C170,0805-LED
HEF4053,SO16
HSMR-C190,0603L PP
HMC1097LP4E,QFN24 4x4x1 P0.5 PP
FDY100PZ,SOT-523 JEDEC-DIODE.COM
ICM-20649,QFN24 3X3X0.9
INA210AIDCKR,SC70-6
INA214BIDCKT,SC70-6
INDUCTANCE-150N,0603-08
INDUCTANCE-27N,0402-03
INDUCTANCE-47NLQW15A,0402-03
IR2181SPBF,SO8
IRLML2402_SOT-BASE,SOT-23
ITS4140N,SOT-223JEDEC
KA-3528VBS-D,KA-3528VBS-D-09
TPD4E05U06DQAR,USON10-2.5x1x.5 0P5 DQA
KNH16C104DA5TS,0603-07
KP-1608YC,0603L-KP1608 SERIES
KP-2012SEC,0805L
KP-3216EC,KPTD-3216 (1206-18)
KPHHS-1005SYCK,0402-05
INDUCTANCE-390NLQW15A,1206-05
IPS511,SO8
HSMF-C155,LED4 1210-11 HSMF C155 PP
KP-1608EC,0603L
IRF5805TRPBF,SOT-23_6
KA-4040QBS-D,LED2-CUBE-4x4x3.8 2P54 PP
KP-1608SURCK,0603-05 LENT PP
KPT-2012VBC-D,0805L
KPTD-3216SGC,KPTD-3216 (1206-18)
KPTD-3216SURC,KPTD-3216 (1206-18)
KPTD-3216SYC,LED2-1.6x3.2x1.8 DOM-APTD
L150N-0603,0603-08
LAA110STR,SC70-5
LBQH9G-N1OO-35-1,LB QH9G
LD6815TD/33P,SOT23-5
LED,LED OSRAM SOMFY
LED-BLEU-KA3528,3528-led
LED-JAUNE-0805,0805L
LED-ORANGE-0805,0805L
IRLML2402,SOT-23JEDEC
IRFR3410,D2PAK
KP-3216SRC-PRV,1206-12 PP
KP-1608MGC,0603-05
KP-3216SURC,1206-12 PP
IRLML6402,SOT-23JEDEC
KP-3216SURCK,1206-09
LED-ROUGE-0805,0805L
LED-ROUGE-KA3528,3528-led
LEDR-1206,1206-05
LGR971-Z,0805L
LI0805H151R,0805-03
LLL185R71E103M01L,0603-08
LD6815TD/12H,SOT-23_5 PP
TPD4S012DRYR,SON6 1.45x1x0.6 0P5 DRY
LIS302DL,SON14-5X3-0.95 6P+1P PP
KPT-3216SGC,1206-06
LGL29K-G2J1-24-Z,LED2 AUTOL29K
LLL185R71E103MA01L,0603-08
LM2842XMK,SOT23-6
LM2842XMK-ADJL,SOT23-6
LM2842XMV,SOT23-6
LM285M,SO8
LM3580R,SO8
LM358D,SO8
LEDG-0603,0603L PP PLATEAU
LGR971,0805-LED
L7985A,SOIC8 PP
LL4448,SOD 80 LENT PP
KPTD-3216QBC-D,LED2-1.6x3.2x1.8 DOM-APTD
LM358N-SO8,SO8
LM78L05ACMX,SO8
LMH6645MFX,SOT23-5
LMV358-SO8,SO8
LOQ976,0603 HSMX C190 SERIE
LP2951DR,SO8
LP2985,SOT23-5
LP5900SD,WSON6 2.5x2.2x0.8
LP5907MFX-1.5,SOT23-5
LPS4018-103MRB,CARRE
LQG15HS2N2S02D,0402-05
AQ3102-02HTG,SOT-23JEDEC
LQG15HS4N7S02D,0402-05
LMV7271MF,SOT-23_5
LOR976,0805-09 PP
LQG15HS39NJ02D,0402-05
LM75BGD,USON8-2x3x.55 0P5 PP
LM393DT,SO8
LM555,SO8
LQG15HS18NJ02D,0402-05
LQG15HS27NJ02D,0402-05
LP2980IM5-ADJ,SOT-23_5 PP
LQG15HN10NJ02D,0402-05
LQG15HS7N5J02D,0402-05
LQG15HS82NJ02D,0402-05
LQG15HSR10J02D,0402-05
LQG15HSR15J02D,0402-05
LQG15HSR22J02D,0402-05
LQG18HN22NJ00D,0603-08
LQH32CN2R2M23L,1210
LQH6PPN1R5,2424
LQM18NNR22K00D,0603-08
LQP15MN1N5W02D,0402-05
LQP15MN3N3W02D,0402-05
ADM811ZARTZ,SOT-143JEDEC
LQW18AN82NG00D,0603-08
LQW18ANR12G00D,0603-08
LQW18ANR27G00D,0603-08
LQW15AN43NJ00D,0402-05
LQG15HS6N8J02D,0402-05 Z LENT PP PLATEAU
LQW15AN27NJ00D,0402-05
5CSXFC6D6F31C6N,FBGA896 31x31 P1 E2.25 PP
LQH32MN100J23L,LQH32CN
LQW15AN18NJ00D,0402-03 PLATEAU
LQM21PN2R2MC0D,0805-05
LQW15AN12NJ00D,0402-03
LQW15AN47NG00D,0402-03
LQW18ANR39G00D,0603-08
LRTBG6TG,MULTILED
LT1615,SOT23-5
LT1716,SOT23-5
LT1763CDE-1.8#PBF,QFN12 4x3x0.8
LT1763CDE-3.3#PBF,QFN12 4x3x0.8
LT1763CDE-5#PBF,QFN12 4x3x0.8
LTC1049,SO8
LTC1685CS8,SO8
LTM6424IY,BGA-LTM4624IY
LTST-C150KGKT,1206L
LTST-C193KGKT-5A,0603-08
LTW-670-DS-EL,1206L
LV8417,WLP9
M41T93,SO16W
M41T93RMY6E,SO16W
LT1126CS8,SO8
MAX3079EESD,SO14
LQW18ANR10G00D,0603-08
LQW15AN27NG00D,0402-05
LQP15MN2N7W02D,0402-05
MAX31855KASA+,SO8
LYA67K-J2M1-26(jaune),1206L LED PP
LTA67C-S2U1-35-Z(vert),1206L LED PP
MAX1818EUT25#TG16,SOT-23_6
LSM303D,QFN16-5P+3P 3X3 PP
M93C86-WMN6P,SOIC8 PP
MAX3243CDBR,TSSOP28-0.50-BW:5.3
MAX3243ECBD,TSSOP28-0.50-BW:5.3
MAX4245,SC70-6
MAX4335,SC70-6
MAX43356,SC70-6
MAX4336,SC70-6
MAX803SQ308T1G,SOT-23JEDEC
MAX8902BATA,DFN8
MAX9856ETL,QFN40 6X6X0.75
MBR120VLSFT1G,SOD-123
MBR130LSFT1G,SOD-123
LTM4624IY,BGA25-6.25x6.25x5 1P27 PP
LTW-C230DS,1206L 1.1 PP
W3A4YC104MAT2A,1206-09
M74VHC1GT14DFT2G,SOT-323_SC-70_5
LSR976,0805-LED
MBRA340T3G,DO-214AC
MBRS140T3G,SMB MBRS140
MCFT,0805-09
MCFT000311,0603-08
MCP1322T29LE,SOT23-5
MCP1702T-3002E/CB,SOT-23JEDEC
MCP3301,SO8
MCP6001,SOT23-5
MCP6001T,SOT23-5
MCFT000321,0805-09
MC33063AD,SO8 Z PP
MBR0530T1G,SOD123
MAX4245AXT+T,SOT-323_SC-70_6 PP
MBR0520LT1,SOD123
MCP1700T-3302E/TT,SOT-23JEDEC
MBR0520LT1G,SOD123
MAX6795TPLD2+,QFN20-5X5-0.8 0P5 PP
MBR140SFT1G,SOD123
MBRS540T3G,SMC 403AC PP
MCP6002,MSOP8
MCP609,SO14
MCP6142-I/MS,SSOP8
MCP9600-I/MX,QFN20 5X5X0.9
MCVZ0402M090AGT,0402-05
MHBAWT-0000-000N0HC440GDKR,MHBAWT
MIC2288YD5,SOT23-5
MIC5332-SSYMT-T5,QFN8 2X2X0.55
MICRF505,QFN32
NCV51200MNTXG,DFN-10 3x3x0.8 P0.5 PP
MIRE,0603-05
MLB-160808-0300PQ,0805-12
MLF1608E100KT,0603-08
MLF1608E8R2J,0603-08
MLG1608B8N2D,0603-08
MLG1608BR10J,0603-08
MLP2012SR47M,0805-09
MLS0805,0805-09
MLS0805-4S4-300,0805-09
MM3Z4V7T1,SOD323
MM3Z4V7T1G,SOD323F SC-90
MM3Z4V7,SOD323F
MCP79410T-I/MNY,SON8 3X3-0.75 PP
MICRF505BML,QFN32-0.5 Z PP
MMA02040C1500FB300,SOD-80
MF-MSMD014,1812-09
MIC5320-MMYD6,DFN6 2x2x.65 0P65 PP
MCZ1210AH900,MCZ1210AH900 PP
MM3Z3V3T1G,SOD323F PP
MMA8653FCR1,DFN10
1008CS-102XJLC,IND2 2512 1008CS SILH AUT
MMQA5V6,SOT23-6
MMSD4148,SOD-123
MMSZ4702T1G,SOD123
MMSZ5232BS-7-F,SOD323
MMSZ5236BS,SC76
MMSZ5251B,SOD-123
MMU102,MELF2012
MMZ1005F121E,0402-05
MMZ1608Y601BT,0603-05
MMZ2012D301B,0805-09
MPZ2012S601A,0805-09
MS5611-01BA03,QFN8 5x3x1
MSP430F1232IPW,TSSOP28-0.50-BW:6.1
MSP430F471X7IPZ,LQFP100-0.50
MSP430f5510,QFN64
MPM3630,MPM3630GQV-Z
MF-PSMF050X-2,0805-09
MMBT2222A,SOT-23JEDEC PP LENT
MMZ1005A222ET000,0402-05
MMBD1503A,SOT-23JEDEC
MMBZ15VAL,SOT-23 LENT PP
MSP430FR2433IRGET,QFN24-0.5 Z PP
MMBD4448,SOT-23JEDEC
MPZ2012S101A,0805-09
MMBT489LT1G,SOT-23JEDEC
MMBZ27VAL,SOT-23JEDEC
N25Q128A11EF740F,V-PDFN-8
NANOSMDC020F,1206-05
NC7S86P5X,SC70-5
NC7SB3157,SC70-6
NC7SVL08,SC70-5
NC7SVL08P5X,SC70-5
NC7SZ04,SC70-5
DP83869HMRGZ,QFN48-0.5 PP
TPS7A2533DRV,WSON6 2x2x.75 0P65 PP
NC7SZ66,SOT23-5
NCP361SNT1G,SOT23-5
NCP4588DSQ15T1G,SC70-5
NCP512SQ33T2G,SC70-5
NCP5911MNTBG,DFN8
NCP6335D,WLCSP20 - NCP6335
MMBF170,SOT-23JEDEC
NCV4274AST25T39,SOT-223JEDEC
NCV4274AST25T3G,SOT-223JEDEC
NDS331N,SOT-23JEDEC
NFA31GD1011014D,1206-09
NFA31GD101104D,1206-09
NFA31GD4706R84D,1206-09
NC7SZ66m5,SOT-23_5
NCP451,BGA1.4X0.90
NC7S14M5,SOT-23_5
NC7SZ157P6X,SOT-323_SC-70_6
NANOSMDC012F,1206-06
NC7SZ66m5X,SOT-23_5 PP
NFE31,1206-16
NFL21SP206,0805-06
NFM18PC105R0J3D,0603-06
NFM18PC225B1A3D,0603-05
NFM21CC101U1H3,0805-09
NFM21CC102R1H3D,0805-09
NFM31PC,1206-14
NC7SZ32P5X,SOT-323_SC-70_5
NC7WZ16P6X,SOT-323_SC-70_6
NC7SZ02P5X,SOT-323_SC-70_5
NFM3DCC102R1H3L,1206-07
NRF24L01,QFN20 4X4X0.85
NRS5030T1R0NMGJV,NRS5030
NSR05F40NXT5G,NSR05F40
NTHD4102PT1G,QFN8 3.05x1.65x1.05
NX2520SA-16.000000Mhz,QZ2x2.5x0.5
NFM18PS105R0J3D,0603-06 PP
NRS5030T1R0NMGJ,IND 4.8X4.8-3
NFM41PC204F1H3L,1806-09 PP
NLCV32T-R22M-PFR,NLCV32
NFM21PC105B1C3D,0805-09
OPA2140AID,SO8
OPA2340UA,SO8
NTJD5121NT1G,SOT-323_SC-70_6
NFM41CC223R2A3L,NFM41 PP AUTO
NFM21PC474R1C3D,C0805-1.25
NFL21SP206X1C7D,0805-09
NFE31PT470C1E9L,NFE31 AUTO
NFM18PC104R1C3D,0603-05
NUP2105LT1G,SOT-23JEDEC
NFM18CC222R1C3D,0603-05
ORANGE,0805L
OVSRRGBCC3,1206L 2
PDS1040-13,PDS1040-13
PESD3V3U1UA,SOD323
PESD5V0S1UB,SOD523
PESD5V0X1BT,SOT-23
PESD5V2S2,SOT-23JEDEC
PESD5V2S2ut,SOT-23JEDEC
PESD2CAN,SOT-23JEDEC
PM0805-8N2M-RC,PM0805
0402L020SLK,0402-05
PDTC123JU,SOT-323_SC-70
PIC24FJ64GA102-I/ML,QFN28-0.65
OPA337NA,SOT-23_5 PP
PESD5V0X1UB,SOD523 Z PP
PMEG10020AELR,SOD123Flat PP
PESD3V3S1UB,SOD523 PP
PIC16F-SO20,SO20
PIC16F54-SO28,SO18
PIC24FJ128GC010-IPT,LQFP100-0.40
PIC18F67J50,TQFP64-0.50 A23 PP
PIC18F67,TQFP64-0.50
PDTA123ET,SOT-23JEDEC
OPA2337EA,SOT-23_8 PP
PGB1010402KR,0402-03
PMBTA06,SOT-23JEDEC
PMEG3015EJ,SOD323F SC-90
PMEG4002,SOD523
PMEG4005,SOD323
PMV60EN,SOT-23JEDEC
PMZB290UNE,SOT883
PNP-G-BFT92A,SOT-23
PS7241E,SO4
PS7241E-1A,SO4
Q33310F70003300,QZ3.2X2.5
Q33310F700187,QZ3.2X2.5
QC20TXC,QZ6X3
QUARTZ 12MHX 5X3.2,QZ5X3.2
QUARTZ 16MHX 4X2.5,QZ4x2.5x0.8
QUARTZ_5X3.2,QZ5X3.2
CT220U-U-20V-20P-0R07,U PP
R0R01-0603,R0603-04
PESD5V0S1BA,SC-76
R0R01-0805,R0805-05
PMEG3005AEA,SOD323 PP DIODE
R0R-0201,R0201-02
PUMD12,SOT-323_SC-70_6
PRTR5V0U2X,SOT-143JEDEC
PMEG6010CEJ,SOD323F
R0R01-1206,R1206-05
PMEG4010BEA,SOD323F
R100M-0603,R0603-04
PMEG3010EH,SOD123Flat PP
PTVS3V3S1UR,SOD123
PMGD780SN,SOT-323_SC-70_6 PLATEAUPP
R0R47-0402,R0402-03
R0R-0603,R0603-04
R0R07-1206,R1206-05
PTVS33VS1UR,SOD123W PP
R0R33-1206,R1206-05
R0R02-1206,R1206-05
R0R05-0402,R0402-03
R0R05-0603,R0603-04
R0R2-1206,R1206-05
R0R68-0402,R0402-03
R100K-0603-25PPM,R0603-04
R100K-0402-25PPM,R0402-03
TPS73525DRB,VSON8 3x3x1 0P65 DRB
R0R15-0603,R0603-04
R0R1-0805,R0805-05
R0R5-1206,R1206-05
R10K-2010,R2010-06
R0R027-0805,R0805-05
R0R1-1206,R1206-05
R100K-1206,R1206-05
R0R1-1206-0W5,R1206-05
R100R-0603,R0603-04
R100R-1210-0W5,R1210-06
R100M-0805,R0805-05
R0R05-1206,R1206-05
R0R27-0603,R0603-04
R0R3-1206,R1206-05
R0R1-0603,R0603-04
R100R-0805-25PPM,R0805-05
R100R-1206,R1206-05
R100R-1210,R1210-06
R0R22-2512,R2512-06
R0R5-0402,R0402-03
TPS74701DRC,DFN-10 3x3x0.7 P0.5 PP
THS4551IRUN,WQFN10-2x2x.8 0P5 PP Asym
EN2342QI,QFN68-8x11x3 0P5 PP
R10K-0603,R0603-04
R102K-0402,R0402-03
R105K-0603,R0603-04
R11K-0402,R0402-03
R10K2-0201,R0201-02
R10K5-0603,R0603-04
R10K7-0402,R0402-03
R10K-0603-10PPM,R0603-04
R102K-0603-25PPM,R0603-04
R102K-0603,R0603-04
R100R-0402,R0402-03
R105K-0402,R0402-03
R107K-0402,R0402-03
R107k-0603,R0603-04
R107R-0603,R0603-04
R10K2-0603,R0603-04
R100k-0805,R0805-05
LT8641EUDC,QFN18-4x3x.75 0P5asymEUDC
R11K3-0805,R0805-05
R10R-2512,R2512-06
R10R-0402-25PPM,R0402-03
R10M-0603,R0603-04
R110K-0805,R0805-05
R10M-0805,R0805-05
R10R-0201,R0201-02
R113R-0603,R0603-04
R113K-0603,R0603-04
R113K-0402,R0402-03
R110K-1210,R1210-06
R11R-0402,R0402-03
R10R-0402,R0402-03
R10R-0805,R0805-05
R110R-0402,R0402-03
R10M-1206,R1206-05
R115R-0603,R0603-04
R118K-0201,R0201-02
R118K-0402,R0402-03
R120K-0201,R0201-02
FDMC8878,TSSOP8 POWER PAD PP
R127K-0402,R0402-03
R12K7-0201,R0201-02
R11K8-0603,R0603-04
R12K-0805,R0805-05
R120R-0201,R0201-02
R121R-0402,R0402-03
R12K1-0201,R0201-02
R10R-1206,R1206-05
R120K-0603,R0603-04
R120R-1206,R1206-05
R12k-0201,R0201-02
R10M-0201,R0201-02
R12K4-0402,R0402-03
R124K-0603,R0603-04
R120R-0603,R0603-04
R124R-0805,R0805-05
R127K-0603,R0603-04
R12K7-0805,R0805-05
R121K-0603,R0603-04
R12K1-0805,R0805-05
R140R-0805,R0805-05
R140R-0402,R0402-03
R12R-0603,R0603-04
R133R-0402,R0402-03
R12K7-0603,R0603-04
R120R-0402-25PPM,R0402-03
R120K-0805,R0805-05
R120R-0402,R0402-03
R150K-1206,R1206-05
R13K3-0402,R0402-03
R147R-0402,R0402-03
R140K-0603,R0603-04
R133K-0402,R0402-03
R130K-0402,R0402-03
R121R-1206,R1206-05
R124R-0402-25PPM,R0402-03
R150R-1206,R1206-05
R143K-0402,R0402-03
R13K-0603,R0603-04
R12K4-0603,R0603-04
R13K3-0603,R0603-04
R130R-0603,R0603-04
R130R-0402,R0402-03
R158K-0402,R0402-03
R150K-0201,R0201-02
PIC16F15245T-ISS,SSOP20 PP
R160K-0402,R0402-03
R133K-0603,R0603-04
R162K-0201,R0201-02
R14K-0402,R0402-03
R150K-0805,R0805-05
R15K8-0201,R0201-02
R143K-0603,R0603-04
R130K-0603,R0603-04
R150K-0603-25PPM,R0603-04
R150R-0201,R0201-02
R140K-0402,R0402-03
R15K8-0603,R0603-04
R15R-0402-25PPM,R0402-03
R15R-2512,R2512-06
R169K-1206,R1206-05
R150R-0805,R0805-05
MAX77986AEFD,QFN ASym 4x4 MAXxxAEFD
R16K-0603,R0603-04
R15R-1206,R1206-05
R15K-0805,R0805-05
R165K-0603,R0603-04
R16K5-0603,R0603-04
R162K-0603,R0603-04
R15K4-0603,R0603-04
R16K2-0402,R0402-03
R15R-0805,R0805-05
R150r-0603,R0603-04
R174R-0402-25PPM,R0402-03
R160R-0805,R0805-05
R15K-0201,R0201-02
R165K-0805,R0805-05
R169K-0402,R0402-03
R169R-0402,R0402-03
R169R-0603,R0603-04
R16K2-0603,R0603-04
R17k-0402,R0402-03
R17K4-0603,R0603-04
R16K9-0603,R0603-04
150060VS75020,0603L PP
R180R-0603,R0603-04
R18R-0805,R0805-05
R16k5-0402,R0402-03
R17k8-0402,R0402-03
R18K-0402-25PPM,R0402-03
R180R-1206,R1206-05
R187K-0402,R0402-03
R16k-0402,R0402-03
R178K-0402,R0402-03
R182K-0603,R0603-04
R17K8-0603,R0603-04
R18K-0805,R0805-05
R182k-0805,R0805-05
R187R-0201,R0201-02
R182K-0402,R0402-03
R18K2-0805,R0805-05
R18K7-0402,R0402-03
R18M-0603,R0603-04
R18R-0201,R0201-02
R18R-1206,R1206-05
CT100U-E-25V-20P-0R05,E 7.3x6.0x3.8 KEMET
R1K20-0402,R0402-03
R1K02-0603,R0603-04
R1K2-0402,R0402-03
R1K18-1206,R1206-05
R1K2-1206,R1206-05
R196K-0402,R0402-03
R1K2-0805,R0805-05
R1K-0201,R0201-02
R1K13-0402,R0402-03
R1K-0402-25PPM,R0402-03
R196R-0402,R0402-03
R196R-0805,R0805-05
R19K-0402,R0402-03
R19K1-0402,R0402-03
R1K1-1206,R1206-05
R180R-0402,R0402-03
R18k-0603,R0603-04
R1K21-0805,R0805-05
R1K27-0805,R0805-05
R1K2-0201,R0201-02
R1K74-0402,R0402-03
R1K4-0603,R0603-04
R1K07-0402,R0402-03
R1K37-0402,R0402-03
R196K-0603,R0603-04
R1K1-0402,R0402-03
R1K69-0402,R0402-03
R1K8-0603,R0603-04
R1K21-0603,R0603-04
R1K91-0603,R0603-04
R1K3-1206,R1206-05
R1K62-0805,R0805-05
R19K1-0603,R0603-04
R1K3-0402,R0402-03
R1K6-0402,R0402-03
R1K40-0603,R0603-04
R1K47-0805,R0805-05
R1K2-0603,R0603-04
R1K65-0603,R0603-04
R1K-0603,R0603-04
R1K78-0201,R0201-02
R1K1-0805,R0805-05
TCR3UG30A,BGA4-.64x.64x.33 0P35 PP
R20K-1206,R1206-05
R1K62-0402,R0402-03
R1R-0402,R0402-03
R1M-2010,R2010-06
R205K-0402,R0402-03
R1K8-1206,R1206-05
R1R2-0805,R0805-05
R1K82-0805,R0805-05
R1K54-0603,R0603-04
R1M2-0603,R0603-04
R1K3-0603,R0603-04
R1K8-0402,R0402-03
R1R-0603,R0603-04
R1K82-0603,R0603-04
R1K8-0805,R0805-05
R1K82-0402,R0402-03
R1K91-0402,R0402-03
R1M-0201,R0201-02
R1M05-0402,R0402-03
R1M8-0603,R0603-04
R200k-0201,R0201-02
R226K-0402,R0402-03
R1R-2010,R2010-06
R20R-0402,R0402-03
R1k-0805,R0805-05
R220k-2512,R2512-06
R1k-0805-25PPM,R0805-05
R20K5-0603,R0603-04
R20K5-0402,R0402-03
R1M5-0603,R0603-04
R1M2-0402,R0402-03
R220k-0603,R0603-04
R200k-0603,R0603-04
R1M5-1206,R1206-05
R210R-0402,R0402-03
R200R-0201,R0201-02
R1M-1206,R1206-05
R1R-1206,R1206-05
R200R-0805,R0805-05
R21k-0805,R0805-05
R221R-1206,R1206-05
MLX90393ELW-ABA-011,QFN16 3x3x.9 0P5 PP
R220R-0603-25PPM,R0603-04
R20k-0805,R0805-05
R226k-0805,R0805-05
R220k-0603-25PPM,R0603-04
R221R-0805,R0805-05
R210k-0603,R0603-04
R20k-0201,R0201-02
R210K-0402,R0402-03
R220R-0402,R0402-03
R20k-0603,R0603-04
R220R-2512,R2512-06
R220R-0805,R0805-05
R220k-0805,R0805-05
R20R-1206,R1206-05
R21K5-0603,R0603-04
R20R-0805,R0805-05
R221K-0603,R0603-04
R226R-0201,R0201-02
R22K1-1206,R1206-05
R221R-0603,R0603-04
SN74AUP1G32YZPR,BGA5 1.4x.9x.5 0P5 YZP
R22K1-0402,R0402-03
R22K1-0603,R0603-04
R240R-0402,R0402-03
R226R-0805,R0805-05
R22k-0805,R0805-05
R22R1-0201,R0201-02
R22R-1206,R1206-05
R23K7-1206,R1206-05
R226R-0402,R0402-03
R22K6-0402,R0402-03
R249R-0402,R0402-03
R22K-0402-25PPM,R0402-03
R22R-0805,R0805-05
R237K-0402,R0402-03
R23K-0402,R0402-03
R23K2-0603,R0603-04
R23K7-0402,R0402-03
R23R7-0402,R0402-03
R23R7-0603,R0603-04
R240K-0805,R0805-05
0402L035SLK,0402-05
R249R-0805,R0805-05
R22K-0201,R0201-02
R25R-0603,R0603-04
R249k-0402,R0402-03
R22K-1206,R1206-05
R270R-0201,R0201-02
R24R9-0805,R0805-05
R249R-1206,R1206-05
R255R-0603,R0603-04
R24K3-0402,R0402-03
R24K-0201,R0201-02
R249K-1206,R1206-05
R24R9-0402,R0402-03
R24K9-0402-25PPM,R0402-03
R255K-0402,R0402-03
R25k5-0603,R0603-04
R270K-0603,R0603-04
R25R5-0402,R0402-03
R25R5-0603,R0603-04
R24K9-0603,R0603-04
R24K-0603,R0603-04
R28K-0402,R0402-03
R255K-0603,R0603-04
R27K4-0402,R0402-03
R270R-0805,R0805-05
R27K4-0603,R0603-04
R29K4-0805,R0805-05
R24R9-0603,R0603-04
R29K4-0603,R0603-04
R24K-0805,R0805-05
R27R-1206,R1206-05
R287R-0603,R0603-04
R2K-1206,R1206-05
R27R-0402,R0402-03
R274K-0603,R0603-04
R249k-0201,R0201-02
R249R-0402-25PPM,R0402-03
R249R-0603,R0603-04
R24r-0402,R0402-03
R24R-0603,R0603-04
R274R-0603,R0603-04
R2K-0402-25PPM,R0402-03
R27K-0603,R0603-04
R2M-1206-25PPM,R1206-05
R2K21-0402,R0402-03
R2M2-1206-25PPM,R1206-05
R2K2-0201,R0201-02
R2K21-0603,R0603-04
R2K-0805,R0805-05
R2K7-1206,R1206-05
R27K-0402,R0402-03
R280R-0603,R0603-04
R2M-0201,R0201-02
R270R-1206,R1206-05
R27R-0805,R0805-05
R287R-0402,R0402-03
R2K-0805-25PPM,R0805-05
R294K-0603,R0603-04
R2R-0402,R0402-03
R2K32-0805,R0805-05
R2K37-0603,R0603-04
R2K43-0402,R0402-03
R2M2-1206,R1206-05
R27K-0603-25PPM,R0603-04
R8K87-0402-50PPM,0402-03 PP
R2K87-0402,R0402-03
R2M7-0603,R0603-04
R2M05-0402,R0402-03
R0R33-2010-1W,R2010-06
R2K32-0402,R0402-03
R2K21-0805,R0805-05
R2M-0402,R0402-03
R2k7-0603,R0603-04
R2K49-0603,R0603-04
R2K43-0603,R0603-04
R2k1-0603,R0603-04
R2R7-0805,R0805-05
R2k7-0603-25PPM,R0603-04
R300K-0805,R0805-05
R2k-0603,R0603-04
R2K4-0402,R0402-03
R2K32-0603,R0603-04
R2K4-0603,R0603-04
R2M2-0603,R0603-04
R2R-0603,R0603-04
CC4U7-D5X5-50V-20P,ALUC PP
R31K6-0603-25PPM,R0603-04
R30R1-0603,R0603-04
R2k87-0603,R0603-04
R31K6-0201,R0201-02
R30K1-0805,R0805-05
R30k1-0402,R0402-03
R300K-0402,R0402-03
R301R-0603,R0603-04
R30K1-0603,R0603-04
R30K-0805,R0805-05
R300R-0603,R0603-04
R300K-0603,R0603-04
R309K-0402,R0603-04
R0R15-2010-2W,R2010-06
R30k9-0402,R0402-03
R2k7-0402,R0402-03
R30R-0402,R0402-03
R310K-0402,R0402-03
R316K-0603,R0603-04
R31K6-0402,R0402-03
R300R-0805,R0805-05
R330R-0402,R0402-03
R330K-0603,R0603-04
R33K-1206,R1206-05
R33R2-0603,R0603-04
R332K-0402,R0402-03
R34K-0805,R0805-05
R0R33-2010-2W,R2010-06
R33R-1206,R1206-05
R33K-0805,0805-05
R340K-0201,R0201-02
R330R-1206,R1206-05
R332K-0805,R0805-05
R33R-0805,R0805-05
R31R6-0402,R0402-03
R34K-0603,R0603-04
R324K-0402,R0402-03
R33R2-0402,R0402-03
R33k2-0603,R0603-04
R340R-0603,R0603-04
R348K-1206,R1206-05
R34K-0402,R0402-03
R330R-0805,R0805-05
STSPIN820,QFN24 4x4x1 P0.5 PP
SI1034X,SOT-666 PP
R340K-0603,R0603-04
R392R-0201,R0201-02
R39k-0603,R0603-04
R360K-0402,R0402-03
R360k-0603,R0603-04
R39K-0805,R0805-05
R35K7-0402,R0402-03
R39K2-0805,R0805-05
R374k-0603,R0603-04
R348R-0402,R0402-03
R34R-0402,R0402-03
R34R8-0603,R0603-04
R357R-0603,R0603-04
R36k5-0603,R0603-04
R32K4-0402,R0402-03
R36K-0402,R0402-03
R330K-0402,R0402-03
R33k2-0402,R0402-03
R39R2-0603,R0603-04
R390k-0603,R0603-04
R35k7-0603,R0603-04
R3K01-0805,R0805-05
R34k8-0603,R0603-04
R36k-0603,R0603-04
R3K32-0402,R0402-03
R390R-1206,R1206-05
R390K-0805,R0805-05
R357R-0805,R0805-05
R3K3-2512,R2512-06
R360R-0603,R0603-04
R360R-0402,R0402-03
R3K6-1206,R1206-05
R39R-0201,R0201-02
R383K-0402,R0402-03
R3K83-0603,R0603-04
R3K92-1206,R1206-05
R3M-0201,R0201-02
R3M-1206,R1206-05
R3M9-0402,R0402-03
R3M9-1206,R1206-05
R3M92-0603,R0603-04
R3R3-0805,R0805-05
MAX32660GWE,BGA16 1.6x1.6x.6 0P35 GWE
R422K-0805-25PPM,R0805-05
R3K-0201,R0201-02
R3K3-1206,R1206-05
R3K6-0805-25PPM,R0805-05
R3K32-0603,R0603-04
R3M09-0402,R0402-03
R3K-0805,R0805-05
R3k3-0603,R0603-04
R402K-0805,R0805-05
R3K92-0603,R0603-04
R3K65-0603,R0603-04
R3M74-0603,R0603-04
R3M9-0805,R0805-05
R3R3-0402,R0402-03
R3R3-1206,R1206-05
R402K-1206,R1206-05
R402R-1206,R1206-05
R40K-0402,R0402-03
R40K2-0201,R0201-02
R41K2-0805,R0805-05
LP5900TLX-2.3,BGA4-1.1x1x.6 0P5 YZR
R3k3-0603-25PPM,R0603-04
R3k-0603,R0603-04
R412K-0603,R0603-04
R402K-0402,R0402-03
R40K2-0805,R0805-05
R3k01-0603-25PPM,R0603-04
R402R-0805,R0805-05
R42R2-0402,R0402-03
R402R-0603,R0603-04
R40K2-0603,R0603-04
R40R2-0603,R0603-04
R402K-0603,R0603-04
R40K2-0402,R0402-03
R3k16-0603,R0603-04
R3k24-0603,R0603-04
R42K2-0402,R0402-03
R402R-0402-25PPM,R0402-03
R3k3-0402,R0402-03
R43K2-1206,R1206-05
R442K-0402,R0402-03
R3k01-0603,R0603-04
PESD5V0S4UF,SON6-1.45x1x.5 0P5 SOT886
R470k-0201,R0201-02
R442R-0201,R0201-02
R430R-0603,R0603-04
R470K-0805,R0805-05
R45K3-0805-25PPM,R0805-05
R475k-0402,R0402-03
R43k-0603,R0603-04
R43K-0805,R0805-05
R430R-0805,R0805-05
R470M-0603,R0603-04
R475R-0805-25PPM,R0805-05
R470K-0603,R0603-04
R442R-0402-25PPM,R0402-03
R442R-0603,R0603-04
R453K-0603,R0603-04
R45R3-0402,R0402-03
R46K4-0402,R0402-03
R470R-0201,R0201-02
R470R-0603-25PPM,R0603-04
R475K-1206,R1206-05
R475R-0402,R0402-03
R49R9-0805,R0805-05
R49K9-0201,R0201-02
R4K02-0805,R0805-05
R470r-1206,R1206-05
R4K7-0201,R0201-02
R47K-1206,R1206-05
R49R9-0805-25PPM,R0805-05
R499R-0805,R0805-05
R47R-0402,R0402-03
R49R-0603,R0603-04
R47R-0805,R0805-05
R499k-0402,R0402-03
R47K5-1206,R1206-05
R47K-0805-25PPM,R0805-05
R49R9-0201,R0201-02
R47K5-0603,R0603-04
R487k-0402,R0402-03
R499K-0805,R0805-05
R49K9-0805,R0805-05
R47R-0603,R0603-04
R499R-0603,R0603-04
C13P-0402-50V-5P-C0G,0402-05
R4k12-0603,R0603-04
R47K5-0402,R0402-03
R4M99-0603,R0603-04
R50R-0603,R0603-04
R4k3-0201,R0201-02
R499K-0603,R0603-04
R4K87-0603,R0603-04
R49K9-0402,R0402-03
R49R9-1206,R1206-05
R499R-0402,R0402-03
R4k7-0603,R0603-04
R4k02-0603,R0603-04
R4K7-1206,R1206-05
R4k75-0402,R0402-03
R49r9-0603-25PPM,R0603-04
R4M-0201,R0201-02
R4k75-0603,R0603-04
R4M7-0402,R0402-03
R50K-0201,R0201-02
R4K99-0805,R0805-05
C8P2-0201-25V-0P25-C0G,0201-03 PP
R51R-0402,R0402-03
R4M7-0805,R0805-05
R510K-1206,R1206-05
R4k87-0402,R0402-03
R4k22-0603,R0603-04
R549k-0603,R0603-04
R4k3-0603-25PPM,R0603-04
R51R-0603,R0603-04
R4k32-0805,R0805-05
R4M3-0402,R0402-03
R52K3-0201,R0201-02
R51K-0603,R0603-04
R4k3-0603,R0603-04
R510K-0402,R0402-03
R4R7-0402,R0402-03
R47k-0402-25PPM,R0402-03
R4k7-0603-25PPM,R0603-04
R51K1-0603,R0603-04
R536K-0402,R0402-03
R4M7-0603,R0603-04
R562R-0603,R0603-04
R5K11-0805,0805-07 PP
R5K-0603,0603-05
R510R-0805,R0805-05
R51R1-0603,R0603-04
R560K-0603,R0603-04
R51K-0201,R0201-02
R51K-0805,R0805-05
R562K-0402,R0402-03
R536R-0603,R0603-04
R51R-1206,R1206-05
R510R-0603,R0603-04
R52k3-0603,R0603-04
R549K-0402,R0402-03
R510R-0402,R0402-03
R51R-0402-25PPM,R0402-03
R59K-0201,R0201-02
R57K6-0402,R0402-03
R560R-1206,R1206-05
R53k6-0603,R0603-04
R56K-0201,R0201-02
R56r-0603,R0603-04
R56R-1206,R1206-05
R5K10-0402,0402-03
R5K3-0603,0603-05
VESD03A2-03GHG3-08,SOT-323_SC-70
R5K6-1206,1206-05
R5K62-0201,0201-023
DMP10H4D2S,SOT-23JEDEC
R5K76-0402,0402-03
R5F21134FP,LQFP32-0.80 PP
R5K9-0402,0402-03
R56K-1206,R1206-05
R576K-0805,R0805-05
R5K1-0805,R0805-05
R56R-0402,R0402-03
R5K1-0603,R0603-04
R56K2-0402,R0402-03
R5K11-0402,R0402-03
R56k-0603,R0603-04
R5K6-0402,R0402-03
R5K62-0402,R0402-03
R590K-0201,R0201-02
R590R-0603,R0603-04
R59K-0603,R0603-04
R5M-0201,0201-023
R5M11-0603,0603-05
R5M6-0201,0201-023
R5R11-0603,0603-05
R60K-0402,0402-03
R61R9-1206,1206-05
R62K-0402-25PPM,0402-03
R62K-0805,0805-06
R634R-0603,0603-05
MIC7221YM5,SOT-23_5 PP
R604K-0201,0201-03 PP
R619R-0805,0805-05
R5M6-0805,0805-05
R62R-0402,R0402-03
R619R-0603,0603-05
R620R-0603,R0603-04
R62R-0603,0603-05
R62k-0603,0603-05
R60R4-0805,R0805-05
R619K-0805,0805-05
R0R008-2512-3W,R2512-06
R5R1-0603,0603-05
R5R1-0402,0402-05
R649K-1206,1206-05
R66K5-0402,0402-03
R681K-1206,1206-05
R68K-1206,1206-05
R68K5-0402,0402-03
AD8211YRJZ,SOT-23_5 PP
R649R-0603,0603-05
MCP1754T-5002E-OT,SOT-23_5 PP
R681R-0603,0603-05
R680R-0805,0805-05
R6K19-0402,0402-03
R5R6-0805,0805-05
R61k9-0603,R0603-04
R68R-1206,1206-05
R620K-0402,0402-03
R680K-0805,0805-05
R604k-0805,0805-05
R649K-0402,0402-05
R63K4-0402,R0402-03
R60K4-0603,R0603-04
R62K-0402,0402-05
R68K1-0402,R0402-03
R69K8-0603,R0603-04
R6K04-0201,0201-023
DAC081S101CIMK,SOT-23_5 PP
R6M04-0603,0603-05
R6M2-0603,0603-05
R6M4-0603,0603-05
R6k19-0805,0805-06
NCS333ASN2,SOT-23_5 PP
R64K9-0603,R0603-04
R64K9-0402,0402-03
R6K65-0603,0603-05
R6k8-0805-25PPM,0805-05
R680R-0603,R0603-04
R6K04-0603,0603-05
R75K-1210,1210-09
R6K49-0603,0603-05
R6K8-0603,R0603-04
R681R-0402,0402-03
R68K-0805,0805-05
R6K04-0402,R0402-03
R6K49-0402,0402-05
R68K-0603,R0603-04
R68R-0805,0805-05
R75R-1206,1206-05
ZXCT1086E5TA,SOT-23_5 PP
R750K-1206,1206-05
R6K81-0603,0603-05
R768R-0402,0402-03
R76k8-0402,0402-03
R7K15-0201,0201-023
R7K15-0603-25PPM,0603-05
R7K31-0603,0603-05
R80K-0402,0402-03
R6K2-0603,R0603-04
R6K8-0402,R0402-03
R6K34-0603,0603-05
R75R-0805,0805-05
R6K8-0603-25PPM,0603-05
R6R8-0603,0603-05
R750R-0603,0603-05
R750k-0402,0402-05
R71k5-0603,0603-05
R7K87-0603,0603-05
MIC5317-3.3YM5,SOT-23_5 PP
R6k8-0805,0805-05
R80K6-0201,0201-023
R80R-0402,0402-03
R80R-0603,0603-05
R7K68-0402,0402-03
74HC1G00GV,SOT-753 - NEXPERIA SC-74A
R7K15-0603,0603-05
R7K32-0603,0603-05
R7R5-0603,0603-05
R80R6-0402,0402-03
R80R6-0603,0603-05
R7K68-0603,R0603-04
R7K5-0603,R0603-04
R80K6-0603,0603-05
R820K-0402,R0402-03
R7K15-0402,0402-03
R7K5-0402,0402-03
R76K8-0603,0603-05
R820K-0805,R0805-05
R7K5-1206,1206-05
R7K15-0805,0805-05
R78K7-0603,0603-05
R787R-0603,0603-05
R825K-0805,0805-06
R825K-1206,1206-05
R825R-0402,0402-03
R86R6-0402,0402-03
R8K06-0402-10PPM,0402-03
R8K2-0201,0201-023
R8K06-0805-25PPM,0805-05
R82K5-0603,0603-05
R86K6-0603,0603-05
R82R-0805,0805-05
R82R-0603,R0603-04
R86R6-0603,0603-05
R845R-0805,0805-05
R8K25-0603,R0603-04
R8K2-0402,R0402-03
R820R-1206,1206-05
R866R-0402,0402-03
R8K45-0402,0402-03
R8K45-0603,0603-05
R82K-0805,0805-05
C68N-0603-50V-10P-X7R,C0603-08
R86K6-0603-25PPM,0603-05
R8K2-0805,0805-05
R866K-0402,0402-03
R8M2-0603,0603-05
R909K-0603,0603-05
R90K9-0201,0201-023
R953K-0603,0603-05
R976R-0402,0402-03
R9K53-0402-10PPM,0402-03
RC0201JR-070RL,0201-03
RC0201JR-071KL,0201-023
REF3125,SOT-23JEDEC
RR10R-0804,0804
C15U-2220-100V-20P-X7S,2220-34 PP
RR100R-1206,1206-05
RR10K-0804,RR0804 X4 PP
R887R-0402,0402-03
R9K1-0402,0402-03
R86k6-0402,0402-05
R82k-0603,R0603-04
R82K-0201,0201-05
R82R-0402,0402-05
R9K53-0603,R0603-04
R9K31-0603,0603-05
RB520S30,SOD523 PP
RR100K-1206,1206-05
RB751V40T1G,SOD323F
R8R2-0402,0402-03
RR220K-1206,1206-05
RR49R9-1206,1206-05
RR4K7-4X0402,0804
RR560R-1206,RR1206
RRF015P03TL,SOT-23 RRF015P03TL
RSFBL,SOD123
S1BA,SMC
S1GL,SMF
SAMD21G18A,QFN48 7X7X0.85
SC16IS740IPW,SSOP16
SC16IS7621,SSOP28-0.65-BW:4.5
RR100R-0804,0804
RR0R-1206,1206-05
R910R-0603,0603-05
R91R-0402,0402-05
RR2K2-1206,1206-05
R9K1-0805,0805-05
R9K09-0402,R0402-03
R90K9-0402,R0402-03
R9K53-0402,R0402-03
SC16IS76IPW,SSOP28-0.65-BW:4.5
SC18IS600IPW,SSOP16
SELF,0805-09
SF-0402F200-2,0402-035
SFT825N-S,KAAF-3529
S1A,S1A PP
RR1K-0804,0804
RR220R-1206,1206-05
SD1206S040S2R0,SOD123 H093 PP
RR56R-1206,1206-05
CMMR1U-02,SOD123Flat PP
SI2324A,SOT-23JEDEC
SI1012X-T1-GE3,SOT-23-SC75A
SI1912EDH-T1-E3,SC70-6
SI2308,SOT-23JEDEC
SIR826dp,QFN8
SIR836dp,QFN8
SMA6J33A,SMA
SMA6J33CA,SMA
RR22r-1206,R1206-05
S1751-46R,RCS TEST POINT AUTO
RR10k-1206,RR1206-3X1.6
SMAJ26A/CA,SMA
SMBJ100CA,SMB
SMBJ18CA,SMB
SMBJ5,SMB
SMBJ50C,SMB
SMBJ7.5CA,SMB
SMBT2222AE6327,SOT-23
SMF05C,SC70-6
SM4007PL-TP,SOD123 Z
SMA6J5.0A,DO-214AC PP
SHT21,DFN6 3x3x1.1 1P Sensirion
SMBJ5.0,SMB PP PLATEAU
SMBJ6.0A,SMB PP
SI2308BDS-T1-E3,SOT-23JEDEC
SI2319CDS,SOT-23JEDEC
SMF4L24A,SOD-123
SMBJ48CA,DO-214AA
SI2309CDS,SOT-23JEDEC
SMBJ36CA,SMB PP
SMBT2222A,SOT-23JEDEC
SMBT2907A,SOT-23JEDEC
SMBJ5.0A,SMB PP
SMBJ6.0CA,DO-214AA
SML-010LTT86(rouge),SML
SML-211UTT86K,0805L
SMM02040C1005FB300,SMM02040
SMM4F13A-TR,DO-214AA
SMP28-E3/84A,SMP
SN65240,TSSOP8
SN65240PW,TSSOP8
SN65240PWR,TSSOP8
SN65HVD233D,SO8
SN65LVDS179DGKR,TSSOP8
SN74AVC4,TSOP16
SN74LVC1G08DCKR,SC70-6
SN74LVC1G11D3VR,SOT23-6
SN74LVC1G126DCKR,SC70-5
SN74LVC1G32DCKR,SC70-5
SN74LVC2G07,SOT23-6
SN74LVC2G07DBV,SOT23-6
SN74LVC2G125DCU,VSSOP8
SN74LVC2G17,SOT23-6
SN74LVC2G34DCKR,SC70-6
SPMWHT541MD5WAV0S2,LED SPMWHT541
SN74LVC1G3157DBVR,SOT-23_6
SN65HVD10MDREP,SO8
SN74AVC2T45YZPR,SON8 2.5X2.5-1 PP
SML-LXR44SRC-TR(ROUGE),LED2-CUBE-4x4x3.8 2P54 PP
SRN4018-220M,SRN4018
SRN4018-6R8M,SRN4018
SRN6028-3R0Y,SRN6028
SSM3K15AMFV,VESM3
SSM3K15AMFVL3F,SOT-23JEDEC
SST25VF016B,SO8-5.4
SST25VF064C,SO16W
ST485,SO8
STM1001TWX6F,SOT-23
STM1818TWX7F,SOT-23
STM32F051K6U6,QFN32
STM32F411CEU6,QFN48 7X7X0.55
STM32F415RGT6,LQFP64-0.50
STM32F746VGT6,LQFP100-0.50
STM708RM6,SO8
STPS0520,SOD-123
SWITCH 1.14.002.111/0000,SWITCH 1.14.002.111/0000
T520A226M006ATE090,A
TPS63020,QFN14
SN74LS123D,SOIC16 D PP
T520A476M004ATE070,B
T520B157M006ATE045,B
T520B686M004ATE070,B
T529P476M006AAE200,TANTALE P
TC1121,SO8
TCJB107M006R0045,B
TCJB227M004R0035,B
TCJT106M16R160,1210-119
THERM10k,0402-03
TC124-JR-0710KL,0804
STPS1H100A,SMA PP
TC1015-3.3VCT713,SOT-23_5 PP
TL432ACDBZ,SOT-23-DBZ
TSM2307CX,SOT-23JEDEC
TLCK475M006QTA,0402-05
TLP290-4,SO4
TLV2772CD,SO8
TLV70030DSETouT,WSON6
TLV70228DSER,WSON6
TLV711285285DDSE,WSON6
TPD62160QDSGRQ1,0402-05
TPD6F003DQDR,WSON12 DQRD PACKAGE
TPS2044BD,SO16
TPS2051BDGNR,SO8-4
TPS2151IPWP,TPS2151
TPS22860DBVR,SOT23-6
TPS229091YFPR,BGA 4 0.75x0.75x0.50
TPS22929DDBVR,SOT23-6
TPS2421-1,TPS2421-1DDAR
TPS25942ARVCR,QFN20 4X3X0.75
TPS3125J18DBV,SOT23-5
TPS54320RHLR,QFN14 3.5x3.5x0.8
TLV320AIC3106IRGZ,QFN48-0.5 Z PP
TLV62130RGTT,QFN16-0.35 Z PP
TPS54620RGYT,QFN18-3.5X3.5-0.9 PP
TL331IDBVR,SOT-23_5 PP
TLP172A,SO4 TLP 3.7x7x2.1 2P54 To
TPS61165DRVR,QFN6 2X2X0.75
TPS62160QDSGRQ1,DFN8
TPS62237DRYT,QFN6 1.45x1x0.55
TPS62260DRVT,SON6
TPS6300,SON10
TPS63000,SON10
R11K8-0603-25PPM,R0603-04
TPS43060RTE,QFN16-0.5 PP
TPS3808G01DBVT,SOT-26
TPS71533QDCKRQ1,SOT23-5 2X1.25
TR3A106K010C1800,A
TPS73618DBV,SOT23-5
TPS76333,SOT23-5
TPS76333DBVT,SOT23-5
TPS7691,SOT23-5
TPS7692,SOT23-5
TPS78233DDCT,SOT23-5
TPS79801QDGNRQ1,MSOP8
TPS7A4901DRBT,SON8 TPS73533
TPS7A7300RGWT,VQFN-20
TS4148RX,1206-05
TS472IQT,QFN24
TS5A63157DCKR,SOT23-6 E6327
TS4148,0805-05
TPS62260DRV,SON6 2X2-0.75 PP
TPS62240DDC,SOT-23_5
TPS70933DRVT,SON6 2X2-0.75 PP
TS3USB221A,UQFN10 2x1.5x.6 0P5 PP
TPSR475K010R3000,0805-16 PP
TSV622,MSOP8
TXS0104ED,SO14
R26K1-0603,R0603-04
TZMC18-GS08,SOD-80
US1K,SMA
V14MLA0805H,0805-09
V18MLE0805WT,0805-09
V3.5MLA0805H,0805-09
VARISTOR,1206-09
VC060314A300RP,0603-08
VERT,0805L
VERT-0603,0603-08
VLF4012AT,SMD
VLMB1310-GS08,0603L
Varistance,0805-09
W3F11A,1206-09
X2YC100N-0603,0603-08
X2YC10N-0805,0805-09
X2YC1N-0603,0603-08
X2YC1N-0805,0805-09
XC7K70T-2FBG676C,BGA676-26x26-1.0
XC6201P332MR,SOT-23_5 PP
VLCF4020T-2R2N1R7,IND 4x4x2 hexago PP
TXS0108ERGYR,DFN20 3.5X4.5-0.9 16+4 PP
XC18V02VQ44,LQFP44-0.80
VLMG31K1M2,LED3.5x2.8x1.75
UDZS4.7B,SOD323 PP DIODE
W3F11A4718AT1A,1206-09
XPEBGR-L1-0000-00E01,XTEAWT-LED
XPEBRD-L1-0000-00601,XTEAWT-LED
XTEAWT-00-0000-00000BKE4,XTEAWT-LED
YC164-JR-070RL,1206-06
YELLOW,0603-08
YFF15PC1C104MT000N,YFF
ZHCS400,SOD323F SC-90
ZXCL250E5,SOT23-5
LW Q38E-Q1OO-3K6L-1,0603-08
AP2114H-3.3TRG1,SOT-223JEDEC
APBL3025SURKCGK-F01,LEDB 3X2.5-1.4
NRS4018T6R8MDGJ,IND 4X4-1.8
ZXM61N03F,SOT-23JEDEC
r10k-0201-50PPM,R0201-02
R6R8-0805,0805-05
XC2S200-FG256,BGA256-17x17x2.1 P1 PP
ZVN3320,SOT-23JEDEC PP LENT
r37r4-0805,R0805-05
R442K-0603,R0603-04
bc817,SOT-23JEDEC
AP3513EMPTR-G1,SO8
ZXTN19020CFFTA,SOT-23JEDEC
bc847,SOT-23JEDEC
ERJ-MS4SF2M0U,2412-06
INA214BIDCK,SOT-323_SC-70_6
STM32F030K6T6,LQFP32-0.80
SM04B-GHS-TB(LF)(SN),CONB-6C-125
SMBJ51A,SMB PP
SMW547RJT,M15072-70
1SMA5938B,SMA PP
UNKNOWN,0603-08
SBR1U150SA,SMA PP
BUK98180-100A-CUX,SOT-223JEDEC
BQ34110PW,HTSSOP14 PP
LT1394CMS8,MSOP8 PP
LTC4357CMS8,MSOP8 PP
srv05-4.TCT,SOT-26(5)
bc846,SOT-23JEDEC
SMBJ58A,SMB PP
bc817-25,SOT-23JEDEC
R0R004-2512-2W,R2512-06
bc817-16,SOT-23JEDEC
0603CS-R22XGLU,0603-05
LTC4260CGN,SSOP24 DBQ PP
LTC1966CMS8,MSOP8 PP
ADM4168EBRUZ,TSSOP16-0.65 PP
AM26C32IPW,TSSOP16-0.65 PP
SMF14A,SOD123Flat PP
C470P-0402-100V-5P-C0G,0402-05
0805J1000,0805-09 PP
YFF18AC1H472MT0Y0N,0603-06 PP
PESD5V0L4UW,SOT-665   SC-88A
LSM6DSR,LGA14-3X2.5-0.85 PP
5010210S,0402-05
5009501S,0402-05
5102,JUMPER 6.8x2.5x1 5102 KEY
ZSC31015EEG1,SO8
DMG3420U-7,SOT-23JEDEC
MCP1703AT-3002E/CB,SOT-23A
MMBT5551,SOT-23JEDEC
R330K-0805,R0805-05
R200R-0402,R0402-03
C120P-0603-50V-5P-C0G,0603-08
R44K2-0402,R0402-03
BAT54S,SOT-23JEDEC
LTC7801EUFD,QFN24-5x4x.75 0P5 PP
5013400S,0603-08
LM20BIM7,SOT-323_SC-70_5
MAX17640CATA,SON8 2X2-0.75 PP
MAX15062BATA,SON8 2X2-0.75 PP
APT1608SRCPRV,0603L MECA PP
5014001S,0402-05
SKIROC2SUPBGA400,BGA400-17x17x1.5 0P8 PP
5124035,SOMFY 1X1.3-0.5
ADA4860-1YRJZ,SOT-23_6
5125523,Unknown
5008538S,0402-03
5125644,Unknown
NON CABLE,0201-025
5125625,Unknown
R100K-0402,R0402-03
R147K-0402,R0402-03
EP1C6Q240C,FQFP240-0.50
R13K-0402,R0402-03
BLM18AG102SN1D,0603-05
KP-1608SEC,0603L
KP-1608QBC,0603L
AD9911BCPZ,QFN56-0.5 Z PP
5008544S,0402-03
218-4LPST,SO8 Z BIG PP
175125S,0603-05
5118372,SW4C
24FC512-SO8,SOT-23JEDEC
Noname,0402-05
MCP4706A0T-E/CH,UNKWON
THS5641AIPW,UNKWON
5013222S,SOT-23JEDEC
5014054A,0402-03
5125524,SO8
5124032,QFN56-0.5
SMF13A,SOD123W PP
LMR36506MSCQRPERQ1,VQFN-HR 2x2x.9 RPE TI
3216FF1-R,1206-14
LT8491EUKJ,MOD64 11x7x.75 LT8194UKJ
PIC18F26K80I-SSONEDC2020-25-1,SSOP28-0.65-BW:6.1
R1K15-0402,R0402-03
R49R9-0402,R0402-03
JH2835S-L24R80N1,LED3.5X2.8-0.75
JH2835S-L24R80S1,LED3.5X2.8-0.75
R750K-0805-25PPM,0805-05
R953R-0603,0603-03 PP
C220P-0402-100V-5P-C0G,0402-05
R6R2-0603,0603-03 PP
JH2835S-L24R80W2,LED3.5X2.8-0.75
CIM21J252NE,0805-09
C6N8-0603-100V-10P-X7R,0603-08
PESD5V0L2UU,SOT-323_SC-70
CIS10P221NC,0603-08
5014004S,0402-05 SMALL
R2R2-1206,R1206-05
L0805220JEW,0805-05
R4K12-0603-25PPM,R0603-04
C1N-0805-50V-1P-C0G,C0805-1.25
R82K-0402,R0402-03
R0R62-0603,R0603-04
R130R-0805,R0805-05
R13K-0603-25PPM,R0603-04
R45K3-0402,R0402-03
R576R-0402,R0402-03
R620K-1206,1206-05
5101347,0805-14MECA
C100P-0402-100V-5P-C0G,0402-05
5053947A,SOT-23JEDEC
RCUCTE,0603-11 P.TEST
5123277,0402-03
PDTC143ZT,SOT-23JEDEC
5124495,0805-09
R18K7-0603-25PPM,R0603-04
R330K-1206,R1206-05
R750K-0603,0603-05
R8K06-0603-25PPM,R0603-04
R2K37-0805-25PPM,R0805-05
NFM21PC104R1E3D,0805-09
R1K24-0603-25PPM,R0603-04
R240K-0603,R0603-04
R300R-0402,R0402-03
R1K62-0805-25PPM,R0805-05
R20k-0402,R0402-03
R38K3-0603-25PPM,R0603-04
R40R2-0402,R0402-03
74HC4016PW,HTSSOP14 PP
5070724A,0603-08
5124065,0603-08
ADRF5044BCCZN,LGA24-4x4x.96 0P5 PP
5009006A,Unknown
5053235A,Unknown
5116805,Unknown
5052080A,Unknown
155380S,Unknown
5052533A,Unknown
5123119,Unknown
5111193,Unknown
5054160A,Unknown
157264S,Unknown
5009663A,Unknown
5010261S,Unknown
5065466A,0603-08
158716S,SOT-23JEDEC
5008539S,0402-03
5012844S,0603L 0.53 PP
5055504A,0402-03
5115517,QZ6X3 3X3-1.1 Z PP
5009363S,0603-05
5008418S,0402-05
5124518,QFN48-0.5 Z PP
5012212S,0402-03 LENT PP
5013218S,0402-05
175461S,Unknown
5008397S,Unknown
5059070A,Unknown
5051432A,Unknown
5070974A,SOT-23JEDEC
5124548,0603-08
R620R-1206-25PPM,1206-05
BAW156T-7-F,SOT-23 SMALL
GW P9LR31.EM-PPPR-XX57-1,LED CARRE 5X5-0.7
5123623,QZ6X3 2.1X1.7-0.6 PP
R590K-0402,R0402-03
R124K-0402,R0402-03
R560R-0402,R0402-03
R165R-0402,R0402-03
R120K-0402,R0402-03
R15R-0402,R0402-03
5124173,0805-09
5066066A,1206-11
5067220A,SOT-23 LARGE
S1MFL,SOD123
S1ML,SOD123
STM32F103RBT6,LQFP64-0.50
LXES15AAA1-017,0402-05
L130-30800BHV00001,LED CARRE 3X3-0.55
TAJA106K016RNJ,A
ADP2301AUJZ,SOT-23_6
MAX1697REUT,SOT-23_6
EFR32MG1P232F256GM48-C0,QFN48-0.5 LENT PP
MIC2251-2YD5,SOT-23_5 PP
MIC5203-5.0YM5,SOT-23_5 PP
B230AE,SMA PP
FT2232HL,LQFP64-0.50
BLM18AG601SN1D,0603-05
R10R-1812,R1812-06
NFE31PT222Z1E9L,1206-05
R240R-0603,R0603-04
R137K-0402,R0402-03
SN74LVC1G04DBV,SOT-23_5 PP
BLM18SG221TN1D,0603-08
L130-40800BHV00001,LED CARRE 3X3-0.55
TAJA106M016RNJ,A
OVSRRGBCC3TM,LED3.2X1-1.5 PP
FC135-32.76KAAC3,1206-08 PP
NRF51822-QFAA-R7,QFN48-6X6X0.9
5008543S,0402-03
DG4053EEQ,TSSOP16-0.65 PP
LTC2943IDD,DFN8-3x3x.75 0P5 PP
LIS3DHTR,LGA16-3x3x.9 0P5 pin1 PP
5050093A,QFN48-0.5 Z PP
CC1200,QFN32-0.5 Z PP
R51R1-0805,R0805-05
R2M-0603,R0603-04
R8K25-0402,R0402-03
LTM4622IV,LGA25-6.25X6.25-1.8
STM32F405RGT6,LQFP64-0.50
R0R02-0805,R0805-05
LL101A-GS08,SOD 80 PP
R2K-0402,R0402-03
BME280,LGA8-2.5x2x.9 0P65 Detrom
5053646A,Unknown
LQW15AN22NJ00D,0402-05
5125106,0402-05
5046803A,Unknown
5117865,Unknown
5106665,LQFP32-0.80
5055494A,0402-03
156765S,0603-08
PMEG4010EJ,SOD323F NORMAL PP
5008546S,0402-03
5050301A,Unknown
5124232,Unknown
5048021A,Unknown
5064998A,Unknown
5050097A,Unknown
5010996S,0402-03
B59641A0145A062,0603-08
5050722A,0402-03
5062020A,0805-09
NTJD5121N,SOT-323_SC-70_6 PP
CAT4139TD,SOT-23_5 PP
SI4447ADY,SOIC8 PP
TLM2BER056JTE,1206-05
BQ2057CSN,SOIC8 PP
C15P-1206-500V-5P-C0G,1206-14
AD8615AUJZ,SOT-23_5 PP
AZ431LANTR-G1,SOT-23JEDEC
C1P5-1206-500V-0P25-C0G,1206-14
C2N2-1812-3KV-10P-X7R,1812-32 PP
C22N-0603-50V-5P-X7R,0603-08
C6P8-1206-500V-0P25-C0G,1206-14
C1P-1206-500V-0P1-C0G,1206-14
BAT6404,SOT-23JEDEC
36401E0N8ATDF,0402-05
36401E8N0ATDF,0402-05
151081S,SOT-23JEDEC
LQW15AN15NJ00D,0402-03 PLATEAU
5014358A,0402-03
5047806A,0402-05
R14R-0402,R0402-03
PIC16F1709-I-ML,QFN20 4x4x.9 0P5 ML MICRO
R20M-2512-1W,R2512-06
R36K-0603-25PPM,R0603-04
R430R-0603-25PPM,R0603-04
R18R-0402,R0402-03
158717S,Unknown
5004022A,Unknown
155078A,Unknown
150666-,Unknown
157401A,Unknown
158940S,Unknown
152791S,Unknown
153118S,Unknown
5014716A,Unknown
151881S,Unknown
5122138,SOT-23 LARGE
156728S,0603-05
PMBT2222,SOT-23JEDEC
C200N-2220-650V-10P-C0G,2220-25 PP
CC33U-D10X10-100V-20P,ALUG PP
5013575S,0402-05
5050096A,0402-05
153387S,0805-05
LQW15AN56NJ00D,0402-05
R620R-0603-25PPM,0603-05
R270K-2512-2W,R2512-06
R0R1-0402,R0402-03
742792042,0805-05 AUTO
BQ27426YZF,BGA9-1.6X1.6-0.625 PP
CY7C131E-15NXI,LQFP52-0.75 PP
MBR1H100SFT3G,SOD123
RR47K-0804,0804
AD8616ARZ,SOIC8 PP
AMC1200SDUB,SOP8 10x10x4.85 2P5 DUBTi
BQ25050DQC,WSON3X2-0.75 PP
CC2640R2FRSM,QFN32-0.45 LENT PP
BQ24297RGE,QFN24-0.5 Z LENT PP
XCL202B331BR-G,MODULE2.5X2.0-1
LSM6DSL,LGA14-3X2.5-0.85 PP
AX-SFEU-API-1-01-TB05,QFN40-0.65
ES1AL,SOD-80
XO53050UITA,QZ6X3 PP
BAV235,SOT-23JEDEC
TPA2013D1RGPR,QFN20-0.5 Z PP
TCA6416ARTWR,QFN24-4x4x.75 0P5 PP
VS-8EWF12S,DPAK
R30K-0201,R0201-02
SN65HVD1176D,SO8
bc817-40,SOT-23JEDEC
FDV305N,SOT-23JEDEC
R49K9-0603,R0603-04
ADS1113IRUG,QFN16-0.5
KPD-3224SURCK,LED-KPD 3224 MECA PP
BQ24295RGE,QFN24-0.5 Z LENT PP
LTC3221EDC,SON6 2X2-0.75 MECA PP
R5F2134CWKFP,LQFP48-0.50
R5F10279ANA,QFN24-0.5 Z LENT PP
TAJD477K006RNJ,D
5010212S,0402-05
APTD1608CGCK,0603L PP
BLM21PG220sn1d,0805-09
FAN4852IMU8X,SO8 SMALL Z PP
KPD-3224QBC-D,LED-KPD 3224 MECA PP
5008421S,0402-05
RR33r-1206,1206-05
C3N9-0805-50V-5P-C0G,0805-05
INA240A2PW,TSSOP8 Z PP
PIC18F46K20-I/ML,QFN44-0.65
AD8038AKSZ,SOT-323_SC-70_5
R3K74-0402,R0402-03
BZX84C4V7,SOT-23JEDEC
R15K-0603,R0603-04
CT47U-A-10V-20P-0R6,A
5054801A,SMB
5007545S,1206-11
157175S,SOT-23JEDEC
5053951A,0402-03
KPF-3236RGBC-11,LED-KPF BI PP
5103832,0402-03
5125014,0805-09
5051229A,0402-03
5010997S,0402-03
5121475,IND 4X4-1.8
5124885,2412-06
5125497,SON8 3.3X3.3-0.75 Z PP
5101918,LQFP64-0.50
KPF-3236SURKZGQBDC,LED-KPF BI PP
5115098,QZ6X3 2.6X2.1-0.6 PP
5067101A,SOT-23_5
156730S,0603-05
PIC18F45K20-I/ML,QFN44-0.65 Z PP
R5K23-0603,0603-05
C120P-0805-100V-5P-C0G,0805-05
158790S,1206-05
5009787S,SOT-23JEDEC
5113168,0603-05
5125489,0603-05
5015090A,0402-03
5121390,SON10 2X3-0.7 PP
5013716S,0603-08
5067539A,0402-05
5010930S,0402-03 LENT PP
KPHHS-1005CGCK,0402-05
AS5410-ZTSM,TSSOP14-0.65 PP
ADM6328-28ARTZ,SOT-23JEDEC
FDD4141,DPAK
5124489,1206-06
CGA3E3X7R1H224K080AB,0603-08
R165R-0603,R0603-04
R68R-0603,R0603-04
R3R-0402,R0402-03
C2N7-0805-50V-5P-C0G,0805-05
R270R-0402,R0402-03
R953K-0402,0402-05
5008430S,0402-05
GCJ188R72A102KA01D,0603-08
FDD9509L-F085,DPAK
5109360,SOT-323_SC-70_6
CGA3E3X7S2A104K080AE,0603-08
5125519,SOT-23JEDEC
BLM15AX601SN1D,0402-05
5063771A,0402-03
MPU-9250,QFN24-0.4 Z PP
TPS54060ADRC,SON10 3X3-0.75 PP
MAX15062BATA+T,SON8 2X2-0.75 PP
STPM32TR,QFN24-0.5 Z PP
MAX15062AATA+T,SON8 2X2-0.75 PP
R88k7-0402,R0402-03
MAX14900EAGM+CKT,QFN48-0.5
KP-1608SYCK,0603-05
C56P-0603-100V-2P-C0G,0603-08
R3K9-0603,R0603-04
R0R004-2512-3W,R2512-06
R11K8-0402,R0402-03
R11K-0603,R0603-04
IRFS80STRPBF,SOT-23_6
SI4447ADY-T1-GE3,SO8 Z PP
BQ2057CSNTR,SO8
DB2W31900L,SOD123 SMALL PP
IN5819HW-7-F,SOD123 SMALL MECA PP
KPBD-3224ESGC,LED-KPD 3224 MECA PP
PIC16F1703-I/ST,TSSOP14-0.65 PP
TPS54061DRB,DFN-8-3X3-0.8
MMA8453QR1,LGA16 3x3x1 0P5 PP 6+10
60026 HFI,0603-08
C10N-0805-250V-5P-C0G,0805-09 PP
CC100U-D10X10-50V-20P,ALUG PP
LM5106SD,WSON10 4x4x.8 0P8 LM51 Ti
C150P-0805-250V-5P-C0G,0805-09 PP
R7K5-0805,0805-05
R390R-0603,R0603-04
NDC7003P,SOT-23_6
LEDG-0805,0805-LED
R0R15-1206,R1206-05
R0R7-0402,R0402-03
R2M49-0402,R0402-03
R332r-0603,R0603-04
SI4703-C19-GMR,QFN20-0.3 Z PP
SM6T39A,SMB PP
57149 HFI,SOT-23JEDEC
60027 HFI,0603-08
60028 HFI,0603-08
CT2U2-0805-16V-10P,0805-14
CT1U-B-35V-10P-5R,B
FDMC8015L 2,TSSOP8 POWER PAD A1
FDMC8015L,TSSOP8 3x3x.8 POWER PAD
742792510,1812-32 PP
MC74VHC1G05DT,SOT-23_5 PP
C5N6-2220-3KV-10P-X7R,2220-25 PP
BAS70-06,SOT-23JEDEC
C3U3-0603-10V-10P-X7S,0603-08
R0R056-1206-0W5,R1206-05
R23K7-0603,R0603-04
R1R5-0805,R0805-05
R60R4-0603,0603-05
R680K-0603,R0603-04
R2k94-0603,R0603-04
R3K6-0201,R0201-02
R154K-0402,R0402-03
C10U-1210-75V-20P-X7R,1210-20 PP
L-05B6N8JV6T,0201-03
LQP03TN2N0B02D,0201-03
bc817-25QA,DFN1010D-3
R84R5-0805,0805-05
MCFT0BT2N401,0201-025
TGA2567,QFN24-0.55 8P CACHER Z PP
ADUM1200CRZ,SOIC8 PP
ADG3308BCPZ,QFN20-0.5 Z PP
MSP430FR5989RGC,QFN64-0.4 Z PP
SHT31-DIS-B,SON8 2.5X2.5-1 PP
HMC460LC5TR,QFN32-0.55 Z PP
SHT35-DIS-F2,SON8 2.5X2.5-1 PP
I3G4250D,QFN16-0.65 REPERE PP
MASW-008322,QFN24-0.5 Z PP
HMC903LP3E,QFN16-0.35 Z PP
SMAJ33A,SMA PP
HMC939ALP4ETR,QFN24-0.5 Z PP
R10K2-0805,R0805-05
R25k5-1206,R1206-05
R10K2-0402,R0402-03
R200M-0603,R0603-04
R21K5-0805,R0805-05
5125436,Unknown
5125608,Unknown
5125179,Unknown
153632A,Unknown
5012977A,Unknown
5061403A,Unknown
AD8648ARZ,SOIC14 N 150 mil SL PP
5053955A,Unknown
5117707,Unknown
5125223,Unknown
ADUM1201WSRZ,SOIC8 PP
5046180A,Unknown
5110320,Unknown
5125690,Unknown
5124998,Unknown
5121858,Unknown
5067216A,Unknown
5010278S,0402-03
LBR2012T1R0M,0805-09 PP
5012341S,0402-03
5056756A,0402-03
5123062,IND 3.8X3.8-1.25 MECA PP
5015084A,SMA PP
5125107,SON6 1.6X1.6-0.6 Z PP
5013648S,0402-03
5062025A,0402-03
5125046,SOT-23_6 0402 PP
5121796,0805-09
5122954,Unknown
5122968,Unknown
CAHCT125QPW,HTSSOP14 PP
NCP5501DT50RKG,DPAK
5125224,SOT-323_SC-70_6
5108410,0402-05
5123169,Unknown
5123185,Unknown
74LV14D,SOIC14 N 150 mil SL PP
5046664A,0402-03
VC120605A150DP,1206-14
ST485CDR,SO8
RR680R-1206,1206-05
5123186,Unknown
RR4k7-1206,R1206-05
R47R-1206,R1206-05
5012030A,Unknown
5050090A,Unknown
5069431A,Unknown
5071436A,Unknown
5102804,Unknown
5115251,Unknown
5121058,Unknown
5123187,Unknown
5123194,Unknown
156738S,0603-05
5123195,Unknown
5123949,Unknown
5124996,Unknown
5125082,Unknown
REF3130AQDBZ,SOT-23JEDEC
SN74HCS72PW,HTSSOP14 PP
SN74ALVC10PW,HTSSOP14 PP
SN74AUP1G04DBV,SOT-23_5 PP
ADM4852ARZ,SOIC8 PP
LMV393QD,SOIC8 PP
SMBJ43CA,SMB PP
74LCX244WM,SOIC20 DW PP
R49R9-0805-0W25,R0805-05
XISOUSB111DWR,SOIC16 10x11x2.6 1P2 DWTi
ADUM1401WTRWZ,SOIC16 10x7x2.5 1P2 AduM
GCJ188R71H224KA01D,0603-08
R90K9-0603,0603-05
TLV2314IDGKT,SO8 SMALL Z PP
CG0603MLU-12E,0603-05
TLV314IDBVT,SOT-23_5
CPC1010N,SOP4 6x4x2 2P5 CPC1010
5008536S,0402-05
TMS320F28377SPTP,HLQFP176-26x26x1.6 0P5 Ti
RPM3.3-2.0,RPM2.0 12x12x4 2P29 Recom
TESTY,IND 5.5X6-2.75 Z PP
DS90LV047ATM,SOIC16 D PP
BAV70W,SOT-323_SC-70
SP0503BAHTG,SOT-143JEDEC
TPS62003DGS,VSSOP10 PP
BZV55-C18,SOD 80 PP
R31K6-0603,R0603-04
HSMG-C150,1206-05
82400102,SOT-26(5)
BAT54CW,SOT-323_SC-70
R470R-0805,R0805-05
SF-0603S050-2,0603-05
APHBM2012LSURKZGKC,LEDBi 2x1.2x.45 1P5 King
SMCJ36A,DO-214AB
SMCJ33A,DO-214AB
NCP15PX601SN1D,0402-05 LENT PP PLATEAU
STM32F469ZGT6,LQFP144-0.50 LENT PP
5125743,1210-23 PP
R1K6-0805,R0805-05
R270K-0805,R0805-05
R680K-0402,0402-03
R180k-0603,R0603-04
R27R-0603,R0603-04
R6K2-0402,0402-05
R2K7-0805,R0805-05
R18K2-0603,R0603-04
R150R-1210,R1210-06
R47K5-0805,R0805-05
R130K-0603-25PPM,R0603-04
R56K-0402,R0402-03
742792097,0805-07 PP
R160R-0402,R0402-03
R27K-0805,R0805-05
R3K6-0402,R0402-03
BAS21LT1G,SOT-23JEDEC
SS4-20-3.00-L-D-K,SS4-20-3.00-LDK AUTO40MOD
R6K98-0603,0603-05
C10U-1812-100V-20P-X7S,1812-32 PP
CHV1206-FX-4993ELF,1206-05
BRL2012T100M,0805-11
SN74AVC4T245PWR,TSSOP16-0.65 PP
74279202,0805-09
MIC5504-1.8YMT,DFN4 1x1x.55 0P65 Micrel
MBRA210LT3G,DO-214AC
MAX4617CUE+,TSSOP16-0.65 PP
6500K-NFSW757GT,LED CARRE 3X3-0.55 H PP
APC3225-102-2P-T00,1210-20 PP
BAT754,SOT-23JEDEC
2200K-NFSL757GT,LED CARRE 3X3-0.55 H PP
5123278,0402-03
R1K05-0603,R0603-04
R3K32-0805,R0805-05
R2M2-0805,R0805-05
R4K42-0603,R0603-04
R56R2-0603,R0603-04
R1K07-0603,R0603-04
4000K-NFSL757GT-V1,LED CARRE 3X3-0.55 H PP
ACP3225-102-2P-T00,INDUCTENCE 4P PP
1206L200PR,1206-05
AD8605ARTZ,SOT-23_5 PP
NFM21PC475B1A3D,0805-07 PP
MP34DT06J,HCLGA4 4x3x1 0P85 StM
TXB0108YZPR,BGA20 2.4x1.9x.5 0P5 YZP
597-3111-407F,1206-11
40K2-0402,0402-05
BLM18PG300SN1D,0603-08
R1K6-0603,R0603-04
NFE61PT472C1H9L,NFE 31 PP
GS1G,DO-214AC
R27R4-0603,R0603-04
R1K15-0603,R0603-04
R24K3-0603,R0603-04
R27K-0805-25PPM,R0805-05
742792012,0805-09
R1K1-0603,R0603-04
R3K74-0603,R0603-04
R10R-1210,R1210-06
R9K76-0603,0603-05
NCP114ASN280T,SOT-23_5
LSM67FS2U221Z,1206-16 MECA PP
LSM67FS2U21Z,1206L MECA
BLM41PG471SN1L,1206-09 LONGUE PP
SMCJ18A,DO-214AB
TPS3808G09DBV,SOT-23_6
BZX585-B6V8,SOD523 Z PP
LM3671MF,SOT-23_5
TPS3808G09DBVT,SOT-23_6
R953K1-0402,0402-03
LM3671MF-1.2,SOT-23_5
LTC1487CS8#PBF,SO8 Z PP
LTM8022EV,LGA50-11.3X9.5-2.8 PP
R0R47-1210,R1210-06
R22M-0603,R0603-04
BLM21PG600SN1D,0805-05
R59R-0603,R0603-04
DS26LS31CM,SO16 HYDRA
R11K3-0603,R0603-04
R130R-2512,R2512-06
R15R-0603,R0603-04
R36R-0603-15PPM,R0603-04
PCBTSD-0013-01,0603-08
SN65C1167NS,SOP16 10x8x2 1P27 Ti
CT47U-S-10V-20P-0R2,0805-09
AD8091ARTZ,SOT-23_5 PP
5055230A,0402-05
5123004,Unknown
5125697,Unknown
5046806A,Unknown
5058238A,SOD523 Z PP
5119868,SOT-23JEDEC
5125809,D
5062034A,DO-214AC
DMN3404,SOT-23JEDEC
5123690,SOT-23_5
5046667,0402-03
MMBZ20VAL,SOT-23JEDEC
5124025,0402-03
IRLML6346,SOT-23JEDEC
R0R-1210,R1210-06
BSS84,SOT-23JEDEC
R0R01-2010-0W5,R2010-06
R24R3-0603,R0603-04
5122969,0402-03
ZXM61P03F,SOT-23JEDEC
5066073A,0402-05
NFM21C20,0805-09
BAV99-SOT,SOT-23JEDEC
CAPA-1P-0603-50V-0P05,0603-05
CAPA-2.2N-0805-50V-2P,0805-05
MIC5504-3.0YMT,DFN4 1x1x.55 0P65 Micrel
AD8031,SOT-23_5 PP
LEDY-0603,0603L PP
RGEN-10M-2010,2010-06
5102979,Unknown
R8K66-0805-25PPM,0805-05
CC100U-D6.3X5.8-35V-20P,ALUB 6.8X6.8-5.9 PP
5009005A,Unknown
5059914A,Unknown
5051710A,Unknown
5054156A,Unknown
MICROSMD010F-2,microSMD
SN74LVC2G14DCK,SOT-323_SC-70_6
R11K5-0805-25PPM,R0805-05
R820K-0603,R0603-04
5123279,0402-03
5124485,0402-03
5126035,0402-03
5126105,0603-08
5123280,0402-03
5060401A,SMB
5123275,0402-03
LED B-0805,0805-11
SN74LVC1G11DBVR,SOT-23_6
MICROSMD150F-2,1210-07 MECA PP
5111156,0402-03
5125234,LQFP64-0.50 LENT PP
MMZ2012S121A,0805-09
AD8606ARMZ,MSOP8 PP
SI4703- CREACAST,QFN20-0.3 Z PP
Citiroc1A BGA353,BGA353-12x12x1.2 0P5 PP
ABS07-32.768KHZ-7-T,QZ6X3 0.8 PP
MPS28200GG,QFN12
BK1005HS102,0402-03
BC850B,SOT-23JEDEC
CPH6341-TL,SOT-26
LEDB-0805,0805-LED
TPS74601PQWDRV,WSON6 2x2x.75 0P65 DRV
ADXL362BCCZ,ADXL362
TS3USB221ARSER,QFN10-0.5 Z LENT PP
BZV55-C6V8,SOD-80
TPS73501DRB,VSON8 3x3x1 0P65 DRB
74479775222,0805-05
STM32L433CCU6,UFQFN48-0.5 PP
AK09970,QFN16-P0.5-E0.8MM
S2-LPQTR,QFN24-0.5 Z PP
LQG18HN12NJ00D,0603-08
NMX25R3235FZBIL,USON8 4X3-E0.55 Z PP
MX25R3235FZBIL0,USON8 4X3-E0.55 Z PP
L-07C18NJV6T,0402-03
T495D477K006ATE125,D
293D107X9010D2TE3,D
CT22U-M-10V-20P-0R5,0603 CT
R0R01-1206-0W25,R1206-05
Citiroc1ABGA353,BGA353-12x12x1.2 0P5 PP
R15R-0201,R0201-02
R121R-0805,R0805-05
R22K1-0805,R0805-05
BFR520,SOT-23JEDEC
C100N-0603-100V-5P-X7R,0603-08
BLM31PG391SN1L,1206-05 LENT PP
LT E6SG-AABB-35-1-Z,1210-25
SN74LVC1T45MDCKREP,SOT-23_6 SMALL
R20k-0805-25PPM,R0805-05
SMBJ12CA,DO-214AA
742792731,0402-05 742792731
R2R2-0201,R0201-02
R200R-0805-25PPM,R0805-05
BZX84-C5V1,SOT-23JEDEC
R5K62-0603,0603-05 LENT PP
R22K6-0805,R0805-05
R17R4-0402,R0402-03
R1M2-0805,R0805-05
R22R1-0805-25PPM,R0805-05
R2K21-0805-25PPM,R0805-05
R2K4-0805,R0805-05
R3K3-0201,R0201-02
2SK3557-6-TB-E,SOT-23JEDEC
R5K6-0805,0805-05
PTVS5V051UR,SOD123 Z
57110,SOT-23JEDEC
TPD2E007DCKR,SOT-323_SC-70
54104,SC70-6
57154,SOT-23JEDEC PP LENT
AD7357YRUZ,TSSOP16-0.65 PP
60164,1210-07 MECA PP
R7K7-0805,0805-05
SMBT2222AE6327HTSA1,SOT-23JEDEC
LM94022BIMG,SOT-353-1 PP
MF-MMSMF020-2,1812-09
R649R-0805,0805-05
PTVS5V0S1UR,SOD123
R6K04-0805,0805-05
NDS0605,SOT-23JEDEC
STTH3L06U,SMB PP
R1M02-0805,R0805-05
R14K-0805,R0805-05
R40K-0603-25PPM,R0603-04
R53K6-0805,R0805-05
MMBT2907ALT1G,SOT-23JEDEC
R20k-0603-25PPM,R0603-04
IRLML630,SOT-23JEDEC
INA214AIDCK,SOT-323_SC-70_6 PP
REF3450QDBV,SOT-23_6
TMP125AIDBV,SOT-23_6
REF3025AIDBZ,SOT-23JEDEC
54497,SOT-23_6 SMALL
CSD13202Q2,SON6 2X2-0.75 PP
F1206B1R00FWTR,1206-05
TPS61021A,SON8 2X2-0.75 PP
ADG801BRT,SOT-23_6
KPG-1608PBC-A,0603L MECA PP
LNJ026X8ARA,0603L MECA PP
BZG05C5V6,SOD123
SML-D12M8WT86,0603L MECA PP
ADP5300ACPZ-2-R7,LFCSP10
NT3H1101W0FHK,NTCS0805
BAR8802VH6327XTSA1 CTIC,SOD523 Z PP
R33K2-0805,R0805-05
R14K7-0805,R0805-05
R68R1-0805,0805-05
TS4148 RY,0805-05
R422R-0805,R0805-05
R56K2-0805,R0805-05
KP-3216 SURCK,0603-05 LENT PP
PGB2010402KRHF,0402-03
LQG15HS15NJ02D,0402-05
BLM03AG121SN1D,0201-03 PP
BAR8802VH6327XTSA1,SC79 PP
BBS138K,SOT-23JEDEC
HKQ0603S3N3C,0201-03 PP
HKQ0603S2N0C,0201-03 PP
SN65HVD1781QD,SOIC8 PP
FDN357N,SOT-23JEDEC
TFM252012ALMA2R2MTAA,1008-09 PP
0805PS-102KL,IND0805PS 2 3.3X2.9
LM26480SQ-AA/NOPB,QFN24-0.5 Z LENT PP
R43R5-0402,R0402-03
R2R21-0402,R0402-03
R100K-1210,R1210-06
BZV55-C5V6,SOD 80 LENT PP
R75K-0805,0805-05
R10R-0603-0W33,R0603-04
R12M-2512-1W,R2512-06
R2K-1210,R1210-06
R300K-1206,R1206-05
5118960,LED COUCHER Z PP
BK20104M241-T,0603-08 LARGE PP
TDA8035HN/C1.151,QFN32-0.5 Z PP
D1213A-04S-7,SOT-23_6 SMALL
CPC1117NT,SO4-4.1x6.1x2.2 2P54 CPC1
CPC1117N,SO4-4.1x6.1x2.2 2P54 CPC1
V8KM60DU,TDFN8 5.2X6.3-1 PP
IPZ40N04S5-8R4,IPZ40
ATWILC1000B-MU-T,QFN40-0.4
EN6337QI,QFN38-7X4-1.85 PP
APTD1608LVBC/D,0603L MECA PP
LTC5507ES6,SOT-23_6
TXB0108RGYR,VQFN20-3.5X5-0.9 PP
NX3L2G384GT,DFN-8-2X1-0.5 PP
BAV70TT1G,SOT-23 SMALL
NX3L2T66GT,DFN-8-2X1-0.5 PP
KAPIMS0082490,QFN40-0.5
KSZ8081RNACA,QFN24-0.5 Z LENT PP
BSS138K,SOT-23JEDEC
R10K5-0402,R0402-03
R21K-0603,R0603-04
R13K-0805,R0805-05
EP5358HUI,uQFN16-2.3X2.5-1.15 PP
APTD1608LZGCK,0603L MECA PP
APT1608LZGCK,0603L MECA PP
APT1608LVBC/D,0603-09 PP
B82422CA1103K100,1210-16
0603CS-8N2XGLU,0603-08
ADA4932-2YCPZ,QFN24-4x4x.1 0P5 PP RGE
B82498F3471J000,0805-11 MECA
LQW18ANR33G00D,0603-08
0603CS-R27XGLU,0603-08
DTD1132K,SOT-23JEDEC
BD1631J50100AMF,SON6 2X1.3-0.7 Z PP
AQY212S,SOP4 6x4x2 2P5 PhotoGU
LT1763CDE-1.8,DFN-12-3X4-0.75
ISO7741FQDW,SOIC16 17.4X10.4x2.65
LT1763CDE-2.5,DFN-12-3X4-0.75
LT1763CDE-3.3,DFN-12-3X4-0.75
LT1763CDE-5,DFN-12-3X4-0.75
R4R75-0603-10PPM,R0603-04
R12K1-0402-25PPM,R0402-03
S2751-46R,S2751-46RPP
R324R-0402,R0402-03
TS5A1066DBVR,SOT-23_5
TPS62175DQCT,SON10 2X3-0.7 PP
NCP5623CMUTBG,SON10 2X2-0.6 PP
SBAV99,SOT-23JEDEC PP LENT
R9R53-0603-10PPM,0603-05
AMS AG,QFN20-0.55 PP
R680R-0603-0W25,0603-03 PP
74LVC1G04FZ4-7,SON6 1x1.5-0.4 Z PP
MBT3904-DWITIG,SOT-323_SC-70_6
MBT3904DW1,SOT-323_SC-70_6
LP5907SNX-2.8/N0PB,4X2SON 1X1-0.4 MECA PP
B72500E0250K060,0603-08
BAS40,SOT-23JEDEC
SSM3K16FU,SOT-23 SMALL
LQG15HS47NJ02D,0402-05 LENT PP
LM7805S,D2PAK
DTD113ZK,SOT-23JEDEC
KP-2012HD,1008-09 PP
R750R-0603-10PPM,0603-05
BAS40-04,SOT-23JEDEC
R1K02-0402,R0402-03
R6R34-0603-10PPM,R0805-05
R26R1-0402,R0402-03
SFH6286-2,SO4 5X9.5-3.75 Z PP
SIT1618AA-22-33S-25.000000G,SiT1618B 3.2x2.5x0.75 2P1
PMEG2020EPA,SOT-1061 2X2-0.7 Z PP
BZV55-C4V3,SOD-80
B72520E0140K062,1206-09
BZV55-C22,SOD-80
SFH6286-4,SO4 5X9.5-3.75 Z PP
B82462-A4,IND 5.5X6-2.75 Z PP
LQM21NNR10K10D,0805-05
R976K-0603,0603-05
SFH6286-2T,SO4 5X9.5-3.75 Z PP
MAX4335EXT+T,SOT-323_SC-70_6
7447779222,IND 7.3X7.3-4.25 Z PP
2985IM5-2.5/NOPB3,SOT-23_5
DS1813R-10+,SOT-23JEDEC
SMTPA220A,SMB PP PLATEAU
742792095,0805-07 PP
UCC27517ADBVT,SOT-23_5
R270R-1206-0W5,R1206-05
R10K-2010-0W75,R2010-06
R10R-0603-0W25,R0603-04
R48K7-0402,R0402-03
1NA180A1IDBVT,SOT-23_5
82400152,SOT-563 PP
INA180A1IDBVT,SOT-23_5
ES1J,DO-214AA
ECLAMP2422N,DFN6 1x1.5-0.5 PP
ADG715BRUZ,TSSOP24 PW PP
SN74LS138D,SOIC16 10x11x2.6 1P2 DWTi
TSV911ILT,SOT-23_5 PP
74HC04PW,TSSOP14-0.65 PP
MM74HC138MTC,TSSOP16-0.65 PP AUTO
R68K-2512,2512-06
5124609,0402-05
CT100U-X-25V-10P-3R,D
R732R-0603,0603-05
R4K7-2512-1W,R2512-06
R10R-1210-0W75,R1210-06
R430R-0402,R0402-03
NC7SZ00P5X,SOT-323_SC-70_5
R10R-2010-0W75,R2010-06
R1M-2512,R2512-06
R316R-0805-25PPM,R0805-05
R3R-1210-0W75,R1210-06
R590R-0805,R0805-05
R634R-0805-25PPM,0805-05
TUSB1210BRHBT,QFN32-0.55 Z PP
FT232RQ-REEL,QFN32-0.55 Z PP
74LVC1G04GW,SOT-323_SC-70_5
MVL88E1518-A0-NNB2C000,QFN48-0.5 Z PP
SN74LVC07ARGYR,QFN14- 3.5X3.5 PP 4+10PIN
R5K1-0805-25PPM,0805-05
NTS0102DP,SO8 XSMALL PP
FT232RQ,QFN32 5x5x0.85
HSMQ-C110,LED COUCHER Z PP
CT10U-C-35V-10P-1R6,C TANTAL
NC7SZ04P5X,SOT-323_SC-70_5
CT100U-D-20V-10P-0R5,D TANTAL
CT100U-X-25V-10P-0R3,X TANTAL
R0R33-0805,R0805-05
R12R4-0805-25PPM,R0805-05
R160R-0805-25PPM,R0805-05
R1K27-0805-25PPM,R0805-05
R1K7-0402,R0402-03
R221K-1206,R1206-05
R2K55-0805-25PPM,R0805-05
R402R-0805-25PPM,R0805-05
5114272,SO8
5123017,2412-06
5125603,SO8
5124586,DO-214AC
NTS0104BQ,VQFN14-3X2.5-0.9 PP
CAT16-472J4LF,1206-05
155124RV73200,LED3.2X.5-1 PP AUTO
KPG-1608SURKC,0603L PP
5052833A,SOD123
5046667A,0402-03
MMA8451QT,QFN16-5P+3P 3X3 PP MMA845
KPG-1608ZGC,0603L PP
1206SF250F,1206-14
ES2D,SMB PP
HSMA-C110,LED COUCHER Z PP
KPT-1608SGC,0603L PP
BC846BW,SOT-323_SC-70
R1K2-0805-25PPM,R0805-05
R24R9-0805-25PPM,R0805-05
R37R4-0805-25PPM,R0805-05
BC856BW,SOT-323_SC-70
HSMF-C143,LED COUCHER HSMF PP
SI2312BDS,SOT-23JEDEC
L3GD20HTR,QFN16-5P+3P 3X3 MECA PP
PMEG4010EGWX,SOD123 SMALL PP
151082S,SOT-23JEDEC
5051433A,0805-09
293D475X9010A2TE3,A
CBC3225T102KR,1210-18 PP
ADR381ARTZ,SOT-23JEDEC
TLV70245DBVT,SOT-23_5
RCLAMP0504S.TCT,SOT-23_6
CAY16-220J4LF,1206-05
CBC3225T101KR,1210-16
R3K4-0402,R0402-03
KSZ8041FTLI,TQFP48-0.50
R0R015-1206,R1206-05
BAV23,SOT-143JEDEC
MPZ1608S221ATA00,0603-08
BLM18PG330SN1D,0603-05
1N4148WS,SOD323 PP DIODE
R510R-0603-25PPM,R0603-04
MMBT3904LT1G,SOT-23JEDEC
SMA6J30A,DO-214AC
DLW21SN900SQ2L,0805-11 MECA
NTZD5154NT1G,SOT-323_SC-70_6 SMALL PP
QSD,QFN16-0.35 Z PP
35F0121-05R,SMB SMAL PP
SMAJ30A,DO-214AC
SD0603S040S0R2,0603-07 PP
SMAJ15A,SMA PP
35F0121-0SR-10,DO-214AC MECA PP
ERA-3ARW102V,0603-07 PP
NTZD3154NT1G,SOT-323_SC-70_6 SMALL PP
5126027,0402-05
APA1606CGCK,LED COUCHER XSMALL C
G3VM-401GF,RELAIS 7X4 PP
SP5001-04TTG,TDFN-10 2.5x2x.8 asym 0P5
MMBT5087,SOT-23JEDEC
VL53L1CBV0FY,LGA12-5X2.5-1.6 PP
NUP4302MR6T1G,SOT-26(5)
MB10S,1008-09 PP
CBC3225T221KR,1210-16
R240R-0603-25PPM,R0603-04
STM32F030CCT6R,LQFP48-0.50
R5K-0402,0402-03
LM5165XDRCT,SON10 3X3-0.75 PP
TPS79525DCQ,SOT-223-5 6x7x1 1P27 DCQ
MXC6244AL,SON6 3X3-1.20 PP
5126032,SOD323F
74ALVC164245DGG,TSSOP48-0.50-BW:6.1
MXC6244AU,SON6 3X3-1.20 PP
VL53L0CXV0DH,LGA12-4.3X2.3-1.6 PP
5012845S,0603L 0.53 PP
5009356S,0402-05
TLV62130RGT,QFN16 3x3x.9 0P5 PP
LQG15HN5N6S02D,0402-05
S5BL-TP,DO-214AB
NCH-RSL10-101Q48-ABG,QFN48-0.4 LENT Z PP
VS-MBRS110,SMB
KA-2810AZGS,KA-2810ASURSK
TPD2EUSB30DRT,SOT-723 FL - SOT-9X3 DRT
CT10U-B-10V-10P-0R75,B Z PP
R15K8-0402,R0402-03
742792625,0603-05
TFZVTR3.3B,SOD323HE PP DIODE
PDZ3.3B,SOD323 PP DIODE
FT231XQ,QFN20-0.5 Z PP
IP4221CZ6-S,SON6 1x1.5-0.4 Z PP
R604k-0402,0402-03
IRLML0060,SOT-23JEDEC
5667220A,SOT-23 LARGE
T495X476K035ATE300,D
DP83848JSQ,QFN40-0.5 Z PP
TAJC226K010TNJ,C
TAJB476K010RNJ,B Z PP
MT48LC16M16A2F4-6A,BGA54-8x8-0.95
STMPE811QTR,QFN16-0.35 PP HYDRQ
BLM18KG221SH1D,0603-08
SZNUP2105L,SOT-23JEDEC
PDZ5.1B,SOD323 PP DIODE
SN74LS14D,SO14
R15R-0805-25PPM,R0805-05
R1K5-1206,R1206-05
R28K-1206,R1206-05
R820R-0402,R0402-03
150060VS75000,0603L
82307050029,0402-05
ELJFAR22MF2,IND0805PS 2 3.3X2.9
UDZS5.1B,SOD323 PP DIODE
TPS75415QPWP,HTSSOP20 PWP PP
TPS54316PWP,HTSSOP20 PWP PP
5065008A,SOT-23JEDEC
5105297,0805-09
5106793,SOD123
AD8054ARZ,SO14
BLM18BB750SN1D,0603-08
S1008-152G,IND 2.4X2.7-2.4 Z PP
S1008-182G,IND 2.4X2.7-2.4 Z PP
S1008-681G,IND 2.4X2.7-2.4 Z PP
R25M-1206,R1206-05
IHLP2525CZER2R2M01,IND 6x6x3 IHLP-2525 Vish
LT3045HMSE,MSOP12 4x5x1.1 P.65 AnDev
R3k01-0402,R0402-03
HSMH-C170,HSMH-C170
BLM18PG300SH1D,0603-05
R220R-1206,R1206-05
74HCT1G125GW,SOT-323_SC-70_5
R2K32-1206,R1206-05
R2M-0805,R0805-05
R2M7-1206,R1206-05
R39R-1206,R1206-05
R61R9-0402,0402-03
S1008-101G,IND 2.4X2.7-2.4 Z PP
TL2BR01F,1206-06
B82462G4102M,IND 5.5X6-2.75 Z PP
5124185,0402-05
5126026,0402-05
CGA2B2X7R1H102K050BE,0402-05
5115142,0805-07 Z PP
SL22-E3/52T,SMB
CGA2B2X7R1H472K050BE,0402-05
5114830,0805-07 PP
FDN352APCT,SOT-23JEDEC
MMBTA06,SOT-23JEDEC
BC1802-82,DFN1010D-3
5120919,0402-05
R820K-0603-50PPM,0603-05
5125367,0402-05
BLM18PG471SH1D,0603-05
R715R-0603-25PPM,0603-05
R18K7-0603,R0603-04
R2M21-0603,R0603-04
R360R-0805,R0805-05
MINISMDC100F,1812-09
SQ3419EV,SOT-23_6
SMBJ12A,SMB
SMBJ120A,SMB
1N4148WT,SOD523 PP PLATEAU
CI160808-6N8J,0603-08
5010257S,0402-05
FDN352AP,SOT-23JEDEC
BAV102,SOD 80
R9K09-0603,0603-05
504666A,0402-03
APTD1608CGK,0603L PP
5014056A,0402-05
PTVS18VS1UR,SOD123
5120077,SWITCH 4.5X4.5-0.5PP
VS-MBRS1100,SMB
WAFER BGA,BGA304-31x31-1.5 PP
C33U-1206-25V-20P-X5R,1206-14
PIC18F67K22-I/PT,LQFP64-0.50
LT3094EDD,DFN12-3x3x.75 0P45 PAD PP
XMC1302T038X0064,1008-09 PP
APT1608SGC,0603-05
LG Y876-P1Q2-24,LED LG Y876 PP
EEF-FD0J330R,SMA PP
BK2125HM601-T,0805-09
TPS79133DBVT,SOT-23_5
MAX26259ELT+T,SON6 1x1.5-0.75 PP
BLM41PG102SN1L,1806-09 PP
MMSZ5233BT1G,SOD123
BQ24315DSGR,SON8 2X2-0.75 PP
MPU-6000,QFN24-0.5 Z PP
BQ24313DSGT,SON8 2X2-0.75 PP
1N4148WX,SOD323 PP DIODE
LSM303DTR,LGA16-3X3-0.95 PP
L3GD20TR,LGA16-4X4-1 PP
LTC4417IUF,QFN24-0.5 Z PP
MAX2659ELT+T,SON6 1x1.5-0.75 PP
SN74CB3Q3251RGYR,QFN16-6P+2P 4X3.5 PP
744232161,IND4-3.2x1.6x1.8 1206 WEE
HCPL-0453,SOIC8 PP
TPS7A4700RGWT,QFN20-5X5-0.9 PP
TPS7A3301RGWT,QFN20-5X5-0.9 PP
50140045,0402-05 SMALL
BR1111C-TR,0603L PP
74279268,0603-05
R215K-0402,R0402-03
MAX4983EEVB+,QFN10-2P+3P 1.8X1.3-0.5PL
SN74CB3Q3125RGYR,QFN14- 3.5X3.5 PL 4+10PIN
HSMG-C280,0402-05
SESD1004Q4UG,DFN10-2.5x1x.4 0P5 8+2 PP
5014056S,0402-05
5008118S,LED 5.1X2.8 1.8
156732S,0603-05
158778S,1206-05
BAT20J,SOD323F
5054811A,0402-05
5121595,0402-05
5062609A,0402-05
STPS0530,SOD123
TXS0104ERGYR,QFN14- 3.5X3.5 PP 4+10PIN
NCP455201MNTWG,SON8 2X2-0.75 PP
IIS328DQTR,QFN24-0.5H Z PP
ADP2384ACPZN,QFN24-4x4x.75 0P5 PP
TLV320AIC32041RHBR,QFN32-0.5 Z PP
TCA9509RVHR,LGA8-1.6X1.6-0.7 PP
MF-MSMF030-2,1812-09
R51K-0402,R0402-03
R60R4-0402,0402-03
NC7SZ04M5X,SOT-23_5 PP
36401E5N6ATDF,0402-03
NCP45520IMNTWG-H,SON8 2X2-0.75 PP AUTO
HMC547ALP3E,QFN16-0.35 Z PP
MASWCC0006,QFN38-7X4-0.9 PP
LFCN-1450+,1206-09
LFCN-2250+,1206-09
LFCN-3800D+,1206-09
B82496C3159A000,0603-08
LFCN-3800+,1206-09
LFCN-2850+,1206-09
CX5032GB24000H0PESZZ,QZ2-5X3.2 PP
LQG15HN12NJ02D,0402-05
BLM21BD102SN1D,0805-09 PP
FDN342P,SOT-23JEDEC
MICROSMDO10F-2,1210-06
LTC4364IMS-2,MSOP16 4x5x1 P.5 Linear
CDEP134NP-4R8MC,IND CDEP134 14x14x5 7P2
PIC18F26K80I-SSoneTemperature2,SSOP28-0.65-BW:6.1
NFM41PC155B1H3L,1806-09 PP
C470P-0805-50V-10P-X7R,0805-05
PBRC8.00HR50X000,PBRC8.00HR50X000
LQP15MN10NG02D,0402-05
C0603C102K5RACAUTO,0603-08 SMALL
MM3Z7V5T1G,SOD323F
LNK3204D,SO-8C 4.9x6x1.75 1P27
S2G,SMB
YC124-JR-0747RL,0804
YC248-JR-0733RL,1206-09 LONGUE PP
CFSH05-20LTR,0402-03
SI1922EDH,SOT-323_SC-70_6
ALMD-CM1F-34002,LED DOM 4.2X4.2-6.8PP
TLP3906-E,SO4 TLP 3.7x7x2.1 2P54 To
ALMD-EG1E-Z2002,LED DOM 4.2X4.2-6.8PP
MCP6441T-E/OT,SOT-23_5 SMALL PP
M30260F8AGP,LQFP48-0.50
BLM15PX601SN1D,0402-05
DDZ9699T,SOD523 PP
LQP15MN1N1W02D,0402-03
R18R-2512,R2512-06
R470R-0603-0W25,R0603-04
R560R-0603-0W25,R0603-04
R59R-0805,R0805-05
FR015L3EZ,SON6 2X2-0.75 PP
R820K-0603-25PPM,0603-05
BZT52C12-7-F,SOD123
SMAT170A,DO-214AC
SMAJ24A,DO-214AC
TPSE686M025R0200,D
SZMM3Z3V6T1GX,SOD323-SZMM 1.2x2.5x1 Nex
SMM20,FUSIBLE BIG PP
PIC18F25K50-I/ML,QFN28-0.65
SMAT70A-13-F,DO-214AC
UDZ3V6B,SOD323 PP DIODE
ATV02W240B-HF,SOD123 Z
ATV02W240B,SOD123 Z
SI53314-B-GM,QFN32 5x5x09 0P5 PP
DAC5672IPFB,LQFP48-0.50
BSC028N06NSATMA1,SON8 1.8 PP
HMC544AE,SOT-23_6
R0R008-2010,R2010-06
LTM8055IY,BGA121-11x11-1.275 PP
BCR116S,SOT-323_SC-70_6
BAT54,SOT-23JEDEC
1SS355,SOD323F
ZXMP6A13FTA,SOT-23JEDEC
SMBJ36A,DO-214AA PP
GRM1555C1H470GA1D,0402-05
BLM15AG221SN1D,0402-03
GRM155R71E103KA01D,0402-05
MMSZ5V6T1G,SOD123
GJM1555C1H1R0WB1D,0402-05
GJM1555C1HR80WB1D,0402-05
RR33r-1506,1206-09 LONGUE PP
744765127A,0402-03
C220N-1210-450V-20P-X7T,1210-20 PP
R75K-2010,2010-06
RR33r-1506206,1206-05
5015,5015 PT SILOUHETTE
R2K61-0805,R0805-05
R13K7-0805,R0805-05
R105R-0402,R0402-03
XC6SLX45T-3FGG484C,BGA484-23x23-2.15
BLM15GA750SN1D,0402-05
C100N-1210-500V-10P-X7R,1210-06
R158R-0805-25PPM,R0805-05
R1K91-0805,R0805-05
R267K-0402,R0402-03
R2K37-0805,R0805-05
BAR43CFILM,SOT-23JEDEC
1008CS-221XJLB,1210-11 XSMALL PP
1008CS-271XJLB,1210-11 XSMALL PP
LQW2BAS15NJ00L,0805-11
R82K5-0805,0805-05
R71k5-0805,0805-05
CT100U-D-10V-10P-0R5,D
CT10U-X-35V-10P-0R25,D
MBRA140T3G,DO-214AC
B82432T1102K,IND 4.5X3.2-2.5
TMS320C6415DGLZ6G3,BGA546 23X23-3 PP
R2K26-0805,R0805-05
R470R-2010,R2010-06
R3k-0603-25PPM,R0603-04
R243R-0805-25PPM,R0805-05
742792022,0805-05
LQG18HN39NJ00D,0603-05
R28K7-0805,R0805-05
R2k-0603-25PPM,R0603-04
R40K2-0603-25PPM,R0603-04
R4R99-0402,R0402-03
R562R-0805,R0805-05
ETC1-1-13TR,ETC1
74279022,0805-09
PCBBelenosHSCPowerV1.2,0603-08
B220-13-F,DO-214AC
74404054330,IND 4.8X4.8-3
DTD113ZKT146,SOT-23 LARGE
BZX284-C3V3,SOD323
ACS716KLATR-25CB-NL,SOIC16 10x11x2.6 1P2 DWTi
ARC241-10R,1206-14
AP2161WG,SOT-753 - NEXPERIA SC-74A
R62R-0805,0805-05
531BC125M000DG,QZ6-7x5x1.6 2P54 SI59nxD
IC1K-68RD-1.27SF,Install-IC1K-68RD-1.27SF
00370S,0805-09
CT10U-A-16V-10P-10R,A
SN74VMEH22501ADGG,TSSOP48-0.50-BW:6.1
B82498F3390J000,B82498F
AA1111C-TR,0603-05
DFLT27A-7,SOD123 POWERDI PP
R3K9-0805,R0805-05
AD9767ASTZ,LQFP48-0.50
R240R-0805,R0805-05
R12R-0805,R0805-05
175764S,0603-05
5122635,0805-07 PP
ESD5Z3.3T1G,SOD523 Z PP
ECS-SR1-8.00-B,ECS-SR1 7.5x3.3x2.2 Reso
5013217S,0402-05
5053945A,0402-05
5065462A,0603-05
5065463A,0603-05
5126231,0805-09
AFBR-S4N33C013,BGA9 3x3x.6 1P AFBR Broad
GIC,MELF3514
C10U-1812-50V-10P-X7R,1812-32 PP
SST26VF032B-104VSM,SOIJ8 8x5x2 1P27 Micro
R18R-0603,R0603-04
R1K5-0402,R0402-03
BAT54H,SOD323 PP DIODE
BZX84J-C3V3,SOD323F Z PP
CT1U-A-16V-10P-10R,A TANTAL
74279205,0805-09
R50R-1206-25PPM,R1206-05
R3R-0805,R0805-05
R56R-0805,R0805-05
L06033R3CGSTR,0603-05
BC848B,SOT-23JEDEC
74LVC2G34,SC70-5
MIC4416YM4-TR,SOT-143JEDEC
74LVC1GU04DBVR,SOT-23_5
NX5032GA-20.000M-STD-CSU-2,QZ2-5X3.2 PP
EEEFC1E330P,ALUD8 PP
3224W-1-202E,TRIM-3224W 4.8x3.5x5.1
TPS79330DBVRG4,SOT-23_5
ADP151AUJZ,SOT-23_5 PP
744764133,744764133
PMLL4148L,SOD 80 PP
5053650A,Unknown
82541300,1206-05
5112296,Unknown
1.5SMC30A,SMC PP
R750R-0603-25PPM,0603-05
R174-0603-25PPM,R0603-04
PDTC114YU,SOT-323_SC-70
R3K92-0805,R0805-05
BAS19,SOT-23JEDEC
R174R-0603-25PPM,R0603-04
5053962A,Unknown
153432A,Unknown
175028A,Unknown
5115183,Unknown
F90800021,QZ2-5X3.2 PP
5125090,Unknown
X1G0039310001SG-210SCH100MHZL,QZ2.5X2x.8 PP
GDH02S04,SO4-SW 3.6x8.1x2.3 1P27
NST65010MW6,SOT-323_SC-70_6 PP
INA138NA,SOT-23_5
MMBFJ201,SOT-23JEDEC
SN74LVC2G34DBV,SOT-23_6
KA-2810ASECK,1206L MECA
ABS06-32.768KHZ-9-1-T,ABS06
KP-1608SECK,0603-05
LMP7711MK,SOT-23_6
R121R-0603,R0603-04
KPT-1608CGCK,0603-11
R0R82-1206,R1206-05
R15K-1206,R1206-05
7447918,1206-09
R100K-1206-25PPM,R1206-05
BC857,SOT-23JEDEC
TLV320AIC3007IRSBT,QFN40-0.4
TMS320F2809,LQFP100-0.50
LQP03TN2N7B02D,0201-03
LQP03TN3N3B02D,0201-03
test z,LQFP100-0.50
IRLML2402GPBF,SOT-23JEDEC
STM32L433CBU6,QFN48-0.5
BALF-SPI2-01D3,CSBGA6 2.1x1.5x0.6 PP
5104457,Unknown
5125962,Unknown
5067632A,Unknown
5125112,Unknown
5125522,Unknown
5123149,Unknown
5059055A,Unknown
5125963,Unknown
R0R09-1206,R1206-05
74HC1G14GW,SOT-353-1
R4K64-0805-25PPM,R0805-05
74HC1G02GW,SOT-323_SC-70_5
GF1A,DO-214AC PP
B82472P6102M000,IND-SMT 7.3x7.3x4.5 TDK
ADM3065EARZ,SOIC8 PP
APTD2012LCGCK,LED-0805x1.05 1P King
MAMK2520T3R3M,IND2 2.5x2x1.2 MAMK2520
5013647S,0402-03
DFE201210S-2R2M,0805-09
RS1KAL,SMA PP
R60K4-0805-25PPM,0805-05
157622S,0603-05
XRP6658IS,SOT-23_5 PP
TLP2710,SO6-L 10x4x2 1P27 TLP2710
TLP2766A-LF4,SO6-L 10x4x2 1P27 TLP2766
R2K43-0805-25PPM,R0805-05
CT100U-D-10V-10P-0R1,D TANTAL
AT91R4000866AU,LQFP100-0.50 PP
R22K1-0805-25PPM,R0805-05
R7K5-0805-25PPM,0805-05
CT10U-E-50V-10P-0R5,E 7.3x4.3x4.3 AVX=X KEMET
AM29LV010B-70JC,PLCC32-opt PP
R1M-0805-25PPM,R0805-05
CT470U-E-10V-10P-0R1,X TANTAL
TLP176AM,SO4 TLP 3.7x7x2.1 2P54 To
L1210R470KDWIT,1210-20 PP
LM2840YMK-ADJL,SOT-23_6
LMV358SG,SOIC8 PP
ABM3B-20.000MHZ-10-1-U,QZ 5x3.2x1.1 4Pins Abra
TMS320F28379DPTP,HLQFP176-26x26x1.6 0P5 Ti
PESD24VU1UT,SOT-23JEDEC
ISO1042DWV,SOIC8 DWV PP
PMEG4010EGW,SOD123
BLM18BD102SN1D,0603-07 PP
BZX84C6V2,SOT-23JEDEC
PESD5V0L1UA,SOD323 PP DIODE
CDCE62002RHB,QFN32 5.2x5.2x095 0P5 PP
AC0603FR-074K7L,0603-05
APHD1608LCGCK,LED-0603 1.6x0.8x0.6 King
R3R9-0603,R0603-04
R5M1-0603,0603-05
R215R-0603,R0603-04
74HC1G00GW,SOT-323_SC-70_5
R392K-0603,R0603-04
HSMH-C190,0603-05
R33K-0805-25PPM,R0805-05
BZX384-C10,SOD323 PP DIODE
5126163,Unknown
ADR420ARZ,SOIC8 PP
5126164,Unknown
EE2-5NU,RELAIS10ASYM 15x7.5x10.4
5125237,Unknown
5106906,Unknown
5067931A,0402-03
5126580,0402-03
MBR130LSF,SOD123Flat PP
BAT54XV,SOD523 Z PP
HX1260NLT,HX1260NL 13x7x6 1P27 Puls
5067215A,Unknown
5055514A,Unknown
5005274S,Unknown
5126199,Unknown
158954S,Unknown
R17K4-0805,R0805-05
LP5907QMFX-3.3Q1,SOT-23_5 PP
BAS16J,SOD323F
R27R-0201,R0201-02
R511K-0603,R0603-04
5010712S,Unknown
156760S,Unknown
156758S,Unknown
ABMM2-8.000MHZ-D1,QZ6X3.6x1.2 ABMM2
ISL3158EIUZ,MSOP8 PP
S2761-46R,POINT TEST
R88K7-0603,0603-05
ADG801BRTZ,SOT-23_6
APPRENTISSAGE,APPRENTISSAGE
MAX44009EDT+T,UDFN6 2X2mm EP0.6 PP
R63K4-0603,0603-05
LSQ976-Z,0603L PP
MMA02040D1002BB300,MELF3514
ESD9B5.0ST5G,SOD923 PP
ALMD-EL1E-Z2002,LED DOM 4.2X4.2-6.8PP
VSMB2020X01,VSMB2020X01
DSPIC33EP512GP502-E/MM,QFN28-0.65
R97K6-0603-25PPM,R0603-04
BLM15AG102SN1D,0402-05
CSD13380F3,CSD13380F3
BLM18SG121TN1D,0603-05
R95K3-0603,0603-05
SMCJ120A,DO-214AB
SMBJ15A,DO-214AA
CMB02070X1503GB200,MELF5922
MMA02040D1502BB300,MELF3514
BLM15PX471SN1D,0402-05
TPS82140SIL,LGA8-3x3x1.5 Module 8 SIL
155124M173200,LED-RGB 3.2x1x1.5 Wurth
MMBZ6V8AL,SOT-23JEDEC
MCP6442T-E/MS,MSOP8 PP
S1MB-13-F,DO-214AA
CFSH05-20L,SOD-882L PP
R6K19-0603,0603-05
R200K-0805-25PPM,R0805-05
R511R-0603,R0603-04
BAS45AL,SOD 80 PP
R30K-0603-10PPM,R0603-04
ECS-250-18-33-JGN,QZ 3.2x2.5x.8 4Pins Ecs
XRCGB24M000F0L00R0,QZ 2x1.6 x.6 4Pins Murata
R15K-0603-10PPM,R0603-04
R464K-0603,R0603-04
TFM252012ALMA1R0MTAA,1008-09 PP
XFL4020-102MEC,IND 4x4x2 2P37 XFL4020 Co
TC1047AVNBTR,SOT-23 LENT PP
DFE201612R-H-1R0M,0805-09
MCP1702T-3302EMB,SOT-89-B1JEDEC
TLV8541DBV,SOT-23_5 PP
PCA9544APW,TSSOP20-0.65 PP
PCA9544APWR,TSSOP20-0.65 PP
RCU-0C,0603-11 P.TEST
FSSD06UMX,UMLP24 3.4x2.5x0.55 PP
MCP1711T-50I/OT,SOT-23_5
MCP1810T-33I/J8A,SON8 2X2-0.85 PP
TPS61291DRV,SON6 2X2-0.75 PP
R42K2-0603,R0603-04
R232K-0603,R0603-04
R12K-0805-25PPM,R0805-05
DFE201610P-2R2M,0806L
LI0805H151R-10,0805-05 AUTO
R1K78-0603,R0603-04
R16R-0805,R0805-05
DLW21HN900SQ2L,DLW21S
TPS22975DSG,WSON8 2x2x.8 0P5 PP
BZV55C9V1,SOD-80
190010005,QFN20-0.5
PAM2306AYPKE,DFN12-3x3x.6 0P45 Diodes
NSS60101DMTTBG,SON6 2X2-0.75 PP
TPS61253YFF,DSBGA9 1x1x.6 0P5 TPS Ti
TPS61236PRWL,VQFN9 2x2x1 0P5 RWL Ti
PTN5150AHXMP,X2QFN12 1.6x1.6x.35 0P4
SSM3K56ACT,DFN1006-3
LM4890LDX/NOPB,DFN-10-4x3x0.8 P0.5 PP
0908SQ-12NJLB,0908SQ PP
A04TJLC,A04T PP
SS14FL,SOD128 PP
ADXL345BCCZ,LGA14 3x5 ADXL345
R11K-0603-25PPM,R0603-04
DESD5V0V1BCSP,DIODE0201-03 DiodesInc
R43R-1206,R1206-05
703-1039,LED 7031039
R91K-0603-25PPM,0603-05
C1U-0805-16V-10P-X8R,C0805-1.25
R43K2-0603,R0603-04
LED7707,QFN24-0.5 Z PP
TPD4S012DRY,USON6 1.5xX1x0.55 P0.5 PP
STBB3JR,BGA20 2.5x1.75x0.55 P0.4
NCP1117ST33T3G,SOT-223JEDEC
SGTL5000XNLA3,QFN20- 3x3x0.55 P0.4 PP
XCL220B333FR-G,XCL219 PP
NCP1117ST25,SOT-223JEDEC
NCP1117ST18,SOT-223JEDEC
STPS340U,DO-214AA
MMBZ33VCL,SOT-23JEDEC
SM6T30A,DO-214AA
MCP6401T-H/OTVAO,SOT-23-5 2.9x2.9x1 0P95
0435003.KR,0402-03
BVSS84LT1G,SOT-23JEDEC
DMN65D8LW,SOT-23 SMALL
B72520V140K62,1206-B72520V140K62
MCP2003-E-SN,SOIC8 PP
NCV4269AD150R2G,SOIC8 PP
PCMF3USB3SZ,BGA15 2x1x.5 0P4 WLCSP15
TJA1028T/5V0/10,SO8
R120R-2512-1W,R2512-06
R60R4-1206,1206-05
BZT52H-C43,SOD123
HK100515NJ-T,0402-05
CGA2B3X7R1H473K050BE,0402-05
PMV40UN2,SOT-23JEDEC
MCP6401T-H-OTVAO,SOT-23_5 PP
MCP3201-BI/SN,SO8
DRV8872DDARQ1,SO8
MCP1703T-3302E/CB,SOT-23JEDEC
DRV592VFP,LQFP32-0.80
EFM32G210F128,QFN32 6x6xH 0P65 PP
NTR5198NLT1G,SOT-23JEDEC
AD8628AUJZ,SOT-23_5
LTC2950CTS8-1,SOT-23_8 PP
LM4140ACM-1.0,SO8
MMSD4448,SOD123
IRLML5203,SOT-23JEDEC
MF-MSMF010-2,1812-09
R50R-0402-2P,R0402-03
R1K5-0805-25PPM,R0805-05
R34R8-0805-25PPM,R0805-05
R1k-1206,R1206-05
R4K7-0805-25PPM,R0805-05
TPS51100DGQ,MSOP10
MMSZ5230B,SOD123
LM4040AIM3-2.0,SOT-23JEDEC
PCMF2USB3S,BGA10 1x1x.5 0P4 WLCSP10
ACL410D,PLCC-3335-5x5x0.88
5126864,Unknown
CT100U-B-6V3-20P-1R5,B
PCF8591T/2,SO16 10x10 E2.6 PP
AP1117E18G-13,SOT-223JEDEC
MAX8517EUB+,uMAX10 3x5 P0.5 E1 PP
5050577A,Unknown
TL1963ADCQ,SOT-223-5 PP
5012753S,Unknown
MTRC-2837WB-MLD,MTRC2387 LED3.5x2.8x0.75
MTRC-2837DB-MLD,MTRC2387 LED3.5x2.8x0.75
5110275,QFN48-7x7x0.6 PP
5124510,0402-03 LEMTPP
LFSPXO009618,QZ 7.5x5.2x1.4 4pins PP
EP4CGX150DF31C7N,FBGA896 31x31 P1 E2.25 PP
R1K21-0603-25PPM,R0603-04
R39R-0603-0W25,R0603-04
5046659A,0402-03
5102509,Unknown
5109030,DFN8 PP
NSS60100DMTTBG,SON6 2X2-0.75 PP
LBMF1608T100K,0603-09 PP
3-2176075-9,0201-03
nRF52832-QFAA,QFN48-6X6X0.9
B72500E0170K060,0603-09 PP
BLM31PG121SN1L,1206-11
CY7C65215-32LTXI,QFN32 5x5x.9 0P5
TC1047VNBTR,SOT-23JEDEC
LQP03TN15NJ02D,0201-03
R62R-0201,0201-03
APHB1608LZGKSURKC,IND4-0603L PP
R51R-0603-0W25,R0603-04
MT47H64M16,FBGA84 8x12.5 P0.8 E1.1 P
R150R-1206-0W75,R1206-05
R51R-0201,R0201-02
MBR0530,SOD123
R15R-1210,R1210-06
R1R5-2512,R2512-06
R3R9-1206,R1206-05
T491B106K016AT7280,B
B72500T7050S160,0603-09 PP
STC3117IJ,BGA9-1.5x1.5x.6 0P4 Stm
B72580E0250K062,1812-25
GF1J,DO-214AC
LT3470ETS8,SOT-23_8 PP
SPH0645LM4H-B,SPH 06
BC847BDW,SOT-323_SC-70_6
BQ25601DRTW,WQFN24 4x4x.8 0P5 Ti
FM24CL16B-G,SO8
SN65HVD1050D,SO8
CSTCR4M91G53 CE10,QZ CSTCR SERIES
DSPIC33EP256MU806-I/MR,QFN64 9x9x0.9 P0.5
TPS22860DBV,SOT-23_6
BQ21040DBV,SOT-23_6
IRS44273L,SOT-23_5 PP
CM453232-100KL,1812-32
R10R-0603-10PPM,R0603-04
R10R-1210-0W5,R1210-06
R806K-0402,0402-03
R12K1-0603,R0603-04
ADM7160ACPZN3.3,UDFN6 2X2mm EP0.6 PP
MLZ2012N1R0LT000,0805-11
MAX17220ELT+,UDFN6 2X2mm EP0.6 PP
ADS1292IPBS,TQFP32-0.50
LTC6752ISC6-1,SOT-323_SC-70_6
LQH43CN330K03L,LQH43
MCP1700T-5002E/TT,SOT-23JEDEC
R680R-0402-25PPM,0402-03
CSTCE10M0G52 CR4,QZ CSTCE SERIES
CSTCR4M91G53,QZ CSTCE SERIES
CSTCE10M0G52,QZ CSTCR SERIES
ISL91110II2AZ,BGA25 2.3x2.1 P0.4 E0.55
5069188A,0402-03
CT47U-B-10V-10P-ESR250moh,B
BLM18KG121TN1D,0603-07 PP
KTS1681AEUZ,BGA12 2x1x.6 0P4 WLCSP12
X1G0039510001 SG-210SEH 125 MHZ L,QZ2.5X2 PP
BZX84C10LT1G,SOT-23JEDEC
R8K56-0603-25PPM,0603-03 PP
R220R-0402-25PPM,R0402-03
R24K9-0402,R0402-03
R62R-0603-10PPM,0603-03 PP
R6R2-0603-10PPM,0603-03 PP
MBRS130,SMB PP
PMGD290UCEA,SOT-323_SC-70_6
X1G0039510002 SG-210SEH 100,QZ2.5X2 PP
Q22FA1280022901,QZ 2X1.6 x.5 PP
CYUSB3064-BZXC,BGA121-10x10 P0.8 E1.7mm
153390S,0805-05
TPA3101D2RGZ,VFQFN48 7x7x0.9 P0.5
TPS22961DNY,DFN-8-3X3-0.8
156881S,0805-05
USB5534B-5000JZX,QFN64 9x9x0.9 P0.5
74HCT14PW,TSSOP14-0.65 PP
TPS7A9001DSK,DFN-10 2.5x2.5 AP AUTO
OPA333AIDBV,SOT-23_5
SN74LVC2G06DBV,SOT-23_6
M95640-WMN6,SO8 PP
R4K7-2010-0W75,R2010-06
R6K65-0805-25PPM,0805-05
R806R-0603,0603-05
1N5819HW1,SOD123Flat PP
MCSJK-7E-48.00-10-10-40-B-10,QZ2.5X2 PP
PCBIYS2111ZREV0A2,0402-05
LT5400BIMS8E-5,SO8 SMALL Z PP
LT5400BCMS8E-5,SO8 SMALL Z PP
LT5400BCMS8E-6,SO8 SMALL Z PP
CMPD6001S,SOT-23JEDEC
CN1J4TTD472J,1206-05
CN1J4KTTD103J,1206-05
742C083331JP,1206-16 MECA PP
LM4040D25FTA,SOT-23-E1JEDEC
ECW-U1472JX5,1206-15 PP
LQM2MPN4R7MG0L,0805-09 PP
SP1002-01JTG,SOT-323_SC-70
598-8060-102F,0603-07 PP
ACDBB560-HF,DO-214AA
R28K-0805,R0805-05
2N7002DW,SOT-323_SC-70_6
R866R-0603,0603-05
NFM21PS106B0J3D,0805-05 AUTO
R115K-0603,R0603-04
RR2K-1206,1206-05
BLM18KG601SN1D,0603-07 PP
DLP31SN221ML2L,DLP31SN221ML2L
CN1J4TT104J,1206-05
293D107X9016D2TE3,X TANTAL
CN1J4TTD104J,1206-05
101X14N470MV4T,0603-11 PLATEAU
BLM21PG121SZ1D,0805-09
BLA31BD471SN4D,1206-05
293D107X96R3B2TE3,B
ESD9R3.3ST5G,SOD923 PP
R5K36-0402,0402-03
R845K-0402,0402-03
7427920,0805-14
744232090,WE-CNSW
STPS0530Z,SOD123
R61K9-0805,0805-05
R15K8-0805,R0805-05
R1K82-0402-25PPM,R0402-03
R1K37-0603,R0603-04
R309K-0603,R0603-04
DMMT5401,SOT-26
TLV320AIC3204IRHB,QFN32 5x5x09 0P5 PP
KPT-1608LVSECK-J3-PRV,0603L PP
560BAA100M000ABG,QZ 7x5x1.2 6PINS Si560
570CCC000112DG,QZ 7x5x1.6 8PINS Si570
SN65LVDS105D,SOIC16 D PP
RR22K-1206,1206-05
MAX323IPW,TSSOP28-0.50-BW:5.3
BSDL35CH6327XTSA1,SOT-23_6 SMALL
BSD2L35CH6327XTSA1,SOT-23_6 SMALL
NVMFD587NLT1G,NVMFD587NLT1G
PESD5V0U1BB,SOD523 Z PP
NANOSMDC035F-2,1206-06
530FC156M250DG,QZ 7x5x1.6 6PINS Si530
R71K5-0402,0402-03
KF33BD-TR,SO8
RR330R-1206,1206-05
TPS73601DBV,SOT-23_5 PP
LY M676-Q2T1-26,LG M676
SMBJ30A,SMB PP
R0R006-1206-1W,R1206-05
R0R033-0805,R0805-05
R26K7-0603,R0603-04
MAX3232IPW,TSSOP16-0.65 PP
TLV2462ID,SO8
ESR03EZPJ330,0603-08 LEMT PP
BSD235CH6327XTSA1,SOT-323_SC-70_6
LQH43CN1R0M03L,LQH43
DSPIC33FJ256GP710-I/PT,LQFP100-0.40 PP
RCS-0C,RCS TEST POINT
BLT5BPT680LN1,BLT58
SN74LS07D,SO14
SN74LS06D,SO14
THS4141CD,SO8
OPA698ID,SO8
OPA699ID,SO8
LF411CD,SO8
SMBJ15C,DO-214AC PP
R715R-0603,0603-05
R22R1-0603,R0603-04
R3K32-1210,R1210-06
R357R-0805-25PPM,R0805-05
DS90C032TMX,SO16
LT1677CS8,SO8
TS5A23160DGS,MSOP10
LTC2945HMS,MSOP12 4x5x1.1 P.65 AnDev
CSS2725FTL250,CSS2725 6x6x1 Stackpole
DG611EEY,SO16 PP
BZX384-C12,SOD323F
S1DFL,SOD123
TPS54531DDAR,SOIC8 PP
AM26LS32ACDR,SO16 HYDRA
BZX384-C20,SOD323F
TPL5110,SOT-23_6
STM32F410CBU6,UFQFN48-0.5 PP
SMAJ14CA,DO-214AC
SMBJ14CA,DO-214AC
7W-100.000MBB-T,QZ 7.5x5.2x1.4 4pins PP
74AHCT1G07GW,SOT-323_SC-70_5
NTR5105PT1G,SOT-23JEDEC
BC846BL,SOT-23JEDEC
CSS2725FT3L00,CSS2725 FT3
R365R-0402,R0402-03
R4R02-0603,R0603-04
DMG2305UX,SOT-23JEDEC
LP5907QMFX-3.0Q1,SOT-23_5 PP
TPL5010DDC,SOT-23_6
TPL511,SOT-23_6
565BBA240M474ABG,QZ 7x5x1.2 6PINS Si560
REF3318AIDBZ,SOT-23JEDEC
ACPL-217-500E,SO4-2.6x7x2.1x1P27 PP
MAX40200AUK+,SOT-23_5 PP
CSS2725FTL500,CSS2725 6x6x1 Stackpole
74LVC1G157GW,SOT-23_6 PETIT 1.6-1
XCS6LX16CSG324 ILL,BGA324-15x15x1.1 P0.8
BZX84-C16,SOT-23JEDEC
LM4040CIM3-3.0,SOT-23JEDEC
TJA1100HNZ,HVQFN36 6x6x0.85 P0.5
B540C,SMC PP
SN74AUP1G00DBV,SOT-23_5 PP
R510R-2512-1W,R2512-06
R1K-2512,R2512-06
C4N7-0201-10V-10P-X7R,C0201-03
NX3020NAKW,SOT-323_SC-70 PP OPTIQUE
R26K1-0805-25PPM,R0805-05
R910K-0603,0603-05
36501J33NJTDG,0603-11
DMN62D0UDW,SOT-323_SC-70_6 PP
SN74LVC1G07QDBV,SOT-23_5 PP
SN74LV125APW,HTSSOP14 PP
TJA1021TK/20/C,HVSON8 3x3x0.85 P0.65
PMEG2020AEA,SOD323 SMALL Z PP
CT330U-X-10V-20P-0R025,X TANTAL
TL331QDBVRQ1,SOT-23_5
LMR62421XSD,WSON6 3X3x0.8 P0.85
BSS8402DW,SOT-323_SC-70_6 PP
54870,SOIC8 PP
SN74CB3Q3257RGY,VQFN16 6+2 4x3.5x0.9 P0.5
DP83822IFRHB,QFN32 5x5x0.9 P0.5
TCA6416ARTW,QFN24-0.5 Z PP
SN74LVC1G126DCK,SOT-323_SC-70_5
175617S,Unknown
TMUX1134PW,TSSOP20-0.65 PP
175152S,Unknown
5010709A,Unknown
5008540S,Unknown
C2N7-0402-50V-10P-X7R,0402-05
R43K-0402,R0402-03
TPS62065DSG,SON8 2X2-0.75 PP
IS42S16160J-7BLI,TFBGA54 8x8x1.2 P0.8
5010213S,Unknown
175148A,Unknown
153988S,Unknown
5051228A,Unknown
159127A,Unknown
5047812A,Unknown
5107207,Unknown
5011061A,Unknown
158699S,Unknown
5012648S,Unknown
5010610S,Unknown
135158-,Unknown
150888-,Unknown
135157-,Unknown
5105836,Unknown
5012340S,Unknown
5014357A,Unknown
5015498A,Unknown
5012255S,Unknown
5012336S,Unknown
5101389,Unknown
TAJB476M010TNJ,B PP
156739S,0603-05
5054808A,Unknown
5061402A,Unknown
5065015A,Unknown
5065013A,Unknown
5048018A,Unknown
5010995S,Unknown
140588-,Unknown
5126708,Unknown
5107457,Unknown
5068790A,Unknown
5067530A,Unknown
5065012A,Unknown
5121477,Unknown
5108217,Unknown
5057947A,Unknown
5104614,Unknown
158580A,Unknown
5048024A,Unknown
5105574,Unknown
5015362A,Unknown
5004694S,Unknown
AD8531ARTZ,SOT-23_5 PP
BGT24LTR11N16E6327XTSA1,TSNP-16-9
LSF0108PWR,TSSOP20-0.65 PP
151155S,1206-08 PP
158448S,1206-12 PP
BAT2402LSE6327XTSA1,TSSLP-2-1
ADP5300ACPZ-2,LFCSP10
ADT7483AARQZ,SSOP16 DBQ PP
SHT35-DIS-B,SON8 2.5X2.5-1 PP
MSP430FR2433IRGE,QFN24-0.5 Z PP
MSP430FR5989IRGCRGC,QFN64-0.4 Z PP
LT1801CS8,SOIC8 PP
LL101A-GS18,SOD-80
R470M-0603-5P,R0603-04
R2R1-0603,R0603-04
R1K27-0402,R0402-03
R6K65-0402,0402-03
R680R-0201,0201-05
R3K48-0402,R0402-03
BLM15PX121SN1D,0402-05
R4k42-0402,R0402-03
R1K4-0402,R0402-03
SML-LX0603IW,0603-09 PP
MSP430FR5989IRGC,QFN64-0.4 PP
SML-LX0603GW,0603-09 PP
SN65220DBV,SOT-23_6
AS21P2TLRQ,QFN10-2P+3P 1.8X1.3-0.5PP
BLM18HE102SN1D,0603-09 PP
RB751S40,SOD123 08-16 PP PLATEAU
R698R-0402,0402-03
LXES15AAA1-133,0402-05
LQM32PN1R0MG0L,1210-20 PP
57375,0805-05
R845R-0603,0603-05
TLE4286GHTSA1,PG-SCT-595-5
F971A106KAA,A LENT PP
IPZ40N04S58R4ATMA1,IPZ40
5047884S,0402-05
MMBZ5V6AL,SOT-23JEDEC
R110R-0201,R0201-02
R1K24-0603,R0603-04
R453R-0402,R0402-03
R261R-0402,R0402-03
R28K7-0402,R0402-03
ESD5Z3.3,SOD523 Z PP
PMZ370UNEYL,DFN1006-3
ADV7181DBCPZ,LFCSP-VQ 64 9x9x0.9
PMEG3020CPA,SOT-1061 2X2-0.7 Z PP
QN9080CHNY,QFN48-6X6X0.85
60021,0805-05
CSD16401Q5,CDS1640 6x5x1 P1.27 Ti
EXB2HV330JV,RR EXB2HV330JV
TLE49611MXTSA1,SOT-23JEDEC PP LENT
BSC016N03LS,CDS1640 6x5x1 P1.27 Ti
R332K-0402-25PPM,R0402-03
EM2120L01QI,MODULE EM2130H01QI
GS1662-IBE3,BGA 100 11x11x0.7 AUTO
R649R-0402,0402-05
MT40A1G16HBA-083E,BGA96 13.x7.5x1.1 0P8 KNR
R14K7-0402,R0402-03
TPS62290DRV,SON6 2x2x.75 0P65 PP
R22K6-0603,R0603-04
R26R7-0402,R0402-03
R2K61-0402,R0402-03
R4R7-1210,R1210-06
LQG15HS10NJ02D,0402-05
CR95HF VMD5T,VFQFN32 5x5x0.5 PP
MAX17502FATB+,TDFN10 3x2x0.8-EP0.5 PP
R806R-0402-25PPM,0402-03
M24C02RMC,UDFDFPN-8 2x3x0.53 PP
PCF8575RGER,QFN24 4x4x1 P0.5 PP
PCF8575RGE,QFN24 4x4x1 P0.5 PP
ADG658YCPZ,QFN16 4x4x075 P065 PP
LT61051IDC,DFN-12-3X4-0.75
LT6105IDC,DFN-12-3X4-0.75
R60K4-0402,R0402-03
R27K-0402-25PPM,R0402-03
R274R-0402,R0402-03
R4R7-2512-1W,R2512-06
R232R-0402,R0402-03
R4K02-0603-25PPM,R0603-04
ADG719BRTZ,SOT-26
R0R56-0603,R0603-04
R499R-0402-25PPM,R0402-03
R422R-0402,R0402-03
R232K-0402,R0402-03
R34K8-0402,R0402-03
ESD9101P2T5G,SOD923 PP
ESD7410N2T5G,0402-03
ATMEGA32U4RC-MU,QFN44 7x7x.9 0P5
CRR05-A1,SON6 2X2-0.75 PP
ADG1208YCPZ,QFN16 4x4x075 P065 PP
CAY17-104JALF,1206-05
R909R-0402-25PPM,0402-03
ESD8111PFCT5G,0201-018 PP
CAY16 103J4LF,1206-05
ADG1204YCPZ,QFN12 3x3x1 0P5 PP
MMUN2211,SOT-23 LENT PP
LT6105IDCB,DFN6 2x3x.75 0P5 PP
NFE31PT471F1E9L,NFE31 AUTO
REG113NA-3.3-3K,SOT-23_5 PP
NCP18HX103F03RD,0603-05
DSS16UTR,SOD123W PP
R1K96-0402,R0402-03
R1K21-0402,R0402-03
W3A4YC104KAT2A,1206-09
R316K-0402,R0402-03
C2N7-0603-50V-2P-C0G,0603-05
R1K24-0402,R0402-03
NCP18HX103F03RB,0603-05
PBSS4140DPN,SOT-23_6
UCC2946PW,TSSOP8 PP
TPSB336K010R0250,B
LSM6DSMTR,LGA14-3X2.5-0.85 PP
ADUM1281ARZ,SO8 PP
TPS62110RSA,VQFN16 4x4x1 P0.65 PP
TPSB336K010R0425,B
ABM8-14.7456MHZ-12-D1X,QZ 3.2x2.5x.8 4Pins Ecs
TPS62132RGT,VQFN16 3x3x1 0.5P PP
NCP18XH103F03RB,0603-05
LTM8022IV,LGA50-11.3X9.5-2.8 PP
BSS84AK,SOT-23JEDEC
CRM200,CRM200 al2
DSPIC33EP512MC806-I/PT,TQFP64-0.50 A23 PP
STM811TW16F,SOT-143JEDEC
TMS320C28346ZFET,BGA256-17x17x2.1 P1 PP
R523K-0402,R0402-03
T527I476M010ATE200,A TANTAL
CRM100,CRM100 al2
R528K-0402,R0402-03
TROP HAUT,FREDDY OUI
ACPL-C784-000E,S-SO8 11x6x3 1P27 ACPL
L-BLM18HE102SN1,0603-03 PP
RMMA0204-100K,MELF3514 PP
RMMA0204-47R,MELF3514 PP
MSB30M,MSBL4 6x7x1.4 5P10 Diodes
MX60LF8G18AC-TI,TSOP48-BW:18.4
RMMA0204-10K,MELF3514 PP
USB3300-EZK,QFN32-0.5
RMMA0204-18K,MELF3514 PP
RMMA0204-1K5,MELF3514 PP
RMMA0204-2K2,MELF3514 PP
G6K-2F-Y-5DC,G6K-2F-Y
RMMA0204-2K7,MELF3514 PP
7M-25.000MAAJ,QZ 3.2x2.5x.8 4Pins Ecs
RMMA0204-51R,MELF3514 PP
RMMA0204-750R,MELF3514 PP
RMMA0204-300K,MELF3514 PP
RMMA0204-39K,MELF3514 PP
RMMA0204-5R6,MELF3514 PP
RMMA0204-0R,MELF3514 PP
MCSJK-7U-20.00-12-30-60-B-30,QZ 3.2x2.5x.8 4Pins Ecs
RMMA0204-1K,MELF3514 PP
RMMA0204-33R,MELF3514 PP
744231091,IND 2x1.2x1.2 4Pins Wurth
830058124,QZ 3.2x2.5x.8 4Pins Ecs
831056290,QZ 2.5x2 x1 4Pins
74404024220,IND2 2.5x2x1.2 MAMK2520
RMMA0204-120R,MELF3514 PP
RMMA0204-240R,MELF3514 PP
RMMA0204-3K6,MELF3514 PP
RMMA0204-47K,MELF3514 PP
RMMA0204-5K1,MELF3514 PP
RMMA0204-33K,MELF3514 PP
AS3953A-BDFM,SON10 3X3-0.9 P0.5 PP
STM8L152C8U6,UFQFN48-0.5 PP
STM32F070CBT6,LQFP48-0.50 PP
STM32F722RET6,LQFP64-0.50
AS4C8M32SA-6BIN,VFBGA90-13x8x1 0P8 PP
KPHHS-1005SURCK,0402-05 LENT PP
831026368,QZ 3.2x2.5x.8 4Pins Ecs
PTS645SM43SMTR92LFS,SW4 6x9x4 4P5 PTS645
MLP2016V2R2MT0S1,0806-10 PP
R162K-0402,R0402-03
CT68U-S-6V3-10P-0R9,S TANTAL
74404052015,IND 5x5x2
TPD2E007DCK,SOT-23 SMALL
MX25LM25645G,FBGA24-8x6x1.2 1P PP
RA8D1,BGA225 13x13x1.2 0P8 PP
V8KM60DUHM3,V8KM60DUHM3
SSM2377ACBZ,BGA9 1x1x.6 0P4 WLCSP9
MPZ2012S221AT000,0805-09
RClamp0582B,SC-75-3L SOT-23 1x1x.75
BSS138ST1G,SOT-23JEDEC
TPD2E007DCKS,SOT-323_SC-70
KSZ9897RTCX,TQFP128-0.50
PTS645SL43SMTR92LFS,SW4 6x9x4 4P5 PTS645
RR36R-0804,TC124 2x1x.4 0P5 Yageoal
R9K1-0603,0603-05
BAT54A,SOT-23JEDEC
BLM21PG300SN1D,R0805-05
BSS138LT1G,SOT-23JEDEC
R120K-0805-25PPM,R0805-05
R22K-0603-25PPM,R0603-04
R56R2-0805-25PPM,R0805-05
KSZ9897RTXC,LQFP128-14x14x1.6 0P4 PP
TMS320F28377SZWTS,NFBGA337 16x16x1.4 0P8 PP
TL062CD,SO8 PP
AD620BRZ,SO8 PP
P82B96D,SO8 PP
ADD7714AR-5,SOIC24 15x10x2 1P27 PP
MP34DT05TR,M34DT05TR
PMEG4020ETP,DO-214AA
PIC16F616-H/TS,QFN28-0.65
PIC16F616-H/ST,TSSOP14-0.65 PP
HAL3726DJ-A,SO8 PP
MH2029-601Y,0805-09 LENT
BAS116L,SOT-23JEDEC PP LENT
PTVS18VP1UTP,SOD128 PP
5046665A,0402-05
PMEG4010ETP,SOD128 PP
LP5900SD3.3,WSON6 3X3x0.8 P0.85
R8R25-0603-25PPM,0603-05 PLATEAU
VLMW1301-GS08,0603-06 PP
R8K87-0603,0603-05
MP3306EG,QFN12 2x2x1 0P5 PP
NTR4171P,SOT-23JEDEC
74HCT153D,SO16 PP
LCMXO2-1200HC-4SG32C,QFN32 5x5xH 0P5 PP
AS7262,QFN20 4.5x4.7x2.5 0P65 PP
MP28163GQZ,DFN-10 3x3x0.8 P0.5 PP
PCA9685,QFN28-0.65
AT25SF041-MAHD-T,UDFN8 3x2x055 0P5 PP
MIC2005A-2YM5,SOT-23_5 PP
LSQ 976-NR-1,0603L PP
FDT3612,SOT-223JEDEC
BLM21BD272SN1L,0805-12 PP
74LVC1G08GV,SOT-753 - NEXPERIA SC-74A
AD5686BCPZ,QFN16 3x3x075 0P5 PP
ADP1740ACPZ-1.8,QFN16 4x4x075 P065 PP
LT3065EDD,DFN-10 3x3x0.7 P0.5 PP
R0R4-1206,R1206-05
LP5900SD-3.3,WSON6 2.5x2.2x.8 0P65 PP
PIC18F67K40,QFN64 9x9x0.9 P0.5
ISL88002IH29Z,SOT-23JEDEC
R2R37-0402,R0402-03
LS Q976-NR-1,0603L PP
R47R-0201,R0201-02
R100K-0603,R0603-04
UCC27517ADBV,SOT-23_5 PP
SN74AVC4T245PW,TSSOP16-0.65 PP
BLM18DD102SN1D,0603-09 PP
LBR2012T100K,0805-11
TAJA106M006RNJ,A LENT PP
DS90LV804TSQ,WQFN32 5x5x08 0P5 PP
6EDL04I06NT,SO28
0885005.DR,FUSE-0885 10x4x4 LittleF
LC4064V-75TN48C,TQFP48-0.50
HIH-4030-001,HIH-4030 4x8x3 2P54
ITS4141N,SOT-223JEDEC
R953R-0201,0201-03 PP
LM337BD2,D2PAK
LR12K4-G,TO-252_DPAK PP OPTIQUE
R8R2-0603,0603-05
R0R47-0402-5P,R0402-03
TL7705AID,SO8 PP
LSQ976-NR-1,LED-0603 1.6x0.8x0.4 Wurt
AT45DB021E-SHN,SOIC8 8X5
CT10U-A-10V-10P-1R8,A TANTAL
R374R-0603,R0603-04
TUSB320IRWB,XQFN12 1.6x1.6x0.4 P0.4
USBLC6-2P6,SOT-666 PP
PBSS4160DPN,SOT-23_6
MCP6001T-I/OT,SOT-23_5
LM43603PWP,HTSSOP16 PWP PP
TAJB476M010RNJ,B
MC79M15CDT,DPAK
PMEG10020EL,SOD123W PP
ATSAMV71Q21B-CB,LFBGA144 10x10x1 P0.8
PESD1CAN-U,SOT-323_SC-70
RS1G,DO-214AC PP
EEEFC1H2R2R,ALUB PP
MAX1818EUT25#G16,SOT-23_6
CC10U-D5X5.4-35V-20P,ALUC PP
CC2U2-D4X5.4-50V,ALUB PP
EEEFC1V100R,ALUC PP
PDTD123ET,SOT-23 LARGE
LM7321MA,SO8
BLM15PD100SN1D,0402-05
PCA82C251T/YM,SO8 PP HYDRA
T491B106K016AT,B PP
R261R-0805,R0805-05
T491B476K010AT,B PP
BAV19W,SOD123
BLM15PD300SN1D,0402-05
TLJA476M010R0600,A
TLJA476M01QR0600,A
AD8002ARZ,SO8
BGX50AE6327HTSA127XTSA1,SOT-143JEDEC
2N7002F,SOT-23JEDEC
FDMA530PZ,VDFN6 2x2x0.75 0P75 PP
MMC3630KJ,BGA9 1.2x1.2x0.7 0P4 PP
ESD9B3.3ST5G,SOD923 PP
MSM200FIA,QZ 5X12X4 2Pins MSMSérie
FCSL110R010FER,FCSL110 11x5x.5 Ohmite
IRF7855PBF,SO8 PP
LT6555IUF,VQFN24 4x4x.75 0P5 PP
R1K65-0805,R0805-05
R5R1-0805,0805-05
R130K-0805,R0805-05
R274K-0805,R0805-05
R4K3-0603-5P,R0603-04
R130K-1206,R1206-05
TPS79933DDCT,SOT-23_5
BGX50AE6327HTSA1,SOT-143JEDEC
T520D107M010ATE018,D PP
TCJB106M016R0200,B
OPA547FKTWT,D7PAK
SSL7500000F20FAFZ800,QZ 5X12X4 2Pins MSMSérie
TPSB106K020R1000,B PP
TPS79918DDCT,SOT-23_5
TPS610981,WSON6 1.5x1.5x.75 0P5 PP
TXB0104RUTR,UQFN12 2x1.7x.5 0P4 PP
ADG854BCPZ,QFN 6+4 1.3x1.6x.55 0P4 P
C10N-0402-25V-5P-C0G,0402-05
SL3S4011FHK,QFN 2+6 1.6x1.6x.5 0P5 PP
R43K-1206,R1206-05
6TPC47MB,B TANTAL
R470R-0603-5P,R0603-04
XC6SLX150T-3CSG484C,BGA484-19x19x17 0P8 PP
MMU01020Z0000ZB300,MELF MMU 0102 PP
10M02SCM153I7G,BGA153 8x8x.9 0P5 PP
C22U-0805-16V-10P-X5R,0805-09 PP
DF2398F20WV,TFP128-22x16x3 0P5 PP
SPH0641LM4H1,SPH0641LM4H1
SPH0641LM4H-1,SPH0641LM4H1
ISL91110IINZ,BGA25 2.3x2.1x.54 0P4 PP
SSM2518CPZ,QFN20-0.5
TSB712AIYST,MSOP8 PP
BYG22D-E3,SMA PP
ADADN8080,01005-012
PCAL6408APWJ,TSSOP16-0.65 PP
EEEFK1H470P,ALUE PP
NCP18XH103F0SRB,0603-03 PP
FPF2700MPXCT,HVSON10 3x3x.85 0P5 PP
C68N-1206-200V-5P-X7R,1206-14
M24C04-RMC6TG,UDFN8 3x2x055 0P5 PP
LT3502IDC,DFN8 2x2x.75 0P45 PP
MM3Z3V3ST1G,SOD323 SMALL Z PP
R470K-0805-50PPM,R0805-05
R6K19-0603-25PPM,R0603-04
AM-24.000MAGE,QZ3.2X2.5 0.7 standard PP
R2K-1210-0W5,R1210-06
C100P-0603-50V-10P-X7R,C0603-08
USB2514B-AEZC,QFN36 6x6x1 0P5 IM2 MICRO
R3K24-0402,R0402-03
R3R3-0603,R0603-04
LP2985A-33DBV,SOT-23_5
LT1761ES5-SD,SOT-23_5
TCA9517DGKR,SO8 SMALL Z PP
7M-12.000AAJ-T,QZ 3.2x2.5x0.7 PP
7M-12.000MAAJ-T,QZ 3.2x2.5x0.7 PP
74AHC1GU08GW,SOT-23_5
LO R976,0805-14
LG R971,0805-14 PP
STM32F407CGT6,LQFP100-0.50
SI2319CDS-T1-GE3,SOT-23JEDEC
BLM21PG121SN1D,0805-09
74AHC1G32GW,TSSOP5 PP
FPF2700MPX,HVSON10 3x3x.85 0P5 PP
5126130,DFN6 2.7x2.7x1.1 0P8 PP
101X15W103MV4E,0805-09
DMP1045U,SOT-23JEDEC
742792642,0603-08
5126038,Unknown
FG6943010R,SOT-666 PP
74AHC1G08GW,SOT-323_SC-70_5
XC2C64A-7QFG48C,QFN48-0.5 PP
R1M87-0402,R0402-03
5126241,0402-05
5126064,Unknown
5123972,Unknown
5126362,Unknown
5122053,Unknown
5108933,Unknown
5124752,Unknown
5062884A,Unknown
5048140A,Unknown
CW100505-R10J,0402-05
NFA21SL207X1A45L,0805-05 LENT PP
MBRM140T1G,DO-216AA PPJ
SI2336DS-T1-GE3,SOT-23JEDEC
5063770A,0402-05
FPF2701MPX,DFN8 3x3x.8 0P65 PP
5126009,0402-05
TLMS1000-GS08,0603-11
SZNUP2125WTT,SOT-323_SC-70
MMU01020C2200FB000,0805-14 PP
NSV1C200LT,SOT-23JEDEC
MMU01020C1202,0603-11
BC846W,SOT-323_SC-70
MM9Z1I638BM2EP,VFQFN48 7x7x0.9 P0.5
MMU01020C2201FB000,MELF2012 PP
MMU01020C1202FB000,MELF2012 PP
2N7002W,SOT-323_SC-70
R5R36-0805,0805-05
STLD41PUR,DFN8 3x3x.8 0P65 PP
ESD9B5.0S,SOD923 PP
TPS63700DRC,SON10 3X3-0.75 PP
STM32F303VT6,LQFP64-0.50
NCP512SQ33,SOT-353-1 PP
STM32F303VCT6,LQFP100-0.50 PP
LCXO2256ZE2SG32C,QFN32 5x5x09 0P5 PP
LCXO2-256ZE-2SG32C,QFN32 5x5x09 0P5 PP
LCMXO2-256ZE-2SG32C,QFN32 5x5x09 0P5 PP
LM3671TL-2.8,BGA5 1.4x1x.6 0P43/5 PP
LQW15AN9N1J00D,0402-03
TPS62122DRVT,SON6 2X2-0.75 PP
BAS21S,SOT-23JEDEC
R39R-0402,R0402-03
R1R3-0805,R0805-05
STM32F429VGT6,LQFP100-0.50 PP
R11K5-0402,R0402-03
R24K-0402-50PPM,R0402-03
PRTR5V0U2F,DFN6 1x1.5x.5 0P5 PP
LQW15AN40NJ00D,0402-03
LQW15AN9N5J00D,0402-03
FPF1204UCX,BGA4-.76x.76x.5 0P4 PP
STM32L486JGY6TR,BGA72 4.4x3.8x.55 0P4 PP
5059917A,Unknown
5114737,Unknown
5071933A,Unknown
5068792A,Unknown
151084S,SOT-23JEDEC
5071936A,Unknown
5015082A,Unknown
5123937,Unknown
5126144,Unknown
5126155,Unknown
5111856,Unknown
5015086A,Unknown
00543A,Unknown
5104617,Unknown
157402A,Unknown
5123076,Unknown
5052503A,Unknown
5053953A,Unknown
157425A,Unknown
152686A,Unknown
5124987,Unknown
5046662A,Unknown
5126582,Unknown
00449S,Unknown
153263A,Unknown
155178S,SOT-23JEDEC
5005258A,Unknown
STM32L486JGY6,BGA72 4.4x3.8x.55 0P4 PP
5114714,Unknown
5104361,Unknown
158967A,Unknown
5051703A,Unknown
5054161A,0805-09
5050878A,0805-12 PP
153841S,0805-12 PP
5054814A,SOT-23JEDEC PP LENT
157623S,0603-08
158302S,0603-05
158943S,0603-05
5123718,0603-05
5047384A,0603-05
5047384S,0603-05
5118723,DO-214AA
5106398,2512-06
5113068,SOT-323-6 = SMALL SOT23-6
5050652A,1206-12 PP
157776S,0603-05
LQW18ANR10J00D,0603-08
RCLAMP2504P,DFN6 1.6x1.6x.6 0P5 PP
ESD8472MUT,0201-03 PP PLATEAU
ADP322ACPZ-325,MSOP8
ADP322ACPZ-165 CLIENT,QFN16-0.5
AD8610ARZ,SOIC8 PP
SN74AVC2T244DQMR,SON8 2X2-0.75 PP
R6K49-0805,0805-05
AD8671ARZ,SOIC8 PP
R160R-0603,R0603-04
OPA1641AID,SO8
R30K-0603,R0603-04
R2K05-0805,R0805-05
R430K-0603,R0603-04
R1K2-0603-25PPM,R0603-04
FT245BL/TR,LQFP32-0.80 PP
AD8671ARTZ,SO8 PP HYDRA
LQW18AN15NJ00D,0603-08
AD5543BRZ,SOIC8 PP
AD8021ARZ,SOIC8 PP
ESDA6V1LY,SOT-23JEDEC PP LENT
TPS3809,SOT-23 BIG PP
SDM03MT40-7-F,SOT-23_6
MMBD7000,SOT-23JEDEC
AD8110ASTZ,LQFP80-0.50 PP
AD7674ASTZ,LQFP48-0.50 PP
AD817ARZ,SOIC8 PP
R0R02-0603,R0603-04
R348R-0603,R0603-04
R4R7-0603,R0603-04
BC857B,SOT-23JEDEC
R33R-0603-50PPM,R0603-04
EP1C6Q240C6N,FQFP240-0.50
R51K1-0805,R0805-05
R45R3-0805,R0805-05
F951E106KBAAQ2,1410 PP AUTO
R42R2-0805,R0805-05
SN74LVC2G17DBVT,SOT-23_6
TPS3897ADRYR,USON6 1.5x1x0.4 0P5 PP
IRLML2402TRPBF,SOT-23JEDEC
534-5015,POINT TEST
PMEG2020EH,SOD123 SMALL Z PP
150060BS75000,0603L PP
ADP3334ARZ,SO8 PP
0603CS-4N7XGLU,0603-05
150060GS75000,0603L PP
CDSOD323-T15C,SOD323 PP DIODE
DS1721S+,SO8 PP HYDRA
GP2S+,QFN12 3x3x1 0P5 PP
MMA02040C1004FB000,MELF3514 PP
AT24C512C-SHD,SO8 PP HYDRA
R100K-1206-50PPM,R1206-05
R348K-0603,R0603-04
R4K99-0603,R0603-04
NTR1P02,SOT-23JEDEC
BZX84C3V3LT1G,SOT-23 3x2.5x1 1P9 DBZ Ti
R1K02-0805-25PPM,R0805-05
R30K-1206,R1206-05
HMC1118LP3DE,QFN16 3x3x.7 0P5 PP
MCP2122T-E/SN,SO8 PP HYDRA
MC74HC595AD,TSSOP16-0.65 PP
MAX1246BEEE+,TSSOP16-0.65 PP
MAX4634EUB+,MSOP10
MMA02040C2204FB300,MELF3514 PP
MMA02040C1003FB300,MELF3514 PP
MMA02040C3304FB300,MELF3514 PP
MMA02040C1005FB300,MELF3514 PP
MMA02040C5623FB300,MELF3514 PP
RT1206FRE0782K5L,MELF3514 PP
AT24C1024BWSH25B,SO8 PP HYDRA
RT1206FRE07330KL,MELF3514 PP
MAX4256ESA+,SO8 PP HYDRA
MAX485CSA+,SO8 PP
AT25640AN,SO8 PP
B824249C3101J,0805-09
EP5357HUI,uQFN16-2.3X2.5-1.15 PP
R22R1-1206,R1206-05
R200K-1206,R1206-05
R301K-1206-50PPM,R1206-05
BD3150L50100AHF,BALUN
EP5357LUI,uQFN16-2.3X2.5-1.15 PP
744232102,WE-CNSW
RR470R-1206,1206-05 PP RR
R68K1-0603,0603-05
FMMTA42,SOT-23JEDEC
LM50CIM3,SOT-23JEDEC
ESD5Z7.0,SOD523 PP
BAS321,SOD323 PP DIODE
NFM21CC223R1H3,0805-05
B82496C3101J,0603-05
R715R-0805,R0805-05
R4K75-0805,R0805-05
ZXCT1009F,SOT-23JEDEC
R4K75-1206,R1206-05
R332K-1206,R1206-05
R16R-0603,R0603-04
R3M3-0603,R0603-04
R383K-1206,R1206-05
R422K-0603,R0603-04
XC2VP4-6FFG672C,BGA672-26x26-1.0 PP
GCJ188R72A104KA01D,0603-08
GCJ188R72A472KA01J,0603-08
PTVS12VS1U,SOD123
FDN358P,SOT-23JEDEC
MF-FSMF010X-2,0603-05
MAX6002EUR,SOT-23JEDEC
ADCMP371AKSZ,SOT-353-1 PP
LMT89DCK,SOT-353-1 PP
AD4PS-1,AD4PS-1 PP
744761130A,0603-05
744761115A,0603-05 PLATEAU
ONET4201PARGT,QFN16 3x3x.9 0P5 PP
ADL5391ACPZ,QFN16 3x3x.9 0P5 PP
AD9705BCPZ,QFN32 5x5x08 0P5 PP
AD9288BSTZ,LQFP48-0.50 PP
STM32F746ZGT6,LQFP144-0.50 LENT PP
EP4CE6E22C8N,TQFP144-0.50
SRP5030T-5R6M,SRP5030
LYM676-Q2T1-26,0805-LED
R453R-0402-25PPM,R0402-03
R4K53-0603,R0603-04
R4K32-0402,R0402-03
MAX3967AETG,QFN24-0.5 Z LENT PP
EPM2210F256C5N,BGA256-16x16-1.0
12065C475K4Z2A,1206-09 PP
CY7C9689A-AXC,TQFP100-0.50 PP
TPS70933DRV,WSON6 2x2x.75 0P65 PP
UCC5350M,SO8 PP
CRCW060311K5FKEA,0603-05
CRCW060310K0FKEA,0603-05
CRCW06030000Z0EA,0603-05
CRCW0603100KFKEA,0603-05
HSMN-C150,1206-08 PP
744761068A,0603-05
MRA4003T3G,SMA PP
BLM31KN121BH1L,1206-06
BC846A,SOT-23JEDEC
BZX84C3V9,SOT-23JEDEC
EEHZA1V470P,ALUC PP
IRFR024N,TO-252_DPAK
R1K33-0603,R0603-04
LBM673-M1N2-35,LG M676
PESD1CAN,SOT-23JEDEC
R11K5-0603,R0603-04
SN65HVD230D,SO8
AT24C16D-SSHM,SO8 PP
5988010107F,0603-07 PP
EFM32GG380F1024,LQFP100-0.50
SN74LVC2G34DCK,SOT-323_SC-70_6 PP
USB2512B-AEZG,QFN36 6x6x1 0P5 PP
MMBT2222ALT1G,SOT-23JEDEC
R5K62-0805,0805-07 PP
R17K8-1206,R1206-05
R560R-2512,R2512-06
R560K-0805,R0805-05
R422R-1206,R1206-05
R1K69-1206,R1206-05
R261K-0805,R0805-05
R2K74-1206,R1206-05
R2R7-2512,R2512-06
R332R-0805,R0805-05
R464R-0805,R0805-05
R49R9-1210,R1210-06
R511R-1206,R1206-05
R13K7-0603,R0603-04
DMN2004DWK,SOT-323_SC-70_6
TL16C550DRHB,VQFN32 5.2x5.2x095 0P5 PP
PIC18F67K22-IPT,TQFP64-0.50
5CGTFD9E5F35C7N,BGA1152-34x34xX 1P PP
T491C226K025AT,C
74LVCH322245AEC,LFBGA96 13x5.5x1 0P8 PP
BC857C,SOT-23JEDEC
BLM15HG601SN1D,0402-05
DB2430700L,SOD123_SC-110A
NC7SZ57P6X,SOT-323_SC-70_6 PP
SN74AHC1G08DBV,SOT-23_5 PP
HMC830LP6GE,QFN40-0.5
SN74LV123APW,TSSOP16-0.65 PP
R28K-0603,R0603-04
LC4032V-75TN48C,TQFP48-0.50
W5300,LQFP100-0.51 PP
R4K42-0805-25PPM,R0805-05
R57K6-0603,R0603-04
R4K99-0805-25PPM,R0805-05
R2K49-0805,R0805-05
TC1047AVNB,SOT-23JEDEC
NFM18PC104R1C3,0603-08
ADM3066EBRMZ,MSOP10
B82498F3330J000,0805-14 PP
0603CS--R22XGLU,0603-09 PP
R5K76-0603,0603-05
0603CS--R27XGLU,0603-09 PP
TPS7A3301RGW,QFN20-5x5x.9 0P65 PP
TPS54620RGY,QFN14- 3.5X3.5 PP 4+10PIN
ADA4937-1YCPZ-R7,QFN16 3x3x075 0P5 PP
ADA4302-4ACPZ,QFN20 4x4x.9 0P5 PP
SN74LV1T126DCK,SOT-323_SC-70_5
SN74LVC8T245PWG4,MO-153 JEDEC PP AUTO
NC7SZ58P6X,SOT-323_SC-70_6 PP
SN74LVC8T245DBQ,SSOP24 DBQ PP AUTO
TPS7A4700RGW,QFN20-5X5-0.9 PP
EEEHC1V221P,ALUG PP
HFCN-880D,1206-11
GALI-4F,SOT-89JEDEC_SC-62
GALI-21,SOT-89JEDEC_SC-62
ADF4002BRUZ,TSSOP16-0.65 PP
ADP-2-1W,ADP-2-1W PP
LQP15MN8N2B02D,0402-05 LENT PP PLATEAU
ADTT1-1,ADTT1-1 PP
BD2040J50100A00,DFN6 2x1.25x.7 0P65 PP
BZG05C3V9,DO-214AC
74477010,IND 12x12x8 PP
7443330470,IND 11x10x9 PP
HMC349AMS8G,MSOP8 PP
53261-0871,53261-0871
ABLJO-V-100.000MHz,ABLJO-V-100
SDR0302-3R3ML,SDR0302
TC4W53FUTE12LFCT-ND,SSOP8-P-0.65 PP
SMCJ170CA,DO-214AB
SN74LVC2T45DCTT,SM8 PP
DLW21SN371SQ2L,DLW21S
B82422A1103K100,1210-20 DIODE PP
LTST-C155GEKT,LTST
BC847BPN-115,SOT-323-6 = SMALL SOT23-6
SMBJ5.0CA,DO-214AC
TPS54218RTE,QFN16-0.5
BLM21AG121SN1D,0805-09
R0R-2512,R2512-06
R270K-1206,R1206-05
R510R-0805-25PPM,R0805-05
AT24C64D-MAHM-T,UDFN8 3x2x055 0P5 PP
MBRS340T3G,DO-214AB
IRF740SPBF,TO-263
ADS1148IRHBR,VQFN32 5.2x5.2x095 0P5 PP
AD8226ARMZ,MSOP8 PP
UCC27524DR,SOIC8 PP
TMS320F28377DPTPT,HLQFP176-26x26x1.6 0P5 PP
OPA376AIDCKR,SOT-323_SC-70_5
TPS54240DRC,SON10 3X3-0.9 P0.5 PP
XCS6LX16CSG225,BGA225 13x13x1.2 0P8 PP
ADCLK907BCPZ,QFN16 3x3x.7 0P5 PP
AD9914BCPZ,LFCSP88 12x12x.85 0P5 PP
XC6SLX45T3FGG484C,LBGA484 23x23x1.7 1P0 PP
MMBTA42,SOT-23JEDEC
GJM1555C1H1R0WB01D,0402-05
MC9S08DZ60ACLH,LQFP64-0.50
R9K31-0402,0402-05
R332K-0603,R0603-04
R14K7-0603-25PPM,R0603-04
R2K15-0603-25PPM,R0603-04
BC856B,SOT-23JEDEC
RGF1G,DO-214BA
KP-2012LCGCK,0805-11
A1101ELHLT-T,SOT-23-W PP
BAS70-00-E3-08,SOT-23JEDEC
12062C104KAT2A,1206-09 PP
06035A101JAT2A,0603-09 PP
C0603C103K5RACTU,0603-09 PP
C0603C104K5RACTU,0603-09 PP
CRCW060339K0FKEA-IMP,0603-05
CRCW12061K40FKEA,1206-05
CRCW1206820RFKEA,1206-05
ERJ-3EKF1001V,0603-05
ERJ-3EKF1002V,0603-05
ERJ-3EKF1003V,0603-05
ERJ-3EKF2001V,0603-05
ERJ-3GEY0R00V,0603-05
SN74LVC1G17DCK,SOT-323_SC-70_5
R0R15-1206-0W25,R1206-05
R62R-1206,1206-05
LQP15MN1N2W02D,0402-05
SN65LVDS100DGK,VSSOP8
GRM188C71C475KE21D,0603-09 PP
LQW15AN3N9B00D,0402-05
XC6SLX25-2FTG256C,BGA256-17x17x2.1 P1 PP
24LC128-I/SN,SO8
74456168,IND 12x10x5
TL331,SOT-23_5 PP
GCJ188R71H224KA01J,0603-08
ERJ-8ENF1000V,1206-05
TPS62162DSGR,WSON8 2x2x.8 0P5 PP
TLE4286G,SCT-595-5 PP
MCP6441T-EOT,SOT-23_5 PP
CY7C53150-20AXI,TQFP64 14x14x1.4 0P8 PP
SMBJ60A,DO-214AA
TLE4961,SOT-23JEDEC
XC9536XL-7VQ64 PFEIFFER,VQFP64 12x12x1.2 0P5 PP
SM4002PL-TP,SOD123 Z
7130LA25PFGI,TQFP64-0.80
M306NKFHGP#U3,LQFP100-0.50 PP
BLM15HD182SN1D,0402-05
CDSOT236-0504LC,SOT-26
KSZ8873MLLI,LQFP64-0.50
TCA9534PW,TSSOP16-0.65 PP
R6k19-0805-25PPM,0805-05
INA128U,SOIC8 PP
AD7980ARMZ,MSOP10
LTC2642CDD-16,DFN-10 3x3x0.7 P0.5 PP
MP28163GQP,DFN-10 3x3x0.8 P0.5 PP
AD8231ACPZ,QFN16 4x4x075 P065 PP
PCA9685BS,HVQFN28 6x6x1 0P65 PP
AS7262-BLGT,LGA20-4.7x4.5x2.5 0P65 PP
KPTB-1612SURKCGKC,LED KPTB-1612 PP
PDTD113ZT,SOT-23JEDEC
FDV301N,SOT-23 LENT PP
GTL2010BS,HVQFN24 4x4x1 AUTO
LTM8032EV,LGA71-15x9x3.4 1P27 PP
LTM8048IY,BGA45 11x9x5 1P3 PP AUTO
R21K-0402,R0402-03
R0R22-0805,R0805-05
R4M-2010-0W5,R2010-06
74279266,0603-05
R100K-2010-0W5,R2010-06
R162K-0805-25PPM,R0805-05
R1R-0805-25PPM,R0805-05
ADT7420UCPZ,QFN16-0.65 PP
18F67K40,QFN64 9x9x0.9 P0.5
BSZ067N06LS3GATMA1,TSDSON8 FORME AUTO
STM32F405ZGT6,LQFP144-0.50
MCP2200,QFN20-5x5x.9 0P65 PP
MM9Z1J638BM2EP,QFN48-0.5
KA-2810ASURSK,KA-2810ASURSK
TSX339IQ4,QFN16 3x3x.9 0P5 PP
KPHBM-2012SURKCGKC,LED KPHBM-0805 PP
TMUX136RSE,UQFN10 2x1.5x.6 0P5 PPLAT
LM5166YDRC,VSON10 3x3x1 0P5 PP
HIP2103FRTAAZ,DFN8 3x3x.8 0P65 PP
R5F5631PDDFM,LQFP64-0.50
TPS60151DRV,WSON6 2X2x0.8 P0.85
STM32F446RCT6,LQFP64-0.50 LENT PP
2N7002PS,SOT-363 PP
Si7006-A20-IM1,DFN6 3x3x1.21 1P0 PP
CRCW06034K87FKEA,0603-05
STPS1L40ZFY,SOD123Flat PP
R440R-0402,R0402-03
R11K-0805,R0805-05
PDZVTR20A,SOD128 PP
GCM188R71H104KA57D,0603-09 LENT PP
C0603C472K5RAC,0603-05 SMALL PP
GCM188R71H103KA37D,0603-09 PP
CRG0603F27K,0603-05
CRG0603F22R,0603-05
CRG0603F2K2,0603-05
CRG0603F3K9,0603-05
CRG0603F10K,0603-05
C0603C470J5GACTU,0603-05
CRG0603F470R,0603-05
CRG0603F5K6,0603-05
CRCW060310R0FKEA,0603-05
ERJP03F2002V,0603-05
CRG0603F4K7,0603-05
GCM1885C1H101JA16D,0603-09 PP
C0603C106M9PAC7867,0603-09 PP
CRCW060347K0FKEA,0603-05
CRCW060324K9FKEA,0603-05
R2K74-0402,R0402-03
R4R7-1206,R1206-05
R1K65-0402,R0402-03
CRCW06030000Z0EB,0603-05
C0805C680J5GACTU,0805-11
CPF0603B121RE1,0603-05
CRCW06032K00FKEA,0603-05
GRM1885C1H220FA01D,0603-09 PP
CRCW06034K99FKEA,0603-05
CRCW06034R70FKEA,0603-05
CRCW0603499KFKEA,0603-05
CRCW06035K10FKEA,0603-05
CL21B475KOFNNNE,0805-09
CGA5L1X7R1V106K160AC,1206-15 PP
GRM188R71E474KA12D,0603-09 PP
12063C106KAT2A,1206-15 PP
ERJ3EKF1911V,0603-05
ERJP03F4992V,0603-05
CRCW08051K00FKEA,0805-05
CRCW080568K0FKEA,0805-05
CRCW120660R4FKEA,1206-05
CRCW080510K0FKEA,0805-05
C0603C390J5GACTU,0603-09 PP
CRG0603F1K5,0603-05
CRG0603F220K,0603-05
ERJ-6ENF10R0V,0805-05
GCM188R71H223KA37D,0603-09 PP
C1206C105K5RACTU,1206-12 PP
08053C105KAT2A,0805-12 PP
C1206C106K4RACTU,1206-15 PP
CRCW0603120KFKEA,0603-05
GRM1885C1H330FA01D,0603-09 PP
CRCW06032K49FKEA,0603-05
GRM2195C1H103JA01D,0805-12 PP
BAS21 NXP,SOT-23JEDEC
CRCW060349R9FKEA,0603-05
PGA411QPAPRQ1,TQFP64-0.50 A24 PP
DP83848QSQ/NOPB,QFN40-0.5
LM26420Q1XSQ/NOPB,QFN16-0.65 PP
TMS5701227CZWTQQ1,NFBGA337 16x16x1.4 0P8 PP
DSC1001BL5-050.0000,CDFN4 7x5x.85 PP
CRCW080551K1FKEA,0805-05
C3216X5R0J226M085AC,1206-15 PP
CRCW06031K00FKEA,0603-05
CRCW06038K45FKEA,0603-05
CRG0603F100K,0603-05
CRG0603F100R,0603-05
CRG0603F12K,0603-05
CRG0603F15K,0603-05
CRG0603F1M0,0603-05
CRG0603F33R,0603-05
GCM188R71H102KA37D,0603-09 PP
CRG0603F2K7,0603-05
CRG0603F390R,0603-05
ERJ-6ENF2002V,0805-05
STBB1-APUR,DFN-10 3x3x0.8 P0.5 PP
NCV1117STAT,SOT-223JEDEC
STM32F401RBT6,LQFP64-0.50
SN74AVC4T774RSVR,QFN16-2.6x1.8x.8 0P4 PP
SN74AVC2T245RSWR,QFN10-2P+3P 1.3X1.8-0.5PP
DRV8837CDSG,WSON8 2x2x.8 0P5 PP
AP3015AKTR-G1,SOT-23_5 PP
STLQ015M33R,SOT-23_5 PP
TSM2306CX,SOT-23JEDEC
TCJB476M010R0070,B TANTAL
R3K57-0402,R0402-03
R24K-0603-25PPM,R0603-04
GCM188R71E105KA64D,C0603-08
TPSB226K020R0400,B PP
5019,POINT TEST 5019
R7FS128783A01CFM,LQFP64-0.50
AD8672ARZ,SOIC8 PP
ESD122DMXR,X2SON2-0.6x1
LP2951CSD,WSON8 4x4x.8 0P8 PP
BAT54XV2,SOD523 PP
R8K06-0603,0603-05
ESD5Z12,SOD523 PP
MMBD914,SOT-23JEDEC
BZX84C15LT3G,SOT-23JEDEC
BC848BW,SOT-323_SC-70
R82K-1206,1206-05
BLM41PG181SN1L,1806-09 PP
MMB02070C3903FB200,MELF MMB0207 PP
R1K91-0603-25PPM,R0603-04
BZX84-C15,SOT-23JEDEC
LTST-C170KRKT,LTST
R3K09-0603,R0603-04
R39K2-0603-25PPM,R0603-04
R475R-0805,R0805-05
SMAJ170CA,DO-214AC PP
BZV55-C8V2,SOD-80
BZV55C5V1,SOD-80
NTR5198NL,SOT-23JEDEC
SN74LVC2G07DCK,SOT-323_SC-70_6 PP
XMC4500F144K1024ACXQMA1,LQFP144-0.50
DP83822HRHB,VQFN32 5.2x5.2x095 0P5 PP
ADUCM360BCPZ128,QFN48-0.5
MMU0102WZ0000ZB300,MELF MMU 0102 PP
R86K6-0805,0805-05
R5K49-0603,0603-05
UC2843D8,SO8 PP
SMAJ15CA,DO-214AC PP
BZV55-C5V1,SOD 80 PP
R0R51-0603,R0603-04
MMU01020C1200FB300,MELF MMU 0102 PP
TMS320LF2407APGEA,LQFP144-0.50
XC95144XL-7TQG100I,TQFP100-0.50 PP
BAT760,SOD323F
EFM32GG380F1024-QFP100,LQFP100-0.50 PP
7130LA25PFG,TQFP64-0.80
MURS320,DO-214AB PP
STM32F103CBT6,LQFP48-0.50 PP
ST95HF-VMD5,QFN32 5x5x09 0P5 PP
SN74LS123N,SO16 HYDRA
54932,SOIC8 PP
54492,TSSOP24 PW PP
54768,SOIC8 PP
54376,TSSOP16-0.65 PP
54859,TSSOP20-0.65 PP
54042,MicroSOP8 PP
MAX6070AAUT30-T,SOT-23_6
XQAGRN-02-0000-000000Z01,XQAGRN
MIC803-44D2VC3-TR,SOT-323_SC-70
LF353MX,SOIC8 PP
LM5019SD,WSON8 4x4x.8 0P8 PP
NX3215SA-32.768K-STD-MUS-2,NX3215SA
MCP1501T-30E-CHY,SOT-26(5)
MPZ1608S601A,0603-05
R16K9-0402,R0402-03
SN74ALVC164245DGG,TSSOP48-0.50-BW:6.1
LTST-C150GKT,1206L 1.1 PP
ADV7513BSWZ,LQFP64-0.50 LENT PP
CRM100 CLIENT,CRM100 AUTO
TPS62133RGT,VQFN16 3x3x1 0.5P PP
GMF05C-HSF-GS08,DFN6 1.6x1.6x.6 0P5 PP
KPBA-3010ESGC,KPBA-3010ESGC PP
RR2K2-0804,0805-05 LENT PP
XC6SLX16-2CSG324I,BGA324-15x15x1.1 P0.8
PCMF2DFN1XL,X9SON 2.5x2x.5 PP
NFL18ST506H1A3D,0603-06 PP
R75K-1210-0W5,1210-07 PP
RR47K-1206,RR1206-3X1.6
PIC32MZ2048EFH144-I/PH,TQFP144-16x16x1 0P4 PP
RR4K7-0804,0805-05 LENT PP
R10K-2512-1W,R2512-06
LTC1563-2IGN,SSOP B16 PP
LTM8063EY,BGA28-6.25x4x2.2 0P8 PP
R110K-1210-0W5,R1210-06
R1M-2512-1W,R2512-06
R27R4-0402,R0402-03
SMCJ300CA,DO-214AB PP
R698R-0603-25PPM,0603-05 PLATEAU PP
SI2303CDS-T1-GE3,SOT-23JEDEC PP LENT
MEM2012D301R,0805-09 LENT
SN74AHC1G14DBV,SOT-23_5 PP
SN74LVC1G332DBV,SOT-23_6
SM6T6V8A,DO-214AA
TLV2451 IDBV,SOT-23_5 PP
SMAJ28CA,SMA PP
MAX9703ETJ+,QFN32 5x5x08 0P5 PP
VS1011E-L,LQFP48-0.50 PP
R5R23-0402,0402-03 LEMTPP
PIC18F87J50-I/PT,TQFP80-0.50
SML-P11MTT86R,0402-05
R22R-1210-500mW,R1210-06
ADS131A04IPBS,TQFP32-0.50
R0R33-2512-1W,R2512-06
R22R-1210,R1210-06
R562R-0603-25PPM,R0603-04
R1K3-1210,R1210-06
R681K-0603,R0603-04
1SMA5915B,SMA PP
150060YS75000,0603L PP PLATEAU
1SMA5920B,SMA PP
BAT42W,SOD123
XR20M1170IL24-F,QFN24-0.5 Z LENT PP
CY7C53120E4-40AXI,TQFP44-0.80
BQ24751BRHD,QFN28-0.6 PP
MBRS340,SMC 403AC PP
ST1S03PU,DFN6 3x3x.9 P95 PP
ESD7410N2,X1SON2-0.6x1
MMBT2222AW,SOT-323_SC-70
NCP15WF104F03RC,0402-05 LENT PP PLATEAU
MAX4820ETP+,QFN20 4x4x.9 0P5 PP
R604R-0402-25PPM,0402-03 LEMTPP
R1K05-0402,R0402-03
R2K49-0402-25PPM,R0402-03
R18R2-0402,R0402-03
R200R-1206-25PPM,R1206-05
R249K-0603,R0603-04
R2K55-0402,R0402-03
R1K-1210,R1210-06
DAC7578SRGE,VQFN24 4x4x.9 0P5 PP
THS3215IRGV,VQFN16 4x4x1 P0.65 PP
ADA4932-1YCPZ,QFN16 3x3x075 0P5 PP
TPS62130RGT,VQFN16 3x3x1 0.5P PP
AQ1006-01UTG,UDFN-2 0201
TPS63020DSJ,VSON14 4x3x.9 0P5 PP
AD5522JSVDZ,TQFP80-0.50
STM32F429BIT6,LQFP208-0.50
TCA6424ARGJR,UQFN32 5x5x.6 0P5 PP
ESD8111PFC,WLCSP2 .6x.3x.275 PP
KPTR-3216SECK,1206L 1.1 PP
ESD9101P2,SOD923 PP
AD8066ARMZ,MSOP8 PP
MC33074AD,TSSOP14-0.65 PP
PDTB114ETR,SOT-23JEDEC
R910R-0402,0402-05
XC6SLX16-3CSG225C,BGA225 13x13x1.2 0P8 PP
R12K-0402-25PPM,R0402-03
R215R-0402,R0402-03
R2K8-0402,R0402-03
R56R2-0402,R0402-03
R8K87-0603-25PPM,0603-05
GRM1555C1HR30WA01D,0402-05 LENT PP
ESD9X12S,SOD923 PP
R953R-0402,0402-03
BSS83PH6327XTSA1,SOT-23JEDEC PP LENT
MLF1608DR56K,0603-08
R73K2-0805,0805-05
R66K5-0805,0805-05
CR95HF-VMD5T,QFN32-5x5x0.9 0P5 PP
STM32F091VCT6,LQFP100-0.50 PP
MAX31855KASA,SO8 PP
R5R6-0402,0402-03 PP
DSPIC33FJ128MC804-E/PT,TQFP44-0.80
R121K-0805,R0805-05
R93K1-0402,0402-03
R180K-2010-0W75,R2010-06
R20K5-0805,R0805-05
R215K-0805,R0805-05
R26K7-0805,R0805-05
R45K3-0805,R0805-05
R487R-0402,R0402-03
ST25R3911B-AQFT,QFN32 5x5x09 0P5 PP
ATM90E32AS-AU,LQFP48-0.50 PP
NFM41PC155B1E3L,NFM41 PP AUTO
TPS74401RGW,QFN20-5x5x.9 0P65 PP
SMAJ24CA,DO-214AC PP
1N4148W-7-F,SOD123
LTC4359IDCB,DFN6 2x3x.75 0P5 PP
NFM18CC222R1C3,0603-08
TS5A3159ADBV,SOT-23_6
BLM31PG121SH1L,1206-08 PP
BZX84C12,SOT-23JEDEC
STM32F415VGT6,LQFP100-0.50 PP
ESDA5V3L,SOT-23JEDEC
LL4148-GS08,SOD 80 PP
2512066017Y1,1206-09 PP
KSZ8999I,FQFP208-0.50
R4K12-0402,R0402-03
R2K2-0805-0W5,R0805-05
R200R-2512-1W,R2512-06
BLM18BB221SN1D,0603-05
VLMW1300-GS08,LED-0603 1.6x0.8x0.4 Wurt
R24K9-0805,R0805-05
ESDA25L,SOT-23JEDEC
LIS3MDLTR,LGA12-2x2x1 0P5 PP
LSM6DS3HTR,LGA14-3X2.5-0.85 PP
LPS25HBTR,LGA10-2.5x2.5x.75 0P6 PP
FMMT597TA,SOT-23JEDEC
HTS221TR,LGA6-2x2x.9 1P0 PP
YFF18PC1C104MT0H0N,0603-06 PP
R75K-0603-25PPM,0603-05
5050651A,SOT-23_5 PP
5063765A,SOT-23_5 PP
5063766A,SOT-23_5 PP
5052513A,SO8 PP
MM3Z3V3,SOD323 PP DIODE
SN74LVC1G14DBV,SOT-23_5 PP
SN74LVC541APW,TSSOP20-0.65 PP
SN74LVC1G32DBV,SOT-23_5 PP
2N7002ET1G,SOT-23JEDEC
STM32F429IIT6,LQFP176-0.50
5050100A,SOT-23JEDEC
DLPT05-7-F,SOT-23JEDEC
STM8S207CBT6,LQFP48-0.50 PP
TPS62177DQC,WSON10 3x2x.75 0P5 PP
MAX9860ETG+,QFN24 4x4x1 P0.5 PP
USB2514BI-AEZG,QFN36 6x6x1 0P5 PP
TXS0104ERGY,QFN14- 3.5X3.5 PP 4+10PIN
BZX384B8V2,SOD323 PP DIODE
R910K-0805,0805-05
MAX8600ETD,DFN14-3x3x.75 0P4 PP
LT3652EDD,DFN12-3x3x.75 0P45 PP
BCV26,SOT-23JEDEC
ESDCAN24-2BLY,SOT-23JEDEC
BZX384-B18,SOD323 PP DIODE
BAS70,SOT-23JEDEC
MAX17055ETB+,DFN-10 2x2.5x.75 0P4 PP
LIS3DSHTR,LGA16-3X3-0.95 PP
MAX17504ATP+,QFN20-5X5-0.8 0P5 PP
MMBZ33VAL,SOT-23JEDEC
82357050220,0402-05 LENT PP
R61K9-0402,0402-05
R33K-2512-1W,R2512-06
STM32F437VGT6,LQFP100-0.50 PP
R47R5-0603,R0603-04
R39K2-0603,R0603-04
BQ24105RHL,VQFN20-4.5x3.5x1 0P5 PP
MMC5883MA,LGA16-3x3x1 QFN 0P5PPAUT+
RTL8305NB-CG CLIENT,QFN48-6X6X0.9
RFFC5072AS,QFN32-5x5x0.9 0P5 PP AUTO
TVP5147M1PFP,TQFP80-0.50
PE42721MLBA-Z,QFN12 3x3x1 0P5 PP
Si2166-D60-GM,QFN48-7x7x0.6 PP
CXD2871E,QFN32-0.5
PE4314B-Z,QFN20 4x4x.9 0P5 PP
MASWSS0144,QFN12 3x3x1 0P5 PP
ADS4126IRGZ,QFN48-7x7x0.6 PP
TDA18275HN/C1Y,QFN32-5x5x0.9 0P5 PP
CXD2843ER,QFN48-0.5 Z PP
AD5593RBCPZ,QFN16 3x3x.9 0P5 PP
MT47H64M16NF-25E:M,MT47H64M16NF
LM4670SD,WSON8 3x3x.75 0P5 PP
LT3014ES5,SOT-23_5 PP
LAN8700,QFN36 6x6x1 0P5 PP
PDTC114ET,SOT-23JEDEC
AD2S1210BSTZ,LQFP48-0.50 PP
R1M-1210-0W5,R1210-06
L-14C27NJV4T,0603-08
RDA16110E,QFN24-0.5 Z PP
DAC3151IRGC,QFN64 9x9x0.9 P0.5
MAX1510ETB,DFN-10 3x3x0.8 P0.5 PP
AD9211BCPZ-200,LQFP56 8x8x.85 0P5 PP
BC857CW,SOT-323_SC-70
BC56PA,SOT-1061 2X2-0.7 Z PP
SRN3015TA-1R0Y,SNR3015 IND 3x3 PP
NCP110AMX060TBG,XDFN4-1x1x.4 0P65 PP
STM32F410CBU3,QFN48-7x7x0.6 PP
US6T8,SOT-363 PP
PBSS5112PAP,DFN6 2x2x.65 0P65 PP
RB161QS-40T18R,SMD1006
PBSS4112PAN,DFN6 2x2x.65 0P65 PP
190010005 CLIENT,QFN20-0.5 H PP
IS43TR16256A-15HBLI,BGA96 13x9x1.2 0P8 PP
LFSPXO019275,QZ7X5 PP
XC7Z010-1CLG400C,BGA400-17x17x1.5 0P8 PP
R2K74-0603-25PPM,R0603-04
R681K-0402,R0402-03
R4R75-0603-25PPM,R0603-04
NFM18PS474R0J3D,0603-06 PP
US6X8,SOT-363 PP
BUK6D43-60EX,DFN6 2x2x.65 0P65 PP
IS25LP064AJKLE,WSON8 6x5x0.75 P1.27
0603LS-151XJL,0603-11
BQ51050BYFPR,BGA28-3x1.9x.5 0P4 PP
TPS62122DRV,SON6 2x2x.75 0P65 PP
PN7362AUHN,QFN64 9x9x0.9 P0.5
UCC24630DBV,SOT-23_6
BQ24041DSQT,WSON10-2x2x.75 0P4 PP PLT
DMN6075S,SOT-23JEDEC
TS5A3359YZPR,BGA8-1.9x.9x.5 0P5 PP
BQ24041DSQ,WSON10-2x2x.75 0P4 PP
LM3671TL-3.3,BGA5 1.4x1x.6 0P43/5 AUTO
NCP110AFCT180T,BGA4-.64x.64x.33 0P35 PP
AX-SIP-SFEU-1-01-TX30,QFN38-9x7x1 0P65 PP
MAX4253EBC,BGA10-1.5x2x.64 0P5 PP
MAX40200ANS+,BGA4-.76x.76x.5 0P4 PP
MAX40200ANS,BGA4-.76x.76x.5 0P4 PP
MIC94164YCS,BGA6-1.5x1x.63 0P5 PP
R330K-0402-0P5,R0402-03
MAX9860ETG,QFN24-4x4x.75 0P5 PP
ADG608BRUZ,TSSOP16-0.65 PP
AD9628BCPZ,QFN64 9x9x0.9 P0.5
ADA4927-2YCPZ,QFN24-4x4x.75 0P5 PP
BAT54FILM,SOT-23JEDEC
88E1512-A0-NNP2I000,QFN56-0.5
ECMF04-4HSM10,DFN10-2.6x1.3x.5 0P5 PP
EDB4432BBPA-1D-F-R,LFBGA128-12x12x1 0P5 PP
LMR24220TL,BGA28-3.7x2.4x.6 0P5 PP
74HC74D,SO14
MAX8556-ETE,QFN16 5x5x.8 0P8 PP
MSP430F2618TPM,VQFP64 12x12x1.2 0P5 PP
SI5347B,QFN64 9x9x0.9 P0.5
TPS40170RGY,VQFN20-4.5x3.5x1 0P5 PP
TPS62125DSGT,WSON8 2x2x.8 0P5 PP
USB3320C-EZK,QFN32-0.5
XC7Z020-1CLG484I,BGA484-19x19x17 0P8 PP
R2R61-0603,R0603-04
R330K-0402-50PPM,R0402-03
R360K-0402-0P5,R0402-03
R360K-0402-50PPM,R0402-03
TPS54020RUW,TPS54020RUW
CT330U-X-10V-10P-0R035,X TANTAL
SN65LVDS180PW,TSSOP14-0.65 PP
BC846BMTF,SOT-23JEDEC
LQW18AS56NG0ZD,0603-06 PP
BKP2125HS221,0805-09 LENT
CT47U-X-35V-10P-0R6,X TANTAL
Si3443DDV,SOT-23_6
CT150U-D-10V-20P-0R025,D PP
LQW18AN17NG8ZD,0603-08 LEMT PP
MMBT3904 LT1G,SOT-23JEDEC
MAX4080SASA,SOIC8 PP
R0R033-1206-1W,R1206-05
R158R-0402-25PPM,R0402-03
R0R062-1206-1W,R1206-05
R0R82-1206-0W5,R1206-05
R100R-0402-25PPM,R0402-03
R1K74-0603,R0603-04
R221R-0402-25PPM,R0402-03
R261K-0603,R0603-04
R365R-0603,R0603-04
LQW18AN36NG00D,0603-07 PP
SN74LVC1G17DBV,SOT-23_5 PP
LTM8025EY,LBGA70-15x9x4.3 1P27 PP
54011,TQFP100-23x17x3 0P65 PP
54934,SOT-323_SC-70_6 PP
54838,SOT-23JEDEC
60010,0805-07 PP
57033,DO-214AA
57075,SOT-23JEDEC
R0R02-1206-1W,R1206-05
R226R-0402-10PPM,R0402-03
R1K18-0603,R0603-04
R1K3-0603-25PPM,R0603-04
R0R024-1206-1W,R1206-05
R0R047-1206-1W,R1206-05
R0R082-1206-1W,R1206-05
R158K-0603,R0603-04
R249R-0603-25PPM,R0603-04
R2K4-0603-25PPM,R0603-04
R48R7-0603-25PPM,R0603-04
R576K-0603,R0603-04
M25P64VME6G ILL,WSON8 8x6x0.75 P1.27
ADA4855-3YCPZ,QFN16 4x4x075 P065 PP
AD9744ACPZ,QFN32 5x5x08 0P5 PP
XCS6LX16CSG225 ILL,BGA225 13x13x1.2 0P8 PP
LTC2942IDCB-1,DFN6 2x3x.75 0P5 PP
SPBTLE-1S,SPBTLE-1S
MRA4004,SMA PP
BZT52C3V6,SOD123
SMCJ36CA,DO-214AB PP
R5K1-2512-2W,2512-06
FQT7N10L,SOT-223JEDEC
PCA9517DP,MSOP8 PP
BZT52C33,SOD123
SMCJ40CA,DO-214AB PP
R14K-0603,R0603-04
ASMT-RA45-AP932,0603-05
R0R01-1206-1W,R1206-05
CT10U-C-25V-20P-1R5,C TANTAL
R1K3-1210-0W5,R1210-06
R2K2-2512-1W,R2512-06
R50K-0402,R0402-03
ABM8G-16.000MHZ-18-D2Y,QZ 3.2x2.5x0.7 PP
ADP3338AKCZ-3.3,SOT-223JEDEC
R8K2-1206-0W75,1206-05
IRLML2244,SOT-23JEDEC
INA168NA,SOT-23_5 PP
FDC3535,SOT-23_6
NVMFS5113PLT1G,NVMFD587NLT1G
FSV1060V,FSV1060V
STM32F412VGT6,LQFP100-0.50 PP
TPS61041DBV,SOT-23_5 PP
NVMFS5113P,NVMFS5113PLT1G
CT4U7-A-25V-10P-6R,A LENT PP
SIM7000,SIM7000
LPS331AP,LGA16-3X3-0.95 PP
LMC555CM,SO8 PP
LTC2875IS8,SO8 PP
MAX1811ESA,SO8 PP
VSSC520S-M3/9AT,DO-214AB PP
LQH32CN100K23L,LQH32CN
74HCT4052D,SO16 PP
R0R001-2512-3W,R2512-06
SML-D12P8WT86C,0603-05
SIM7000E,SIM7000
MPZ2012S331AT000,0805-09 LENT
M24LR64E-RMC6T/2,UDFDFPN-8 2x3x0.53 PP
OPT3002DNP,SON6 2x2x.6 0P65 LED PP
LQM18PN2R2MFRL,0603-09 PP
ADP7102ACPZ-5.0-R7,WSON8 3x3x.75 0P5 PP
BQ25892RTW,QFN24-4x4x.75 0P5 PP
RE866-A1,LGA49-19x15x2.2 1P8 PP
STM32F405VGT6,LQFP100-0.50
DMP2035U,SOT-23JEDEC
DMN2058U,SOT-23JEDEC
LPS25HB,LGA10-2.5x2.5x.75 0P6 PP
PBSS4130PAN,DFN6 2x2x.65 0P65 PP
PBSS5130PAP,DFN6 2x2x.65 0P65 PP
R6R8-2512-2W,2512-06 PLATEAU
B230AE-13,SMA PP
LPS331AP CLIENT,LGA16-4X4-1 PP
XC6SLX16-3CSG225 ILL,BGA225 13x13x1.2 0P8 PP
R261R-0603,R0603-04
SP0504BAH,SOT-23_5 PP
LGM676-N2Q1-24-Z,0805-LED
ZMM5.1,SOD 80 PP
MMB02070C3303FB200,MELF MMB0207 PP
STTH208U,SMB PP
SMAJ170A,SMA PP
NTR5198N,SOT-23JEDEC
BZV55-C27,SOD 80 LENT PP
ZMM3.3,SOD 80 PP
SN74LVC2G74DCT,SM8 PP
MBS10 RCG,MBS PP
CMB02070X1001GB200,MELF MMB0207 PP
SFH6156-4,SFH6156-4
LMV331QDBVRQ1,SOT-23_5 PP
ENC424J600-I/ML,QFN44 8x8x0.9 P0.65
LQW18AN56NG00D,0603-08
CSD16323Q3,SON8 3.3x3.3x1 MECA
R71R5-0603-25PPM,0603-05
LAN8740A-EN,QFN32 5x5x08 0P5 PP
BSP135-H6327XTSA1,SOT-223JEDEC
R115R-0402-25PPM,R0402-03
R150R-2512-2W,R2512-06
R1R-2512-2W,R2512-06
R270R-0402-25PPM,R0402-03
MC74VHC1G08DF,SOT-323_SC-70_5
BZB84-B39,SOT-23JEDEC
RCLAMP1521P.TCT,SLP1006P2
APX809-29SAG,SOT-23JEDEC
HSMM-A100-U4PJ1,LED3.2x2.8x1.9 PP
NCP303LSN49,SOT-23_5 PP
TCM809TVNB713,SOT-23JEDEC
TPD4E1U06DBV,SOT-23_6
ESD5V0LB,DFN1006-2 PP
BC846BM,DFN1006-3
USB2513B-AEZC,QFN36 6x6x1 0P5 PP
R105R-0603,R0603-04
PIC18F46K42-I/MV,QFN40 5x5x.5 0P4 PP
R0R47-0805,R0805-05
EFM32GG230F1024G-E-QFN64,QFN64 9x9x0.9 P0.5
R536K-0603,R0603-04
R196R-0603,R0603-04
R560K-0402,R0402-03
R1K-2512-1W,R2512-06
R1M1-0402,R0402-03
R180R-0805,R0805-05
LE24512AQF,VSONK-3x2x.75 0P5 PP
74279279,0402-05 LENT PP
DZ2J033M0L,SOD323 PP DIODE
DS92LV0421SQX,QFN36 6x6x1 0P5 PP
PTN3460IBS/F1MP,QFN56-7x7x.85 0P4 PP
NCP5104D,SOIC8 PP
FSA2567MPX,QFN16-0.5 PP
TW6869-TA1-CR,TQFP144-0.50
USB2504A-JT,LQFP64-0.50
AP2202K-ADJTRG1,SOT-23_5 PP
DMG2305UXQ,SOT-23JEDEC
PMV16XN,SOT-23JEDEC
PETIROC2_TQFP-B,TQFP208-30x30x1.6 0P5 PP
10M50DAF256C8G,LBGA256-16x16-1.0
STN1HNK60,SOT-223JEDEC
R191K-0603,R0603-04
R5R9-0603,0603-05 LEMNT PP
R475K-0603,R0603-04
R191R-0402,R0402-03
R210R-0603,R0603-04
PTVS12VS1UR,SOD123
STTH3R04U,SMB PP PLATEAU
R665R-0603-25PPM,0603-05 LEMNT PP
STM32L451RET6,LQFP64-0.50 LENT PP
R9K88-0603,0603-05 LEMNT PP
CUS10S30H3F,SOD323 PP DIODE
R98K8-0603,0603-05 LEMNT PP
FT600Q-B-T,QFN56-7x7x.85 0P4 PP HYDR
CMPDM7002AG,SOT-23JEDEC
R6K04-0603-25PPM,0603-05 LEMNT PP
PMEG3020EJ,SOD323 PP DIODE
MPZ2012S601ATD25,0805-09 LENT
R1K4-0805,R0805-05
LTM8063EY AUTO,BGA28-6.25x4x2.2 0P8 PP
R23K2-0402,R0402-03
THC63LVD104C,TQFP64-0.50 A24 PP
SML-P13PTT86R,0402-05
R140K-0603-25PPM,R0603-04
R16K7-0603,R0603-04
R17K4-0402,R0402-03
MAX9650ATA,DFN8 3x3x.8 0P65 PP
STM32F769BIT6,LQFP208-0.50
293D106X9010A2TE3,A LENT PP
ERJ3BSFR15V,0603-05 LEMNT PP
74LVC1G14GW,SOT-323_SC-70_5
MCS1632R010FER,1206-05 LENT PP
TS5A23157DGS,VSSOP10 PP
LY T67K-K2M1-26-Z,LED3.5X2.8-1.75 Z PP
LMR23630APDRR,WSON12 3x3x.75 0P5 PP
TMS320F28377DPTP,LQFP176-0.50
LTM8025IY,LBGA70-15x9x4.3 1P27AUTO
LTM8056IY,BGA121-15x15x4.9 1P27 PP
MMBT3904,SOT-23JEDEC
R2K15-0805,R0805-05
XC3S400-4PQG208C,PQFP208-30x30x3.7 0P5 PP
744770147,IND 12x12x7.5
R10K-0603-50PPM,R0603-04
74LVC1G17GW,SOT-323_SC-70_5
R240R-0402-25PPM,R0402-03
R32K4-0603,R0603-04
R365K-0603,R0603-04
BAS70-05W,SOT-323_SC-70
R825R-0603,0603-03 PP
R9K76-0805,0805-05
LFCN-1700D,1206-09 PP
LTC2054CS5,SOT-23_5 PP
R732R-0805,0805-05
AD9613BCPZ,QFN64-9x9x.85 0P5 PP
ADCMP567BCPZ,QFN32 5x5x09 0P5 PP
R442R-0805,R0805-05
TPS7A7300RGW,QFN20-5x5x.9 0P65 PP
XC6SLX25-2CSG324C,BGA324-15x15x1.1 P0.8
R14K-1206,R1206-05
R180R-1206-0W75,R1206-05
R20K5-1206,R1206-05
R237K-0603,R0603-04
R267K-0603,R0603-04
R280K-0805,R0805-05
R2K05-0603,R0603-04
R30K9-0805,R0805-05
R3K4-0603,R0603-04
R57K6-0805,R0805-05
10MQ060N,SMA PP
BC847CT,SOT-523 JEDEC-DIODE.COM
CRCW12184R75FKEKHP,1218-06 PP
74LVC1G08GW,SOT-323_SC-70_5
CKP32163R3M,1206-05 LENT PP
S1751-46R AUTO,RCS TEST POINT
NCP81151MNTBG,DFN8-2x2x.9 0P5 PP
MMSZ5236B,SOD123
ISO150AU APP AUTO,ISO HORIBA
SN74LVC1G32DCK,SOT-323_SC-70_5
L-07C4N7SV6,0402-05 LENT PP PLATEAU
CY8C4248LQI-BL583,QFN56-7x7x.85 0P4 PP
BZX585-B3V3,SOD523 PP PLATEAU
R15K-0402-25PPM,R0402-03
CT10U-A-10V-20P-1R8,A LENT PP
R8K66-0603,0603-05
BC847BS,SOT-363 PP
BC847BPN,SOT-363 PP
R562K-0603,R0603-04
R187K-0603,R0603-04
R30R-0603,R0603-04
MA730GQ,QFN16-0.5 PP
L-07W1N8CV4,0402-05 LENT PP PLATEAU
STM32F417IGT6,LQFP176-0.50
LQH32CN4R7M33L,IND2 3.2x2.5x2 - LQH32CN
TPS61161ADRV,WSON6 2x2x.75 0P65 PP
EP3C25Q240C8N,FQFP240-0.50 PP
LTST-C170TBKT,0805-12 PP
FT4222HQ-D,QFN32 5x5xH 0P5 PP
CT10U-B-35V-20P-0R2,B TANTAL
CT4U7-B-25V-20P-0R1,B TANTAL
LAN8720AI-CP,QFN24-0.5H Z PP
R6R04-0603,0603-05 LEMNT PP
PIC18LF13K50-I-MQ,QFN20-5x5x.9 0P65 PP
EXC24CE900U,EXC24C
R4K64-0603-25PPM,R0603-04
R124K-0603-25PPM,R0603-04
R46K4-0603,R0603-04
R0R012-1206,R1206-05
74479032,0805-05 AUTO
MMA8451Q,QFN16-5P+3P 3X3 MECA PP
R11K3-0402,R0402-03
LPS22HHT,LGA10-2x2x.8 0P5 PP
ADP1755ACPZ,QFN16 4x4x075 P065 PP
TC58CVG2S0HRAIG,WSON8 6x8x.75 1P27
BQ24072,QFN16 3x3x.9 0P5 PP
C470N-0603-16V-10P-AUTO,0603-05 LEMNT PP
BLM1566221SN1D,0402-05
L-07C3N3SV6T,0402-05 LENT PP
C820P-0402-50V-5P-AUTO,0402-05
MLX90393ELW-ABA-011-RE,QFN16 3x3x.9 0P5 PP
SP3002-04UTG,DFN6 1.6x1.6x.6 0P5 PP
TLV320AIC3204,QFN32 5x5xH 0P5 PP
SIP32431DNP3-T1GE4,TDFN4-1.2x1.6x.55 0P5 PP
TXS02612RTWR,QFN24-4x4x.75 0P5 PP
OPT3001DNP,SON6 2x2x.6 0P65 LED PP
LMZ31704,L3BQFN42
R3M3-0402,R0402-03
BLM18KG221SN1D,0603-05
R316R-0805,R0805-05
R2K55-0603,R0603-04
L-07C2N7SV6T,0402-05 LENT PP
NRF52840-CKAA-R,BGA73-7x7 AP AUTO 2
BZX384-B15,SOD323 PP DIODE
LTST-C170KSKT,0805-12 PP
STM32F412RGT6,LQFP64-0.50 LENT PP
TJA1059TK,HVSON14-4.5x3x.85 0P65 PP
LTC3633EUFD,QFN28-5x4x.75 0P5 PP
EN25S32A-104WIP2S,VDFN8-5x6x.75 1P27 PP
IIS2DH,LGA12-2x2x1 0P5 PP
ADP1761ACPZ-1.2,QFN16 3x3x.7 0P5 PP
SN65LVDS4RSE,QFN10-0.5 Z LENT PP
THS4302RGT,QFN16 3x3x.9 0P5 PP
SI5394A-A-GM,QFN44-0.5
SML-S13PTT68,LED2-1206-18rond SMLS14
LMK00101SQE,QFN32 5x5x08 0P5 PP
LMK00105SQE,QFN24-4x4x.75 0P5 PP
LMZ31506RUQ,B1QFN47
LTM4620AIV,LGA144-15x15x4.4 1P27 PP
BSS84W,SOT-323_SC-70
R300R-0201,R0201-02
R1K1-0603-25PPM,R0603-04
SY58608UMG-TR,QFN16 3x3x.9 0P5 PP
RR47R-0804,0804
RXM-GPS-RM,RXM-GPS-RM
RS9113-NB0-D1C,RS9113-NB0-D1C
R6R04-1206-25PPM,1206-05 LENT PP
R5R11-0402,0402-03 LEMTPP
R634R-0402,0402-03 LEMTPP
BAS16GWJ,SOD123
R6K65-0805,0805-05
HI1206N101R-10,1206-12 PP
R1K78-0402,R0402-03
R787R-0402,0402-03 LEMTPP
R43R-1206-50PPM,R1206-05
LTM4616EV,LGA144-15x15x2.8 1P27AUTO
SML-S13DTT68,LED2-1206-18rond SMLS14
SML-S13VTT68,LED2-1206-18rond SMLS14
R0R6-1206,R1206-05
R0R-1812,R1812-06
R49r9-0603,R0603-04
MAX4820ETP,QFN20 4x4x.9 0P5 PP
YFF31AH2A104MT0Y0N,1206-09 PP
BLM18TG601TN1D,0603-07 PP
ASE-8.000MHZ-LC-T,QZ 3.2x2.5x0.7 PP
LS E63F-EAFB-1-1,LED 3.4x3 SO4
MMBT489,SOT-23JEDEC
5124544,SOT-23_5 PP
LTST-S110TBKT,LED3.2X.5-1 PP
ADRF5044,LGA24-4x4x.96 0P5 PP
MA732,QFN16-0.5 PP
M306NKFHGP-U3,LQFP100-0.50 PP
25AA02UIDT-I-OT,SOT-26(5)
NFM21CC223R1H3D,0805-09
1812L075-33DR,1812-09
BAV70,SOT-23JEDEC
MAX3051ESA,SO8 PP
R27R-2512-2W,R2512-06
R1M5-0402,R0402-03
CT4U7-A-20V-10P-4R,A TANTAL
R340R-0402,R0402-03
ADM3072EARZ,SO8 PP
NCP702SN33,SOT-23_5 PP LENT
CNY17F-3X007,SO6-CNY17F-3X007 PP
155622S,SMB
R910R-1206,1206-05 LENT PP
B953AS-331M=P3,IND 12.5x12.5x7 2PAD PP
MMZ2012R601A,0805-09
R6M2-1206,1206-05 LENT PP
SMAJ5.0CA-TR,SMA PP
BCV61C,SOT-143JEDEC
SGP30-2.5K,DFN6 2.4x2.4x.9 0P8 PP
SLS32AIA020X4USON10XTMA4,SON10 3X3-0.75 PP
IRFL9014,SOT-223JEDEC
BSR16,SOT-23JEDEC
STM32L496ZGT6,LQFP144-0.50 LENT PP
NC7SZ86P5X,SOT-323_SC-70_5
IMC0805ER100J01,0805-12 PP
BAS40H,SOD123Flat PP
BZX84-C3V3,SOT-23JEDEC
R475K-0805,R0805-05
R102R-0603,R0603-04
R4K64-0603,R0603-04
SHTC3,DFN4 2x2x.75 1P0 PP
AT25SF081-MAHD,UDFN8 3x2x055 0P5 PP
150066M153000,LED 1.6x1.6x.4 SO4AUTO 2
EFM32LG230F256G-E-QFN64,QFN64 9x9x0.9 P0.5
AK09918C,BGA4-.8x.8x.5 PP
EMC2303-1-KP,QFN12 4x4x.85 0P8 PP
NCP163AFCT330T,WLCSP4-.64x.64x.4 0P35 PP
PMBT3946VPN,SOT-666 PP PLATEAU
AK09940,BGA11-1.6x1.6x.58
ASSR-1611-301E,SO6-ASSR1611
TPS61025DRC,VSON10 3x3x1 0P5 PP
BQ24103RHL,VQFN20-4.5x3.5x1 0P5 PP
TCJA106M010R0200,A LENT PP
598-8010-107F,0603-07 PP
5AGXBA5D4F31C4N,LBGA896-30x30-1.0 PP
RR100K-0804,0804
CMT2219AW-EQR,QFN16-0.5 PP
LB2012T100K,0805-05
742792609,0603-08 LEMT PP
ATMEGA1284P-AU,TQFP44-0.80
BC807-25,SOT-23JEDEC
ICM-42686,LGA14-3X2.5-0.85 PP
ES2B,SMB PP
ABS07-32.768KHz-1-T,QZ3.2x1.5 2PIN PP
LQG15HN5N6S02,0402-05 LENT PP
EFM32G230F128T,QFN64 9x9x0.9 P0.5
LQG18HN47NJ00D,0603-05 LEMNT PP
ICP-10101,LGA10-2x2x.8 0P5 PP ICP10
NFM15PC435R0E3D,0402-05 LENT PP
DXP18BN5014T,DXP18BN5014T
SAF3601EL/V3040C CLIENT,LFBGA223-12x12x1.3 0P4 PP
74LVC1G07GW-Q100H,SOT-323_SC-70_5
ESDA7P60-1U1M,0604-05 ESDA7P60 PP
MCP1702T-3302E/MB,SOT-89-B1JEDEC
R124R-0603,R0603-04
R73K2-0603,0603-05 LEMNT PP
R294R-0603,R0603-04
R38K3-0603,R0603-04
SIP32510DT,SOT-26(5)
TPS62177,WSON10 3x2x.75 0P5 PP
DSC1104CE2-027.0000T,CDFN6 3.2x2.5 DSC1104
TPD4EUSB30DQAR,USON10-2.5x1x.5 0P5 PP
74AVC4TD245BQ,DHVQFN16 3.5x2.5x1 P0.5
CH7107B-BF,QFN40 5x5x.85 0P4 PP
SN74AXC8T245RHL,PVQFN24 3.5x5.5x.9 0P5 PP
AB-557-03-HCHC-F-L-C,QFN14-3.2x2.5x.9 0P5 8+6
R604R-0402,0402-05 LENT PP
G6K-2G-Y,G6K-2F-Y
XC7A50T-1FGG484C,BGA484-22x22-1.0
MCP2562-E-SN,SOIC8 PP
SMBJ43A,SMB PP
SN74LVC1G240DBV,SOT-23_5 PP
SML-LXR85GC,LED3.2X1-1.5 PP
MPZ1005S121CT000,0402-05 LENT PP
CVH252009-1R0M,1008-09 PP
MI0603J601R-10,0603-05
R7K68-0805,0805-09 LENT
R4K64-0402,R0402-03
SN74LVC1G126DBV,SOT-23_5 PP
R4K87-0805-25PPM,R0805-05
R56K2-0805-25PPM,R0805-05
TMS5704357BZWTQQ1,BGA337-16x16x1.4 PP
LQW15AN24NG00D,0402-05 LENT PP PLATEAU
STM32L471VET6,LQFP100-0.50 PP
CDSOD323-T15SC,SOD323 PP DIODE
LQG15HNR12J02D,0402-05 LENT PP
G6K-2F-Y-DC12,G6K-2F-Y MECA
R680R-2010,2010-06 PP
LQW15AN3N3B80D,0402-09 PLATEAU
LQW15AN3N9C00D,0402-09 PLATEAU
LQW15AN11NG00D,0402-05 LENT PP PLATEAU
LQW15AN33NJ00D,0402-05 LENT PP PLATEAU
STM32H750VBT6 CLIENT,LQFP100-0.50 PP
SI4461-C2A-GM,QFN20 4x4x075 0P75 PP
SKYA21013,QFN12 2x2x1 0P5 PP
EFR32FG13P231F512GM48-AR CLIENT,QFN48-0.5
PMDPB58UPE,DFN6 2x2x.65 0P65 PP
TPS2121RUX,WQFN12-2x2.5x1 0P5
PCA9531BS,QFN16-0.65 PP
SPH0644 M13,SPH 06
ESDALC6V1W5,SOT-323_SC-70_5
SD103AWS,SOD323 PP DIODE
SN74LVC1G07DBVR,SOT-23_5 PP
SX1243IULTR,DFN8-2x3x.55 0P5 PP
SPH0644LM4H-1,SPH 06
R976K-0402,0402-05 LENT PP
ATECC608A-MAHCZ-S,UDFN8 3x2x055 0P5 PP
MP2322 CLIENT,DFN8-2x1.5x.85 0P5 PP
ST1S32PUR,UDFN8-4x4x1 0P8 PP
STM6519AUARUB6F,USON6 1.5x1x0.4 0P5 PP
REF02AU,SOIC8 PP
AD712JRZ,SOIC8 PP
52610-0833,526100833 silouhette
XF2J-2824-11A,XF2J-2824-11A silouhette
STM32L471QGI6,BGA132-7x7x.6 0P5 PP
R215K-0603,R0603-04
R12K-0603-25PPM,R0603-04
ISL3178EIBZ,SOIC8 PP
LPC2104FBD48-01.15,LQFP48-0.50 PP
R12K1-0603-25PPM,R0603-04
R316R-0402,R0402-03
CT22U-B-20V-10P-0R4,B TANTAL
ADS1292IRSM,VQFN32-4x4x1 0P4 PP
BMP280,DFN8-2.5x2x.95 0P65 PP
SX1276IMLTRT,QFN28-6x6x.9 0P65 PP
STM32F429VIT6,LQFP100-0.50
STPS1L30A,SMA PP
MX25R1635FZUIH0,USON8-2x3x.55 0P5 PP
74AUP1T08GX,DFN4-.8x.8x.35 0P48 PP
PMDXB550UNE,DFN6 1.1x1x.4 0P35 PP
KPD-3224CGCK,1210-25 PP
AD7714AR-5,SO24
SN74AVC2T244DQM,X2SON8-1.8x1.2x.37 0P4 PP
74AHCT1G125GW,SOT-323_SC-70_5
SN74AHCT1G04DBV,SOT-23_5 PP
PZT2907A,SOT-223JEDEC
CT10U-L-10V-20P-7R5,0603-05
R0R02-2512,R2512-06
STC3115IQ,DFN-10 2.5x2 PP
R2K-2512,R2512-06
R21K5-0402,R0402-03
CT10U-A-10V-10P-0R9,A TANTAL
R620R-0805,0805-05
R54K9-0603,R0603-04
SMAZ12-13-F,SMA PP
SN74LV8154PW,TSSOP20-0.65 PP
SM15T39CA,SMC 403AC PP
BAS16H,SOD123Flat PP
R750R-1206,1206-05
AT28C64B-15TU,TSOP24-BW:16.4
VO618A-4X017T,SO4-6.5x10.16x3.5 2P54 PP
SMBJ15CA,SMB PP
SMAJ6.0CA,SMA PP
SMBJ40CA,SMB PP
SMAJ18A,SMA PP
R0R008-1206,R1206-05
SMBJ24CA,SMB PP
SM712.TCT,SOT-23JEDEC
R12K-1206,R1206-05
R169K-0603-25PPM,R0603-04
R16K9-0603-25PPM,R0603-04
R187K-0201,R0201-02
R205R-1206,R1206-05
R261R-1206,R1206-05
R3K01-1206,R1206-05
LM5166DRC,VSON10 3x3x1 0P5 PP
R619R-0402,0402-05 LENT PP
SMDJ36CA,DO-214AB
SI2365EDS,SOT-23JEDEC
LM2665M6,SOT-23_6
DMP4065S,SOT-23JEDEC
L-14CR18JV4T,0603-08
IIS2DLPC,LGA12-2x2x1 0P5 PP
LM5165YDRC,VSON10 3x3x1 0P5 PP
L78L33ACU,SOT-89JEDEC_SC-62
R0R2-0603,R0603-04
MCP1700T-3302EMB,SOT-89JEDEC_SC-62
LM2664M6,SOT-26
R30K9-0603,R0603-04
DMC2700UDM,SOT-23_6
R0R22-2512-3W,R2512-06
MCP9701AT-ETT,SOT-23JEDEC
R10R-0805-0W25,R0805-05
R11R-0603,R0603-04
R1R47-0603,R0603-04
R267K-0201,R0201-02
742841210,0402-05
L-14C18NJV4T,0603-08
TMP235A2DCK,SOT-323_SC-70_5
LMV321IDBV,SOT-23_5 PP
MLF1608A1R0MTD25,0603-05 LEMNT PP
L-14C82NJV4T,0603-08
LP2985-50DBV,SOT-23_5 PP
XBS053V13R-G,SOD323 PP DIODE
CMT2119AW-ESR,SOT-23_6
TSX-3225 26.0000MF10Z-B6,QZ3.2X2.5 0.7 standard PP
XCL202B331ER-G,DFN6 2.5x2x1 0P55 PP
DRV2605LYZFR,BGA9-1.47x1.47x.6 0P5 PP
TXB0108DQSR,UDFN8-5x6x.6 1P27 PP
MLG1005S3N9CT000,0402-05 LENT PP
XC6206P182MR-G,SOT-23JEDEC
XC6802A42XER-G,DFN6 1.8x2x.6 0P5 PP
EXB-28V220JX,0804
TPS78101DRV,WSON6 2x2x.75 0P65 PP
SN6501DBV,SOT-23_5 PP
NRF52840-QIAA-R,BGA73-7x7
ACASA1003S1003P,1206-05 PP RR
74479763210,0603-06 PP
R178K-0603,R0603-04
MT25QL128ABA1EW9-0SIT,WPDFN8-8x6x.93 1P27 PP
SMLP36RGB2W3R,SMLP39 LED6 MECA
SN74AVC4T245RGYR,VQFN16 4x3.5x.9 0P5 PP
CY7C68013A-56LTXI CLIENT,QFN56-0.5
TPS65070RSL,QFN48-6X6X0.85
TMS320C6748EZCEA3,NFBGA361-13x13x1.3 0P65 P
MT46H64M16LFBF-5-IT-B,VFBGA60-9x8x1.5 0P8 PP
TPS62230DRY,USON6 1.5x1x0.4 0P5 PP
PETIROC2A_208_T CLIENT,TQFP208-30x30x1.6 0P5 PP
NUP2125WT,SOT-323_SC-70
SI5345A-D-GM CLIENT,QFN64 9x9x0.9 P0.5
MMZ1608Y751BTA00,0603-05
SN74HC157PW,TSSOP16-0.65 PP
MBRM120,POWERMITE AUTO
NFM21CC222R1H3,0805-09 LENT
150141RB73100,LED4 - 2.8x3.5 1P4 150141
10AX027H3F34E2SG CLIENT,FBGA1152-35x35xX
FTSH-105-01-F-DV,FTSH-105-01-F- silouhette
01016D101KAT2A,01005x01 PP
BLM18KG700TN1D,0603-03 PP
R1K4-1206,R1206-05
R49R9-0402-25PPM,R0402-03
R680R-0805-0W5,0805-05
R68R-0805-0W5,0805-05
R866R-0805-0W5,0805-05
NFL21SP106X1C3D,0805-07 PP
ADP5301ACBZ,BGA9-1.9x1.6x.6 0P5 AUTO
MMBT2222A-7-F,SOT-23JEDEC
LQP15MN3N0B02D,0402-05 LENT PP
0402CS-1N8XJLU,0402-05 LENT PP
R604R-0603,0603-05
74477120,IND 12x12x6 74477110AUTO
SMAJ36CA-E3-61,SMA PP
LQW18AN3N0C80D,0603-09 PP
ADXL355BEZ,QFN14-5.8x6x2.2 1P27 8+6
LDBL20D-18R,LGA4 .5x.5x.2 LDBL20
LTC4010CFE,TSSOP16-0.65 PP
MAX30001CWV,WLP30-2.7x2.9x.6 0P5 PP
R4K02-0805-25PPM,R0805-05
CT10U-C-25V-10P-0R5,C TANTAL
FDC658P,SOT-26
USBLC6-2SC6,SOT-26
74AUP1G04GX4,TSSOP5 PP
CT10U-A-20V-10P-3R5,A TANTAL
XCS6LX16-3CSG225C,BGA225 13x13x1.2 0P8 PP
BZB84-B36,SOT-23JEDEC
NX3008PBKS,SOT-323_SC-70_6
R5R1-1206-25PPM,1206-05 LENT PP
RB160MM-60TF,SOD123Flat PP
SZNUP1105,SOT-23JEDEC
744771122,IND 12x12x6 74477110AUTO
74477110,IND 12x12x6 74477110AUTO
REF193GSZ,SO8 PP
TL071CD,SO8 PP
87438-0442 SILOUHETTE AUTO,87438-0442
87438-0442,87438-0442 FORME AUTO
AQV212S,SOP6 PP
MAX764ESA,SO8 PP
LFSPXO018039,QZ 7.5x5.2x1.4 4pins PP
LM1117MP-1.8,SOT-223JEDEC
VS-50WQ03FN,TO-252_DPAK PP OPTIQUE
0154002.DR,0154002.DR fusible AUTO
74HCT4053D,SO16 PP
74HCT112D,SO16 PP
MAX830CWE,SO16 10x10 PP
R332K-0603-25PPM,R0603-04
R33K2-0603-25PPM,R0603-04
3314G-1-204E,3314G-1 SO3
3314G-1-203E,3314G-1 SO3
OPA2277UA,SO8 PP
744053221,IND 5.8x5.8x2.8 2PAD6x2
CT10U-A-25V-20P-2R,A LENT PP
NCP163AFCT330,WLCSP4-.64x.64x.4 0P35 PP
PSMN8R3-40YS,LFPAK SOT669
NVTFS5C471NLWFTAG,WDFN8-3.30 X3.30
TSV912IQ2T,DFN8 2x2x.55 0P5 PP
LTC1487CS8,SO8
MMBT2907AW,SOT-323_SC-70
74279270,0402-09
LCMXO2-4000HC-4MG132C,BGA73-8x8 SOFTBANK
LM1117MP-3.3,SOT-223JEDEC
LT1173CS8,SO8 PP
LTM4613EV CLIENT,LGA133-15x15x4.3 1P27 PP
R5K1-0603-25PPM,0603-03 PP
PMEG6010CEH,SOD123Flat PP
ELL6RH8R2M,IND 6X6.45
R19K6-0201,R0201-02
R1K69-0603-25PPM,R0603-04
R324K-0201,R0201-02
R330R-0201,R0201-02
TLV62130RG,VQFN16 3x3x1 0.5P PP
DAC3161IRGC,QFN64 9x9x0.9 P0.5
AD9230BCPZ-210,QFN56-0.5 H PP
LTC6409IUDB,QFN10-3+2 2x3x.75 0P5 PP
M41T62LC6F,DFN8 3.2x1.5x.8 0P9 PP
A4919GETTR,QFN28-5x5x.9 0P5 PP
BLT5BPT680LN1 CLIENT,BLT58
MINISMDC150F-16-2,1813-3 PP fusible AUTO
R71R5-1206,1206-05
STM32F303RET6,LQFP64-0.50 LENT PP
IS43TR16256AL-125KBLI,BGA96 13x9x1.2 0P8 PP
LTM8023EY CLIENT,BGA50-11.2x9x3.4 1P27 PP
LTM8054EY CLIENT,BGA88-15x11.2x3.4 1P27 PP
LTM4613EV AP AUTO HORIBA,LGA133-15x15x2.8 1P27 PP
LTM4612EV CLIENT,LGA133-15x15x2.8 1P27 PP
LTM4613EV,LGA133 HORIBA LTM4613 AUT
LTM8023EY,BGA50-11.2x9x3.4 1P27 PP
LTM8054EY,BGA88-15x11.2x3.4 1P27 PP
XC7Z010-1CLG400I,BGA400-17x17x1.5 0P8 PP
R121K-0402,R0402-03
R300R-1206,R1206-05
R47K-0201,R0201-02
R8K66-0603-25PPM,0603-03 PP
S912ZVCAZ96F0MLF,LQFP48-7X7 AP AUTO
NCS2250SQ2T2G,SOT-323_SC-70_5
ERJ-B2CFR20V,0612-05
BZX84B5V1LFHT116,SOT-23JEDEC
SZMM5Z33V,SOD523 PP
FT232HQ-REEL MAUD BE,QFN38-9x9 AP AUTO MAUD BE
5CEBA9F23C8N AP AUTO MAUD BE,BGA MAUD BE AP AUTO
BC857B-7-F,SOT-23JEDEC
BC847B-7-F,SOT-23JEDEC
S1J,SMA PP
2N7002-7-F,SOT-23JEDEC
LAN8740AI-EN,QFN24-0.5H Z PP
OMA160SCLIENT,SO6-OMA160S PP
R10R-1206-0W75,R1206-05
LAN8740AI-EN PP AP AUTO,QFN32 5x5 AP AUTO LOCATS
PIC32MZ2048EFM100-I-PF,TQFP100-14x14 PP AP AUTO
NCU18XH103F6SRB,0603-05
OAA160SCLIENT,SSOP8- OAA ECLAIRQGE OPTI
R12K7-1206,R1206-05
R1K74-0805,R0805-05
R430K-0402,R0402-03
LQW15AN5N1B00D,0402-03 PP
MLZ1608A1R0WT,0603-03 PP
BC846BM1,DFN1006-3
NRVTS260ESF,SOD123Flat PP
THGBMNG5D1LBAIL,WFBGA-13x11 AP AUTO
IRLML6401PBF,SOT-23JEDEC
STM32F103C8T6,LQFP48- AP AUTO
BK1005HW601,0402-03 LEMTPP
MLZ2012M4R7W,0805-09 LENT
S25FL128-LAGNFIO10,WSON8 6x5x0.75 P1.27
AD9915BCPZ,LFCSP88 12x12x.85 0P5 PP
LT3042EDD,DFN-10 3x3x0.8 P0.5 PP
LT3045EDD,DFN-10 3x3x0.8 P0.5 PP
ADG731BCPZ,QFN48-0.5 PP
XC7S50-1CSGA324 CLIENT,BGA324-15x15x1.1 P0.8
BZX384-B30,SOD323 PP DIODE
R1K47-0603,R0603-04
PDTA114ET,SOT-23JEDEC PP LENT
R3R32-0603,R0603-04
R68K-1210-0W5,1210-06 LENT PP
R5R6-0603,0603-05
R47R-1210,R1210-06
R4R3-0805,R0805-05
MAX9646EBS-G45,BGA4-1x1x.62 0P5 PP
MLZ2012M100W,0805-09 LENT
MIC5219-3.3YML,VDFN6 2x2x0.75 0P75 PP
KPHHS-1005LVSECK-J3-PF,0402-05 LENT PP
XC6SLX25-2FTG256 CLIENT,BGA256-17x17x2.1 P1 PP
DS90UB941ASRTDTQ1,QFN64 9x9x0.9 P0.5
NCP163AFCT180,WLCSP4-.64x.64x.3 0P35 PP
SN74AHC1G09DBV,SOT-23_5 PP
FPF2165,MLP6 2x2x.65 AP AUTO
TPS54824RNV,VQFN-HR18
TPS7A1901DRB,DFN8 3x3x.8 0P65 PP
AR8151-BL1A-R,QFN40 5x5x.85 0P4 PP
LM25145RGY,VQFN20-4.5x3.5x1 0P5 PP
R5K1-0201,0201-03 PP
TDA18275HN-C1Y,QFN32-5x5x.9 0P5detrompNX
INA381A2IDSG,WSON8 2x2x.8 0P5 PP
LT8650SEV,QFN32-6x4x.9 0P5 PP
R6K81-0402,0402-03 LEMTPP
R26K7-0201,R0201-02
R390K-0201,R0201-02
R41K2-0402,R0402-03
R6K8-0201,R0201-02
TS332IQ2T,DFN8 2x2x.55 0P5 PP
R9K31-0603-25PPM,0603-05
HMC547LP3E CLIENT,QFN16-0.5 PP
XC7Z020-1CLG484C,BGA484-19x19x17 0P8 PP
TLV75801PDRV,DFN6 2x2x.65 0P65 PP
CAT24C512WI-GT3,SOIC8 PP
netX90 CLIENT,LFBGA144 10x10x1 P0.8
R75K-0201,0201-03
LMH6514SQ,WQFN16 4x4x.8 0P5 PP
R107R-0402,R0402-03
R750R-0201,0201-03 PP
R8K66-0402,0402-03 LEMTPP
NFM21PC105B1A3D,0805-07 PP
LQM21PN2R2MGSD,0805-05 LENT PP
R43K-0201,R0201-02
R113R-0402,R0402-03
R1K54-0402,R0402-03
R261K-0603-25PPM,R0603-04
R280K-0603-25PPM,R0603-04
R294K-0603-25PPM,R0603-04
R3K16-0603-25PPM,R0603-04
R3K9-0402-25PPM,R0402-03
R54K9-0402,R0402-03
LT8607EDC,DFN8 2x2x.75 0P45 PP
S3M,DO-214AB PP
SM4T12CAY,SMA PP
R82R5-0402,0402-03 LEMTPP
R5K-0805,0805-05 LENT PP
TPS82740BSIP,BGA9 2.3x2.9 0P8 module P
BQ24040DSQ,WSON10-2x2x.75 0P4 PP
NCP163AFCT280,WLCSP4-.64x.64x.3 0P35 PP
ATMEGA8-16AUR,LQFP32-0.80 PP
ME910C1-E2 CLIENT,MELF3514-A12
AT25SF321-MHD,UDFN8-5x6x.6 1P27 PP
STM32H750VBT6,LQFP100-0.50 PP
TMP102AIDRL NICOMATIC,SOT-563 PP
LQW15ANR12J00D,0402-05 LENT PP PLATEAU
NX3008CBKV,SOT-666 PP PLATEAU
IS42S16400J-7BLI,BGA54-8x8-0.95
W25Q32JVZPIQ,WSON8 5x6x.75 1P27
PIC16F1947-E-PT,TQFP64-0.50
R33R-1206-0W5,R1206-05
R150K-2010,R2010-06
R24K-1206,R1206-05
R30R-1206,R1206-05
R590R-0402,R0402-03
LQP03TN47NJ02,0201-03 PP PLATEAU
NCP163AFCT160,WLCSP4-.64x.64x.3 0P35 PP
NCP163AFCT120,WLCSP4-.64x.64x.3 0P35 PP
CT47U-A-6V3-10P-1R6,A LENT PP
LQW18ANR12J00D,0603-08 LEMT PP
LQM18PN2R2MGHD,0603-06 PP
BZX585-C15,SOD523 PP
NFM41CC102R2A3L,1806-09 PP
BZX84C12VL,SOT-23JEDEC
SN65LVCP22PW,TSSOP16-0.65 PP
LQM21PN2R2NGCD,0805-09 LENT
742792656,0603-07 PP
LS103A,SOD 80 PP
2N7002L,SOT-23JEDEC
KSZ9031RNXIA,QFN48-7x7x0.6 PP
MCP16311T-E-MNY,DFN8-2x3x.55 0P5 PP
R51K-0603-25PPM,R0603-04
R3K65-0603-25PPM,R0603-04
R1K87-0603,R0603-04
R432R-0603,R0603-04
R54R9-0603,R0603-04
R4K7-0402-25PPM,R0402-03
USB2513B-AEZG,QFN36 6x6x1 0P5 PP
MT41K128M16JT-107-IT,BGA96 14x8x1.1 0P8 PP
SGTL5000XNAA3R2,QFN32 5x5xH 0P5 PP
MMPF0100F0ANES,QFN56-0.5 H PP
MCIMX6U7CVM08AC,BGA625-21x21x1.5 0P8 PP
PESD24VS2UAT,SOT-23JEDEC
STM32F031G6U6,QFN28-4x4x.6 0P5 PP AUTO
FDV303N,SOT-23JEDEC
NTR4101P,SOT-23JEDEC
DLPC350ZFF,BGA419-23x23x2.4 0P5 PP
EZ6301QI,QFN40-4x7x1.8 0P5 PP
MT28EW128ABA1HPC-0SIT,BGA64-13x11x1.3 1P0 PP
EN5319QI,QFN24-4x6x1.1 0P65 PP
TPD2E001DRYR,USON6 1.5x1x0.4 0P5 PP
R499R-0603-15PPM,R0603-04
R12R-0402,R0402-03
R160K-0603-25PPM,R0603-04
R1K54-0603-25PPM,R0603-04
R20R-0201,R0201-02
R29K4-0603-25PPM,R0603-04
R2K2-0603-25PPPM,R0603-04
R348K-0402,R0402-03
R5K76-0603-10PPM,0603-05
MMBT6427,SOT-23JEDEC
NFM3DCC223R1H3L,1206-08 PP
SN74LVC1G125DRYR,SON6-1.45x1x.6 0P5 PP
SI2308BDS-T1-GE3,SOT-23JEDEC
MMBD4148,SOT-23JEDEC
TLC2272CPW,TSSOP8 PP
MI0603J680R-10,0603-07 PP
FDS6982,SOIC8 PP
R8K06-0805-25PPM CLIENT,0805-05 LENT PP
CD4052BM96G3,SOIC16 D PP
MAX5417META,DFN8 3x3x.8 0P65 PP
MMBT2907AM3,SOT-723 PP
LT1964EDD,WSON8 3x3x.75 0P5 PP
ADG1433YCPZ,QFN16 4x4x075 P065 PP
LF353D,SOIC8 PP
LTA67C-S2U1-35-Z CLIENT,LED2-CUBE-4x4x3.8 2P54 PP
PIC18F67K22-I-PT,TQFP64-0.50
XC6SLX16-2CSG324C CLIENT,BGA324-15x15x1.1 P0.8
R19K6-0603,R0603-04
AD5424YCPZ,LFCSP20-4x4x.75 0P5 PP
CD4051BM,SOIC16 D PP
LP2985-33DBV,SOT-23_5 PP
AT89C51ED2-RLTUM,LQFP44-12x12x1.6 0P8 PP
29F010,PLCC32
74HC4040D,SOIC16 D PP
CD74HC00M96,SO14
CT10U-C-25V-10P-1R5,C
TL082ID,SOIC8 PP
SN74HC164D,SO14
SN74HCU04D,SO14
NFP0QSB132HL2,IND4-.65x.5 0P45 NFP0QS
SN74AHC1G125DCK,SOT-323_SC-70_5
LD6815TD-12H CLIENT,SOT-23_5 PP
CAT16-1002-F4-LF,1206-05 PP RR
D3V3 CREAL3D,UDFN9-3.8x1x0.55 PP AUTO
KP-1608PBC-A,0603L PP
DSS4140U,SOT-323_SC-70
LM1117MP,SOT-223JEDEC
LTA67C-S2U1-35-Z,LED2-CUBE-4x4x3.8 2P54 PP
LYA67K-J2M1-26,LED2-CUBE-4x4x3.8 2P54 PP
R38K3-0402,R0402-03
SN74LVC1G07DCK,SOT-323_SC-70_5
KPT-2012CGCK,0805-07 PP LENT
PTVS4V5D1BLYL,DFN1006-2 PP
PS2811-4-A,SOIC16 D PP
R680R-2512-1W5,2512-06
BLM18SG700TN1D,0603-05
5CEBA9F23C8N,LBGA484 23x23x1.7 1P0 PP
AD8000YRDZ,SO8 PP
TLV70233DBV,SOT-23_5 PP
B82432C1105K000,SIMID-1812-C
ADL5562ACPZ,QFN16 3x3x075 0P5 PP
VEMD2000X01,LED inverse 2.3x2.3x1.65
BLM18HE152SN1D,0603-06 PP
LTC2325-15-1 CLIENT,QFN52-8x7x.75 0P5 PP
Citiroc1A-BGA353-6 CLIENT,BGA353-12x12x1.2 0P5 PP
R200R-0603-25PPM,R0603-04
BGA616H6327XTSA1,SOT-343 PP
R110K-0402-25PPM,R0402-03
USBLC6-4SC6,SOT-26
R1K6-0603-25PPM,R0603-04
R38R3-0603-25PPM,R0603-04
R46R4-0402,R0402-03
R200K-0603-25PPM,R0603-04
HMC5883L CLIENT,LGA16-3x3x1 QFN 0P5PPAUT+
NTR5105P,SOT-23JEDEC
BKH1005LM182,0402-05 LENT PP
NLFV32T-102K-EF,1210-06
SRR7045-102M,IND 7x7x4.5 SSR70 PP
SMP04ESZ,SO16 PP
NFE31PT152Z1E9L,NFE31 AUTO
LT3571EUD,QFN16 3x3x075 0P5 PP
DMN10H120SE-13,SOT-223JEDEC
BLM21AG221SN1D,0805-09 PP
74LVC2G34GM,XSON6-1.45x1x.5 0P6 PP
OPA625IDBV,SOT-23_6
OPA365AIDBV,SOT-23_5 PP
TFP401AMPZPEP,TQFP100-0.50
74FCT38075SCMGI,DFN8 2x2x.55 0P5 PP
R78R7-0603-25PPM,0603-03 PP
LT3012EDE,DFN-12-4x3x.75 0P5 PP
CY7C1012AV33-10BGI CLIENT,BGA119-22x14x2.4 1P27 PP
R0R2-0805,R0805-05
XC7A200T-1FBG676I,BGA676-26x26-1.0
R0R75-2010-1W,R2010-06
R47R5-0402,R0402-03
CDCLVD2102RGT,QFN16 3x3x.9 0P5 PP
EP4CE15F23I7,FBGA484-23x23x3.2 1P0 PP
CDCLVD1204RGT,QFN16 3x3x.9 0P5 PP
NRVTS560EMFS,V8KM60DUHM3
NVTFS5C466NL,IPZ40
NVTFS5C466NLWF,IPZ40
MT25QL512ABB1EW9-0SIT,WSON8 6x8x.75 1P27
HMC787ALC3B CLIENT,QFN12 3x3x.8 0P5 PP HMC
HMC773LC3B CLIENT,QFN12 3x3x.8 0P5 PP HMC
ADRF5730BCCZN CLIENT,QFN24-4x4x.75 0P5 PP ADR
NFP0Q attention au sens,IND4-.65x.5 0P45 NFP0QS
ATL431AIDBZ,SOT-23JEDEC
BZX584C3V0,SOD523 PP
IRFS4227,D2PAK
R137R-0603,R0603-04
R36K-0402-25PPM,R0402-03
R13K-0402-25PPM,R0402-03
R162R-0402,R0402-03
R187R-0603,R0603-04
R25K-0805-25PPM,R0805-05
R464R-0402,R0402-03
OPA2197IDGK,VSSOP8 DGK PP
BC817DPN,SOT-23_6
STD20NF20,TO-252_DPAK
SFH6156-2,SO4-4.7x9.7x3.7 2P54 Vish
SN74HC574PW,TSSOP20-0.65 PP
ABM10AIG-25.000MHZ-4Z-T3,QZ 3.2x2.5x0.7 PP
1N4148WL2-TP,DFN1006-2 PP
0ZCM0020FF2G,0603-06 PP
ADM4852ACPZ,DFN8-3x3x.75 0P5 PP
STM32G473RET6,LQFP64-0.50
TPC816S1BRAG,SO4 5X9.5-3.75 Z PP
HD64F2398F20W,FQFP128-38x26-0.50
DSPIC33EP512MC806-I-PT,TQFP64-0.50 A23 PP
M12L64164A-5BIG2C,BGA54-8x8-0.95
VSC8541XMV-04,QFN68-8x8x.85 0P4 PP
W971GG6SB18J,BGA84 12.5x8x1.2 0P8 PP
PMEG2005EH,SOD123
HSMY-C170,0805-LED
SN74LV1T34DBV,SOT-23_5 PP
R0R33-0603,R0603-04
R100R-2512,R2512-06
R100R-2512-1W5,R2512-06
CD4066BPW,TSSOP14
ACURN102-HF,1206-09 PP ACURN
v23079D2011B301,RELAIS8ASYM 14.5x7.2x10.4
BCX53-16,SOT-89JEDEC_SC-62
MCP1415T-E/OT,SOT-23_5 PP
NCP708MU330TAG,DFN6 3x3x.9 P95 PP
DZ2J300M0L,SOD323 PP DIODE
ACM2012H-900-2P,IND4-1.2x2x1.2 0P85 PP
VL53L1CXV0FY1,LGA14-4.8x2.4 0P8 PP
SS54,DO-214AB PP
BAS70-04W,SOT-323_SC-70
DF5A6.2CJELM,SOT-553 PP DF5A6
BZX84C27V,SOT-23JEDEC
R6K65-0402-25PPM,0402-03 PP
MMSZ5264B,SOD123
0ZCJ0010FF2E,1206-08 PP
PIC12F1501-I/MS,MSOP8 PP
L78L05ACUTR,SOT-89-B1JEDEC
LM317LIPK,SOT-89-B1JEDEC
R10R-0805-25PPM,R0805-05
BT168GW,SOT-223JEDEC
R110R-0402-25PPM,R0402-03
R150K-0402-25PPM,R0402-03
R25K5-0603-25PPM,R0603-04
AD8280WASTZ,LQFP48-0.50 PP
SMAJ33CA,SMA PP
BKP2125HS600,0805-07 PP
DZ2S056M0L,SOD523 PP
AD7280ABSTZ,LQFP48-0.50 PP
SMCJ54CA,DO-214AB PP
RM44L920APGET,LQFP144-0.50
R66K5-0603-25PPM,0603-03 PP
BZX384-C18,SOD323 PP DIODE
BZX84C51,SOT-23JEDEC
DXT2222A,SOT-89-B1JEDEC
0ZCF0050FF2C,2920 PP
R22R-1210-0W75,R1210-06
R220K-1206,R1206-05
R1R1-1206,R1206-05
R127R-0603,R0603-04
R13K7-0402,R0402-03
R20K-0402-25PPM,R0402-03
R30K1-0402-25PPM,R0402-03
R390R-0402-25PPM,R0402-03
R4K99-0402-25PPM,R0402-03
R11K-1206,R1206-05
STM32F439ZGT6,LQFP144-0.50
SRN3015TA-100M,IND 3x3 PP SNR3015
NRVVBSS14HE,SOD323HE PP DIODE
TPS62808YKA,DSBGA6-1.05x0.7x.4 0P35 P
LQP03HQ4N7J02D,0201-018 PP
MX25R8035FZUIL0,USON8-2x3x.55 0P5 PP
DESD5V0S1BB,SOD523 PP
BQ27441-DRZT-G1,SON12-2.5x4x.9 0P4 PP
MCP23008T-EML,QFN20 4x4x.9 0P5 PP
NXQ1TXH5-101J,VQFN32 5x5x.85 0P5 MARK1
SR4W035,LGA6-6x4x.4 0Pn PP
TC58CVG2S0HRAIG CLIENT,WSON8 8x6x0.75 P1.27
BM1422AGMV-ZE2,LGA10-2x2x1 0P45
LAN8742Ai-CZ,QFN24 4x4x1 P0.5 PP
MAX17521ATG,QFN24-5x4x.75 0P5 PP
FDN327N,SOT-23JEDEC
R133K-0402-25PPM,R0402-03
ESD5Z6.0,SOD523 PP
ERT-J1VR103J,0603-06 PP
R18K2-0603-25PPM,R0603-04
R196R-0402-25PPM,R0402-03
74279261,0603-05
1PS76SB10,SOD323 PP DIODE
LTST-S110KRKT,LED COUCHER Z PP AUTO
BC857BW,SOT-323_SC-70
LQP03TN1N9B02D,0201-018 PP
PMV27UPER,SOT-23JEDEC
BAS316Z,SOD323 PP DIODE
BZX384-B5V1,SOD323 PP DIODE
TLV320ADC3101IRGE,VQFN24 4x4x.9 0P5 PP
0603HP-R36XGLU,0603-09 PP
BYG23M-E3,SMA PP
OPA188AID,SOIC8 PP
BGM13S22F512GA-V2,MODULE LGA BGM13S22
SL22-E3-52T,SMB
SKY65367-11,MCM16 PP
BAV23CQ,SOT-23JEDEC
IRFR4620,TO-252_DPAK
LMZM23601V5SIL,LMZM23601V5SIL Module PP
UCC28704DBV,SOT-26(5)
R18K-2512-1W,R2512-06
R470R-1210-0W5,R1210-06
R4R7-2512-1W5,R2512-06
SML-D12V1WT86,0603-05 LENT PP
LQM18NN2R2K00D,0603-09 PP
TPS7A8300RGW,QFN20-5x5x.9 0P65 PP
5988510207F,LED COUCHER Z PP AUTO
ADL5375-05ACPZ,QFN24-4x4x.75 0P5 PP
744053220,IND 5.8x5.8x2.8 2PAD6x2
M310220,1106 x1 ant M310220 PP
BD1631J50100AHF CLIENT,DFN6 2x1.3x.7 0P65 PP
NTCG104EF104FTDSX,0402-05 LENT PP
MCP1700T-3302E-TT,SOT-23JEDEC
Q22FA1280002511,QZ 2X1.6 x.5 PP
SRP1265A-6R8M,IND2 12.5x13.5x6.2 PP
LP0BA0790A7TR250,LP0BA QZ BGA PP
MCP1826S-5002EDB,SOT-223JEDEC
LTV-817S,SO4-6.5x10.16x3.5 2P54 PP
MAX3483ECSA,SOIC8 PP
AD8045ARDZ,SOIC8-N 5x4x1.5 1P27
TOP265KG,SO11 10.2x11.7 1P78 PP
MCP16312T-E-MNY,DFN8-2x3x.55 0P5 PP
74404020100,IND 2x1.6x1 PP
LT1512IS8,SO8 PP
R16R5-0603,R0603-04
7M-27.120MEEQ-T,QZ 3.2x2.5x0.7 PP
LQW15AN9N1G00D,0402-05 LENT PP
LM2940IMP-9.0,SOT-223JEDEC
LQW15AN8N2J00D,0402-05 LENT PP PLATEAU
LQW15AN20NJ00D,0402-05 LENT PP PLATEAU
BAT54Z,SOD123
STM6519APAAUB6F,DFN6 1x1.5-0.5 PP
74279220601,0805-09 PP
MP26029GQ-0019 CLIENT,DFN-10 3x3x0.8 P0.5 PP
EFR32FG13P231F512GM48-C,QFN48-7x7x0.8 0P5 PP
SN74AVC2T245RSW,QFN10-2P+3P 1.3X1.8-0.5PP
BAS70-05,SOT-23JEDEC
ATECC608A-MAHDA-S,UFDFPN8 3x2x.55 0P5 PP
MP2322GQH CLIENT,DFN8-2x1.5x.85 0P5 PP
MMBT2222AT,SOT-523 JEDEC-DIODE.COM
ME910C1N002T0V2000 CLIENT,BGA225-28x28x2.1 1P8 PP
ISL29023IROZ-T7,DFN6 2x2.1x.75 0P65 AUTO
L76-M33,MODULE 10x9.7x2.5 L76-M33
LBEE5KL1DX-883,LGA46- 7x5 Pad latter PP
NC7SZ08P5X,SOT-323_SC-70_5
LTST-020ZGL,LED COUCHER LTST PP
LTST-020QRL,LED COUCHER LTST PP
STM32L476QGI6,BGA132-7x7x.6 0P5 PP
MIC94044YFL,DFN4 1.2x1.2x.75 0P85 PP
HSMA-C280,0402-05 LENT PP
CY8C4127LQI-BL473,QFN56-7x7x.85 0P4 PP
LEDB-0603,0603-09 LENT PP
NEO-M8U,MODULE 16x12x2.4 NEO-M8U
SN74LVC3G06DCU,VSSOP8 DCU PP
MC78M15BDTG,DPAK
AD7625BCPZ,QFN32 5x5x08 0P5 PP
BSZ096N10LS5,TSDSON8 FORME AUTO
AD9231BCPZ,QFN64-9x9x.85 0P5 PP
DAC2902Y1K,TQFP48-0.50
88E1510-A0-NNB2I000,QFN48-0.5 PP
LTC4331IUFD,QFN20 5x4x.75 0P5 PP
MAX13487EESA,SO8 PP
R100R-2512-3W,R2512-06
SN74LVC1G08DCK,SOT-323_SC-70_5
R20K-0603-10PPM,R0603-04
SN74LVC2G08DCU,VSSOP8 DCU PP
LTST-020TBKT,LED COUCHER LTST PP
LQW15AN3N3C80D,0402-05
R182R-0603,R0603-04
NFM18PC225B0J3D,0603-07 PP
MBT3946DW1,SOT-323_SC-70_6
TLP185-GB,SO4-3.6x7x2.1x2P54 PP
VS-10BQ060,SMB PP
DMN6140L,SOT-23JEDEC
SMBJ30A-E3-52,SMB PP
T495X477K010ZTE100,X TANTAL
744045210,IND 4.5x3.2x2.6 74404 PP
BGT24LTR11N16 CLIENT,LGA16-2.4x2.4x.7 0P5 PP
LQP03TNR10J02,0201-03 PP PLATEAU
STMPS2141S,SOT-23_5 PP
ULR1-R007FT2,2512-06
R24K9-0603-10PPM,R0603-04
74HC08D,SO14
microSMD035F-2,microSMD
2N7002E,SOT-23JEDEC
R6K49-0603-25PPM,R0603-04
EP3C16Q240C8,FQFP240-0.50
dsPIC33EP512MU810-IPT,TQFP100-0.40
R267K-0603-25PPM,R0603-04
R280K-0402,R0402-03
R4R75-1206,R1206-05
KAAF-3529-JC101 CLIENT,KAAF-3529 MECA TEST PP
DLP11TB800UL2L,IND4-1x1.25x.3 0P55 PP
2N7002K-T1-E3,SOT-23JEDEC
DS90UB941ASRTD,QFN64 9x9x0.9 P0.5
TCJA106M016R0200,A LENT PP
MP3309AGQ,DFN-10 3x3x0.8 P0.5 PP
LQW15AN5N1B00D CLIENT,0402-05 LENT PP
C10U-1206-16V-10P CLIENT,1206-08 PP
LQP15MN3N9B02D,0402-03
CBMF1608T100K,0603-05 LEMNT PP
TAJA475K020RNJ,A LENT PP
IRLML5103,SOT-23JEDEC
R20R-0603-25PPM,R0603-04
IRLML9301,SOT-23JEDEC
TMP05AKSZ,SOT-323_SC-70_5
R3M-0402,R0402-03
TPS73233DBV,SOT-23_5 PP
IRLML6402TRPBF,SOT-23JEDEC
TDA8035HNC1,QFN32 5x5x09 0P5 PP
LQG15HS2N0C02D,0402-03
MT29F2G08ABAEAH4:E,BGA63-11x9x1 0P8 PP
PN5180A0HNC3Y,QFN40-0.5
ATSAMA5D31A-CUR,BGA324-15x15x1.1 P0.8
MT46H16M32LFB5-6 ITC,VFBGA90-13x8x1 0P8 PP
FMMT618TA,SOT-23JEDEC
TPS7A8500RGR,QFN20-3.5x3.5x.9 0P5 PP
DS10BR254TSQ,QFN40-0.5
SN74LVT244BRGY,VQFN20-4.5x3.5x1 0P5 PP
SN74LVT16244BZQL,BGA56-7x4.5x1 0P65 PP
DS600U,VSSOP8
LQP15MN6N8B02D,0402-03
MX25L6433FM2I,SOP8 PP 200mil
ESD7016MUTAG,ESD7016MUTAG TK 8 AUTO
dsPIC33FJ128MC710-IPF,TQFP100-0.50 PP
LQG15HS3N3C02D,0402-05
BC847BDW1,SOT-323_SC-70_6
SN74LVC1G125DBV,SOT-23_5 PP
R47K-0603-5P ALPES DEIS,R0603-04
LTST-C195KGJRKT,LED4 1.5x1.6 LTST-C195 PP
SN74LV32ARGYR,QFN14- 3.5X3.5 PL 4+10PIN
MX25L6433FZ2I,WSON8 8x6x0.75 P1.27
BAS40W-04,SOT-323_SC-70
MX25L6433FZNI,WSON8 6x5x0.75 P1.27
SN74LVC74ARGYR,QFN14- 3.5X3.5 PL 4+10PIN
SN74LVC04ARGYR,QFN14- 3.5X3.5 PL 4+10PIN
TS5A23157RSER,UQFN10 2x1.5x.6 0P5 PPLAT
742792796,0402-05 LENT PP
CRR03-A1,SPST-NO FRONT PANEL
DFE201208S-1R5M-P2,0805-05
D3V3X8U9LP3810-7,UDFN9-3.8x1x0.55 PP AUTO1
NTS4409N,SOT-323_SC-70
MSD7R4DZ1-IC1-NA0A CLIENT,BGA160 MSD7R4DZ1-IC1 AUTO
AD8620ARZ,SOIC8 PP
AD5433YRUZ,TSSOP20-0.65 PP
LM337IMPX/NOPB,SOT-223JEDEC
BSS138W,SOT-323_SC-70
R464K-0402,R0402-03
R220R-0805-25PPM,R0805-05
R1M21-0402,R0402-03
LTST-C191KGKT,0603-05
2450FM07A0029,0402-05
T491A106M020AT,A
R5R1-0201,0201-03 PP PLATEAU
R76K8-0402-25PPM,0402-05 LENT PP
LTST-C191KRKT,0603-05 LEMNT PP
R90R9-1206,1206-05
ASEMB-24.000MHZ-LC-T,QZ 3.2x2.5x0.7 PP
SN7406D,SO14
CX3225SB32000D0FFFCC,QZ3.2X2.5 0.7 standard PP
2450AT42E010BE,ANT4-5X2X1.5 PP
ABS07-32.768kHz-9-T,ABS07 PP
S3D-E3,SMC 403AC PP
C100N-0402-50V-10P-ITANCIA,0402-03 LENT Z PP
C100N-0603-25V-10P-ITANCIA,0603-08 Z LENT PP
GG0402050R3C2P,0402-05
MCP1700T-1802E-TT,SOT-23JEDEC
SN74AHC16541DGGR,TSSOP48-0.50-BW:6.1
LT1963EST-3.3,SOT-223JEDEC
PIC32MZ2048EFH144-IPH,TQFP144-16x16x1 0P4 PP
STPS0560Z,SOD123
R16K9-0402-25PPM,R0402-03
TAJB226K020RNJ,B TANTAL
LQG15HN2N2S02D,0402-05
SIA527DJ,DFN6 2x2x.65 0P65 PP
L0603B100KPWF,0603-08
Si1012CR,SOT-323_SC-75A PP
BKP1608HS121,0603-08
BZT52H-C5V1,SOD123Flat PP
BQ51050BRHL,DFN20 3.5X4.5-0.9 16+4 PP
S25FL064LABNFI043,USON8-4x4x.55 0P8 PP
LQG15HN4N7S02D,0402-05
0402ESDA-MLP1,0402-05
HDC1080DMB,WSON6 3X3x0.8 1P0 HDC1080
2N7002H6327XTSA2,SOT-23JEDEC
L3GD20HT,QFN16-5P+3P 3X3 MECA PP
HDC2080DMBR,WSON6 3X3x0.8 1P0 HDC1080
RClamp0503N,DFN6 1x1.5-0.5 PP
SR4L049-L,ANT7-23x8 SR4L049-L AUTO
MCP1711T-22IOT,SOT-23_5 PP
LQG15HN3N3S02D,0402-05
MCP1711T-30IOT,SOT-23_5 PP
APBD3224LSURKCGKC,LED4 2.4x3.2x2.4 1P4 AUTO
APHF1608LSEEQBDZGKC,LED4 0603 APHF PP
DMG1012UW,SOT-323_SC-70
TXB0104PW,TSSOP14
AB0805-T3,VQFN16 3x3x1 0.5P PP
AT25DF256-XMHN-T,TSSOP8 PP
EFR32MG21A010F1024IM32-B,QFN32-0.45 PP
SN74AUP1T34DCKR,SOT-323_SC-70_5
SI2301BDS,SOT-23JEDEC
PC357NJ0000F,SO4-3.6x7x2.1x2P54 PP
KPJA-2107CGCK,LED Couchée KPJA-2017 PP
NTCS0805E3473FH,0805-09 PP
LQG15HS9N1J02D,0402-05
ADE7953ACPZ,QFN28-5x5x.9 0P5 PP
ISM330DHCX,LGA14-3X2.5-0.85 PP
EMMY-W161-00B-00 CLIENT,MODULE NAVOCAP
MCHVR03FTEX3303,0603-05
TCA9509RVH,QFN 2+6 1.6x1.6x.5 AUTO
RP73D1J1K0BTDG,0603-05
ABS07-120-32.768KHZ-T,ABS07 PP AUTO
LM78L05ACM,SOIC8 PP
TXS02612RTW,VQFN24 4x4x.75 0P5 PP
1SS355VM,SOD323F
74279218,1206-12 PP
MMSZ5252B,SOD123
MM02-LDS-EU CLIENT,SOD323 PP DIODE
UCLAMP0571P,DFN2-1x1.6x.5 1P1 PP
DRV8662RGPT,QFN20 4x4x075 0P75 PP
R60K4-0603-25PPM,0603-05
SMAJ300CA,SMA PP
R620K-0603-25PPM,0603-05 LEMNT PP
R64R9-0603,0603-03 PP
BLE652-SA-01,MODULE LOCATIS
LT1965EDD,DFN8 3x3x.8 0P5 PP
SY89847UMG,QFN32 5x5x08 0P5 PP
LTC3025EDC-1,DFN6 2x2x.75 0P5 PP
SZ1SMA70CA,SMA PP
R121K-0603-25PPM,R0603-04
R5K6-0603-25PPM,R0603-04
PIC18F1320-I/SS,SSOP20 PP
R120K-0603-25PPM,R0603-04
R158K-0603-25PPM,R0603-04
R1R-0603-50PPM,R0603-04
R13R-0603,R0603-04
R22R1-0603-25PPM,R0603-04
R402K-0603-25PPM,R0603-04
R56M-0603,R0603-04
LTC2634IUD-LZ12,QFN16 3x3x.7 0P5 PP
TPA2013D1RGP,QFN20 4x4x.9 0P5 PP
24AA64T-I/MC,DFN8-2x3x.55 0P5 PP
TV02W5V0-G,SOD123
R7FS3A37A3A01CFM-AA0,LQFP64-0.50 LENT PP
LQW18AN6N8D00D,0603-06 PP
LQG15HN8N2J02D,0402-05 LENT PP
PN5180A0HNC2Y,HVQFN40 6x6x.85 P0.5 PP
B39871B3717U410,DFN6 B3717 PP Pin1-long
BC817-40W,SOT-323_SC-70
ABM3B-12.800MHZ-10-1-U-T,QZ 5X3.2 PP
LQG15HNR10J02D,0402-05
MRF89XAT-IMQ,QFN32 5x5x08 0P5 PP
W25X40CLUXIG,USON8-2x3x.55 0P5 PP
R130K-0402-25PPM,R0402-03
R665K-0402,0402-03
PIC16LF1829-IML,QFN20 4x4x075 0P75 PP
PIC32MM0256GPM028T-IML,QFN28-6x6x.9 0P65 PP
RB521S30,SOD523 PP
R1K96-0402-25PPM,R0402-03
R470R-0402-25PPM,R0402-03
R93K1-0603-25PPM,0603-05
FBMH4532HM681,1812-32 PP
DDZ5V1B,SOD123
PTVS6V0S1UR,SOD123W PP
STM32L011G4U6,UFQFN28 4x4x.55 0P5 AUTO
LG Y870-J2M1-1,LED LG Y876 PP
MM3Z12VT1G,SOD323 PP DIODE
DRV8353RSRGZ,QFN48-0.5 PP
PDZVTFTR2.4B,SOD128 PP
MA780GQ-Z,QFN16 3x3x.7 0P5 PP
LQW2BASR47J00,IND2 2.1x1.5x1.4 PP LQW2
MMSZ5232BS,SOD323 PP DIODE
NST3946DP6T5G,SOT-963 PP
LO Y876-R2T1-24,LED LG Y876 PP
ENC424J600-IML,QFN44-0.65
ES2DA,SMA PP
R12K4-0805,R0805-05
STM32G474RET6,LQFP64-0.50
LQW18AN12NG00D,0603-09 PP
LY Y876-Q2T1-26,LED LG Y876 PP
CDSOT23-T24CAN,SOT-23JEDEC
BSS123N,SOT-23JEDEC
R3K6-0805,R0805-05
74HC05D,SO14
TLP291(BL,SO4-2.6x7x2.1x1P27 PP
STM32F072C8T6,LQFP48-0.50 PP
MC14011BDG,SO14
TL081CD,SOIC8 PP
DS90LV001TM,SOIC8 PP
CSTCR4M00G53,QZ-3 CSTCR PP
OPA244NA,SOT-23_5 PP
R5K76-0603-25PPM,0603-05
TPS3700DDC,SOT-23_6
AD5160BRJ10,SOT-23_8 PP
MFB-321611-0120PW,1206-09 PP
R499R-1206,R1206-05
SMBJ75CA,SMB LENT PP
LM311D,SOIC8 PP
PIC16LF873A-ISS,SSOP28-0.65-BW:6.1
LS Y876-P2S1-1,LED LG Y876 PP
R47K-0603-5P,R0603-04
R15K4-0603-25PPM,R0603-04
PLVA650A,SOT-23JEDEC
R2K15-0402,R0402-03
CT10U-D-25V-10P-1R,D TANTAL
VO615A-X017T,SO4-6.5x10.16x3.5 2P54 PP
SN65LVDS1DBV,SOT-23_5 PP
0805USB-902ML,0805-16 PP AUTO2
R78K7-0402,0402-03
SN74AVC4T774RGY,QFN16 12+4 3.5x4x.9 RGY P
TPS2420RSA,QFN16 4x4x075 P065 PP
BZX84-C6V2,SOT-23JEDEC
TPS62172DSG,WSON8 2x2x.8 0P5 PP
AR8151-B CLIENT,QFN40-0.4
BAT54HT1G,SOD323 PP DIODE
B1100-13-F,SMA PP
TPS7A4701RGW,QFN20-5x5x.9 0P65 PP
STM32F303C8T6,LQFP48-0.50
BLM21SP700SN1D,0805-09 PP
FT601Q-B,QFN76-9x9xH 0P4 PP
SN65LVDS2DBV,SOT-23_5 PP
GO10SMS CLIENT,SOIC16 GOSMS ILL PP
GO10SME CLIENT,SOIC8 PP
LCMXO2-1200HC-4SG32I,QFN32 5x5x09 0P5 PP
R100K-2512-2W,R2512-06
R487R-0603,R0603-04
R48K7-0402-25PPM,R0402-03
B57321V2103J060,0603-05
TLV1701AIDBV,SOT-23_5 PP
TPS22918DBV,SOT-23_6
FR011L5J,MLP6 2x2x.65 0P65 PP
EEEHC1H1R0R,ALUB PP
DSC6001HI2B-012.0000,VFLGA4 1.6x1.2x.4 PP DSC6
MCP2562-EMF,DFN8 3x3x.8 0P65 PP
MLX90393-ELW-ABA-011-RE,QFN16 3x3x.9 0P5 PP
LTC2862AHDD-2,DFN8 3x3x.8 0P5 PP
R5F5631PFDLH,LGA64-6x6x1 0P65 PP
STSPIN840,QFN24 4x4x1 P0.5 PP
DTC115EM3,SOT-723 PP AP AUTO
ECHU1C104GX5,1210-20 PP
R5K9-0805-25PPM,0805-05
R6K2-0805-25PM,0805-05
SN74LVC1G04DCK,SOT-323_SC-70_5
ADG611YRUZ,TSSOP16-0.65 PP
R24R-1206,R1206-05
MMSZ4678,SOD123
R1K18-0805-25PPM,R0805-05
R24K-0805-25PPM,R0805-05
R470R-2512-2W,R2512-06
R26K7-0402,R0402-03
R68R-0402,R0402-03
T520B227M006ATE045,B PP
LEDG-0402,0402-09 PLATEAU
R910K-0201,0201-018 PP
MAX3108EWA,WLP25-2.1x2.1x.6 0P4 PP
STM32WB55VGY,WLCSP100-4.4x4.4x.6 0P4 P
DMN3730UFB,DFN1006-3 AP AUTO
LQM21FN100M70L,0805-09 PP
LEDR-0402,0402-09 PLATEAU
C10U-0805-35V-20P AUTO,0805-09 PP
R680R-0603 AUTO,0603-03 PP
B72520T110K62,1206-08 PP
MCFT000307,0603-03 PP
SN74LVC245ARGY,VQFN20-4.5x3.5x1 0P5 PP
BLM18KG471SN1D,0603-03 PP
824015,SOT-26
ICE5LP1K-SG48I,QFN48-0.5
IS25LP128F-JKLE,WSON8 5x6x.75 1P27
R4K7-0603 AUTO,R0603-04
744227,IND4 6x9x5 2P5 PP
R1K6-0201,R0201-02
R43R-0402,R0402-03
SMP1322-040LF,SOD-882 PP
TLV62568DBV,SOT-23_5 PP
MSD7R134DZ1-IC1-NA0A CLIENT,BGA160 MSD7R4DZ1-IC1 AUTO
T520B107M006ATE040,B
UG96LA-128 CLIENT,MODULE POINT-CORE
CMWX1ZZABZ-078,CMWX1ZZABZ-078 MODULE PP
NX3225GA-24MHZ,QZ 3.2x2.5x0.7 PP
7W-40.000MBA-T,QZ7X5 PP
3410.0035.01,1206-15 PP
YC164-JR-07470RL,1206-05 PP RR
EN6360QI,QFN68-8x11x3 0P5 AUTO
LP5907UVE-1.8,BGA4-.64x.64x.44 0P35 PP
AQW210EHA,AQW210EHA TEST
PESD3V3S2UT,SOT-23JEDEC
HSMS-C197,0603-04
BZV55-C24,SOD 80 PP
MT29F4G08ABADAH4-ITXD,BGA63-11x9x1 0P8 PP
LT1963AEST-3.3,SOT-223JEDEC
R330K-0201,R0201-02
R33K-0201,R0201-02
R1K62-0603,R0603-04
MBR0520,SOD123
MMST5401-7-F,SOT-323_SC-70
PCS2512FR0020ET,2512-06
MPL3115A2R1,SON8 5x3x1.1 1P25 PP detr
STM32F446ZET6,LQFP144-0.50 LENT PP
74HC1G08GW,SOT-323_SC-70_5
74HC240BQ,DHVQFN20-2.5x4.5x.85 0P5
SMBJ16A,SMB PP
PMEG6030EP,SOD128 PP
74HC14BQ,DHVQFN14 3x2.5x1 P0.5
MT29F2G08ABAEAH4E,BGA63-11x9x1 0P8 PP
FDC6312P,SOT-23_6
BAW56W,SOT-323_SC-70
C47N-0402-25V-10P-AUTO,0402-05
ZRB500F01TA,SOT-23JEDEC
BC857BDW1,SOT-323_SC-70_6
ATL431AIDBZR,SOT-23JEDEC
BLM15AX121SN1D,0402-05
HK10055N6S-T,0402-05 LENT PP
TDA8035HNC2S1J,QFN32 5x5x08 0P5 PP
R0R2-2512-2W,R2512-06
R560R-2512-1W,R2512-06
TL331IDBV,SOT-23_5 PP
BZX384-C5V1,SOD323 PP DIODE
BQ24270RGET,VQFN24 4x4x.9 0P5 PP
PETIROC2A_208_T,TQFP208-30x30x1.6 0P5 PP
SI5345A-D-GM,QFN64 9x9x0.9 P0.5
EPCQL512F24IN,FBGA24-8x6x1.2 1P PP
MT47H64M16 CLIENT,BGA84 12.5x8x1.2 0P8 PP
CY7C68013A-56LTXI,QFN56-0.5
SI5344B-D-GM,QFN44-0.5
MURS340,DO-214AB PP
SMCJ16CA,SMC PP
CT680U-E-6V3-20P,E
TXB0104RGYR,QFN14- 3.5X3.5 PL 4+10PIN
BZX84C3V3W,SOT-323_SC-70
SML-LX1206GC,1206-12 PP
MAX8517EUB,uMAX10 3x5 P0.5 E1 PP
SML-LX1206SRW,1206-12 PP
KP-2012VGC-A,0805-12 PP
SI5395A-A-GM,LGA64-9x9x1 0P5 PP
SI53342-B-GM,QFN24 4x4x1 P0.5 PP
LTM4627EV,BGA133-15x15x4.9 1P27 PP
BS170F,SOT-23JEDEC
10AX027H3F34E2SG,FBGA1152-35x35xX
10M04SCU169I7G,BGA169-11x11xX 0P8 PP
R169K-0603,R0603-04
NFW31SP106X1E4L,1206-18 PP NFW31
RJU003N03T106,SOT-323_SC-70
FT232RQ-TRAY,QFN32 5.2x5.2x095 AUTO
SMAJ16CA,SMA PP
SI4491EDY,SOIC8 PP
744066100,IND OCTO 10x10x3.8 PP 744
SN74LVC74ARGY,QFN14- 3.5X3.5 PL 4+10PIN
TLV379IDBV,SOT-23_5 PP
NUP1301U,SOT-323_SC-70
DFE201208S-1R5MP2,0805-09 PP
SN74LVC2GU04DCK,SOT-323_SC-70_6
SN74LV32ARGY,QFN14- 3.5X3.5 PL 4+10PIN
DF2B6.8AFSL3M,SOD923 PP
R120K-1206,R1206-05
LTC2986CLX,LQFP48-0.50 PP
LTC3115IFE-1,TSSOP20-0.65 PP
RB520S30T1G,SOD523 PP
R51R1-1206,R1206-05
R249K-0805,R0805-05
CT10U-A-16V-20P-3R,A TANTAL
LAN8742A-CZ,QFN24 4x4x1 P0.5 PP
BFT92,SOT-23JEDEC
NCP380HMU05AATBG,DFN6 2x2x.65 0P65 PP
STM32F765ZGT6,LQFP144-0.50
ESD122DMX,X2SON2-0.6x1
S0911-46R,0805-11
CSD17313Q2,WSON6 2x2x.75 0P65 PP
Si2177-A30-GM,QFN28- Si2177-A30-GM
MT47H64M16NF-25EM,MT47H64M16NF AUTO
BAR6702VH6327XTSA1,SC79 PP
ADS4122IRGZ,QFN48-0.5 PP
TPS76801QPWP,HTSSOP20 PWP PP
DMP3098L,SOT-23JEDEC
R169R-0805,R0805-05
R0R82-0603,R0603-04
ASIC CLIENT,BGA353-12x12x1.2 0P5 PP
R40R2-0805,R0805-05
TLMO1000-GS08,0603-06 PP
TPD1E10B06DPY,X1SON2-0.6x1
PMLL4148,SOD 80
CT100U-D-16V-10P-0R1,TANTD
SMBJ6.0A-E3,SMB PP
MB86H60BJ,PBGA484-27x27x2.36 1P0 PP
Si2162-A40-GM,QFN48-7x7x0.8 0P5 PP
ADA4304-3ACPZ,QFN16 3x3x075 0P5 PP
RFFC5072ASx,QFN32 5x5x09 0P5 PP
PE4314AZPE4314BZ,QFN20-0.5 H PP
CXD2871AER,QFN32 5x5x08 0P5 PP
AT24C512C-MAHM-E,UDFN8 3x2x055 0P5 PP
STM32G474CEU6,QFN48-7x7x0.6 PP
SMBJ78CA,SMB PP
STM32F765VGT6,LQFP100-0.50 PP
MMA8453Q,LGA16 3x3x1 0P5 PP 6+10
742792515,1812-32 PP
LTST-C170AKT,0805-12 PP
BZT585B5V6T,SOD523 PP PLATEAU
R0R002-2512-2W,R2512-06
MBR0520L,SOD123
NUP2105,SOT-23JEDEC
MBR2H100SF,SOD123Flat PP
MA330GQ-Z,QFN16 3x3x.7 0P5 PP
R0R75-2512-2W,R2512-06
R4K32-0603,R0603-04
BZX84C6V8,SOT-23JEDEC
BSC034N10LS5ATMA1,SUPERS08 BSC034
TPS61165DRVT,SON6 2X2-0.75 PP
C2U2-0805-25V-10P CLIENT,0805-09 PP
TPS65105RGER,QFN24 4x4x1 P0.5 PP LENT
AD1938WBSTZ,LQFP48-0.50 PP
TPS40305DRCR,SON10 3X3-0.9 P0.5 PP
UCS1001-1-BP-TR,QFN20-0.5
LM48310SD,SON10 3X3-0.9 P0.5 PP
ESD8104MUTAG,DFN10-2.5x1x.4 0P5 8+2 PP
TFP401AIPZPRQ1,TQFP100-0.50 PP
ESD5481MU,X3DFN2-.62x.32x.28 PP
DMP2100U-7,SOT-23JEDEC
NCV8177BMX330TCG,XDFN4-1x1x.4 0P65 PP
ADP7185ACPZN,DFN8 2x2x.55 0P5 PP
ADAU1452WBCPZ,QFN72 10x10x.9 0P5 PP LFC
DSPIC33CK64MC102-EM6,DSPIC33 CLIENT TEST
R0R47-0603,R0603-04
R10K2-0402-25PPM,R0402-03
R1R33-0603,R0603-04
PMEG6010ER,SOD123W PP
B57232V5103F360,0402-05 LENT PP
DMG6601LVT,SOT-23_6
MMU01020C3308GB300,MELF MMU 0102 PP
SMA-A0102FTDL39R,MELF MMU 0102 PP
LM4050QCEM3-2.5,SOT-23JEDEC
SSM6N56FE-LM,SOT-666 PP
TSV991IYLT,SOT-23_5 PP
TUSB2046BIRHBT,VQFN32 5x5x1 0P5 PP
NX2301P,SOT-23JEDEC
BSS84PH6327XTSA2,SOT-23JEDEC
IRLML6401,SOT-23JEDEC
EEHZA1J820P,ALUG PP
TPS74801RGW,QFN20-5X5-0.8 0P5 PP
X1G0041710033,QZ2.5X2x.8 PP
24LC1025-ISN,SOIC8 PP
STL130N6F7,POWERFLAT8 5X6 PP AUTO
MAX17503ATP,QFN20 4x4x.9 0P5 PP
R3R9-2512-1W,R2512-06
TPD2E2U06DRLR,SOT-5X3
HZ0805E601R-10,0805-05
R0R005-2512-3W,R2512-06
R374K-0402,R0402-03
R45K3-0603,R0603-04
MP26029GQ-0019,DFN-10 3x3x0.8 P0.5 PP
DF40C-100DS-0.4V,DF40C-100DS-0.4V PP CON
SMAJ100CA,SMA PP
ADG721BRMZ,MSOP8 PP
MT29F4G16ABADAWP,TSOP48-BW:18.4
CLA4610-085LF,CLA4610-085LF
XO53050UITA-24.576,QZ5X3.2 PP X053 2P54
TSV6395IPT,TSSOP16-0.65 PP
BAR64-05,SOT-23JEDEC
B39871B4365P810,QZ5-1.4x1.1x.45 0P5 B4365
EEEFTC331XAP,ALUD8 PP
MP2322GQH,DFN8-2x1.5x.85 0P5 PP
SIM MFF2,DFN8-5x6x.8 1P27 PP MFF2
MP28164GD,LGA MP28164
ME910G1-WW,MELF3514-A12
LQW18AN27NG80D,0603-09 PP
MC78M05CDTG,DPAK
XC5VLX110-FF1153-1 CLIENT,BGA1153-35x35xX 1P PP
5988040107F,0603-07 PP
ADV7125KSTZ140,LQFP48-0.50 PP
ZMR250F,SOT-23JEDEC
TLV431AFTA,SOT-23JEDEC
AD5541ABRMZ,MSOP10
IRLML2502PBF,SOT-23JEDEC
LM4050AIM3-5.0,SOT-23JEDEC
ADS1258IRTC,QFN48-7x7x0.8 0P5 PP
TL2BR022FTE,1206-05
CMA02040X1502GB300,MELF0204 AUTO
LQG15HSR18J02,0402-05
STD5NK40ZT4,TO-252_DPAK
CMA02040X1002GB300,MELF0204 AUTO
L-14CR15JV4T,0603-03 PP
SMBJ12CA-TR,SMB PP
STM32F427ZGT6,LQFP144-0.50
SRV05-4A,SOT-23_6
MMA0204D1620BB300,MELF0204
CMB02070X3002GB200,MELF MMB0207 PP
MMA02040C1502DB000,MELF0204
PMEG4010CPA,HUSON3 2X2
LTST-C191KSKT,0603-05
RR22R-0804,TC124 2x1x.4 0P5 Yageoal
LM1117IMPX-5.0,SOT-223JEDEC
S1M,SMA 2.6x5.2x2.10
R16K-0603-0W25,R0603-04
R237R-0805,R0805-05
ES3D,SMC PP AUTO ES3D
TLV320AIC3105,QFN32-5x5x.9 0P5 PP
BC817DS,SC-74 PP
AT24C512C-MAHM,UDFN8-2x3x.55 0P5 PP
NCD9830DBR2G,TSSOP16-0.65 PP
R5F100EAANA-U0,QFN40-0.5
NST3946DP6,SOT-963 PP
MA780GQ,QFN16 3x3x.7 0P5 PP
R6K98-0603-10PPM,0603-03 PP
R80K6-0805-10PPM,0805-05
NCV8402ADD,SOIC8 PP
RN2483A-IRM103,MODULE RN2483A
FH12-30S-0.5SH,FH12-30S-0.5SH CON PP
LC4064ZE-7TN48I,TQFP48-0.50
LM2903DMR2G,MSOP8 PP
LTC2634HMSE-HZ8,MSOP10
WSR2R1000FEA,4257-24 PP
R30K-0603-25PPM,R0603-04
MMSZ12,SOD123
RR470R-0804,0804
RR27K-0804,0804
R3K16-0603-10PPM,R0603-04
MPZ1608S601ATA00,0603-05
ENW-C9B01A1EF,LGA52 ENW C9B01 AUTO
EN5339QI,EN5339QI
RPM5.0-6.0,RPM5.0-6.0
ACSL-6400-00TE,SOIC16 D PP
CDCLVD1213RGT,QFN16 3x3x.9 0P5 PP
MMSZ5227B,SOD123
ES2DA-13-F,SMA PP
STM32G473QCT6,LQFP128-16x16x1.6 0P4 PP
AZ23C3V6,SOT-23JEDEC
SMMBFJ310,SOT-23JEDEC
B340A,SMA PP
F91200084,QZ2-5X3.2 PP
BZT52C5V1,SOD123
AO3414,SOT-23JEDEC
SMBJ54CA,SMB PP
R442R-1206,1206-05
L6470H,HTSSOP28-10x6.5x1.2 0P65
PIC18F26K80I-SS progrCom,SSOP28-0.65-BW:6.1
PRG21BC6R8MM1RA,0805-05 AUTO
PIC18F26K80I-SS progMux,SSOP28-0.65-BW:6.1
SMF28A,SOD123Flat PP
R1K1-0805-25PPM,R0805-05
FZT603TA,SOT-223JEDEC
ADM7172ACPZ-1.8,DFN8-3x3x.75 0P5 PP
OPA1678IDGK,VSSOP8
LP5907MFX-2.5,SOT-23_5 PP
SRN3015-6R8M,IND 3x3 PP SNR3015
ADP1761ACPZ,QFN16 3x3x.7 0P5 PP
SM6T36CA,SMB PP
AD8627AKSZ,SOT-323_SC-70_5
PCA9306DCT,SSOP8-P-0.65 PP
TCA0372DWG,SOIC16 DW PP - WB ONSEMI
BSS84Q,SOT-23JEDEC
MCP6401T-H,SOT-23_5 PP
M95128-DRDW8TPK,TSSOP8 PP
PIC18F26K80I-SS,SSOP28-0.65-BW:6.1
B57356V5473F260,0603-05
10M16SAU169I7G,BGA169-11x11xX 0P8 PP
R0R47-1206,R1206-05
R11K-0402-25PPM,R0402-03
R1R65-0805,R0805-05
R47R-2512-1W,R2512-06
R4R99-0805,R0805-05
BD65491FV-E2,HTSSOP16 PWP PP
AD8610ARMZ,MSOP8 PP
TJA1021T20,SOIC8 PP
TLS810D1EJV50,SOIC8 PP
PMEG4010ETPCLIENT,SOD128 PP
STM8AF6246TD,LQFP32-0.80 PP
V8KM60DUHM3CLIENT,V8KM60DUHM3
IPZ40N04S5-8R4CLIENT,TSSOP8 POWER PAD PP
TS3021ILT,SOT-23_5 PP
MCP3204-BI-SL,SOIC14 N 150 mil SL PP
LD3985M33R,SOT-23_5 PP
LMH6645MA,SOIC8 PP
HCPL-0453-500E,SOIC8 PP
MINISMDC260F16-2,1813-3 PP
LT1636CS8,SOIC8 PP
LTC1655LIS8,SOIC8 PP
TLE4961-1M,SOT-23JEDEC
MCP1701AT-3302ICB,SOT-23-E1JEDEC
PESD1LIN,SOD323 PP DIODE
LT1353CS,SOIC14 N 150 mil SL PP
TCA9617ADGK,VSSOP8
74LVC1G125GW,SOT-323_SC-70_5
TLV6001IDCK,SOT-323_SC-70_5
74LVC1G126GW,SOT-323_SC-70_5
ADUM5020-5BRWZ,SOIC16 DW PP - WB ONSEMI
AMC1311BDWV,SOIC8 DWV PP
TLP291,SO4-2.6x7x2.1x1P27 PP
MOCD223M,SO8 - MOCD223M
M93C66-WMN6,SOIC8 PP
LQW18ANR22J00D,0603-09 PP
CT10U-0805-16V-20P-5R,P PP Tantal0805-15
BLM41PG600SN1L,1806-09 PP
TPS7A4501KTT,TO-263-5 KTT PP
SMAJ9.0A,SMA PP
CT10U-0805-10V-20P-2R,P PP Tantal0805-15
MINISMDC150F12-2,1813-3 PP fusible
ISO1540D,SOIC8 PP
ISO7740DBQ,SSOP16 DBQ PP
ISO7741DBQ,SSOP16 DBQ PP
ISO7742DBQ,SSOP16 DBQ PP
ISO7763DBQ,SSOP16 DBQ PP
MINISMDC260F-2,1812-05
NDS7002A,SOT-23JEDEC
P6SMB510A,SMB PP
Q33519E40002612,QZ3.2X2.5 0.7 standard PP
STTH112U,SMB PP
P6SMB440A,SMB PP
P6SMB18CA,SMB PP
BZX384-C3V3,SOD323 PP DIODE
IRLML0030,SOT-23JEDEC
IRF5803,TSOP6 PP
SQ3418AEEV,TSOP6 PP
FDC5612,SOT-23_6
BAT165,SOD323 PP DIODE
ACPL-339J-000E,SOIC16 DW PP - WB ONSEMI
OPA374AIDBV,SOT-23_5 PP
CPC3703C,SOT-89-B1JEDEC
1SMA4740,SMA PP
NX7002AK,SOT-23JEDEC
W25Q64JVZPIQ,WSON8 5x6x.75 1P27
NCP303LSN30,SOT-23_5 PP
MCP6L04T-ESL,SOIC14 N 150 mil SL PP
LAN9514-JZX,QFN64 9x9x0.9 P0.5
LM2931AD-5.0G,SOIC8 PP
R0R075-0805,R0805-05
R20R5-0603,R0603-04
74LVC1G58W6,SOT-23_6
VOM617A-7X001T,SO4-3.6x7x2.1x2P54 PP
SN65HVD1040D,SOIC8 PP
CT33U-D-25V-10P-0R3,D PP
MCFRFTDU2203,MELF MMB0207 PP
TMS320F28335PGFA,LQFP176-0.50
TLV70019DDC,SOT-23_5 PP
LM4041DIDBZ,SOT-23JEDEC
PESD15VS2UT,SOT-23JEDEC
PESD5V0S2UQ,SOT-663 PP
PESD3V3S2UQ,SOT-663 PP
AP331AWRG,SOT-23_5 PP
74LVC1G3157DCK,SOT-323_SC-70_6 PLATEAUPP
STM32G474RCT6,LQFP64-0.50
PESD24VS2UQ,SOT-663 PP
C1N-0402-50V-10P-AUTO,0402-03
C100N-0402-50V-10P-AUTO,0402-03
ECS-240-8-37B-CKY,QZ 2X1.6 x.5 PP
PMEG3020EP,SOD128 PP
TLV62568DRL,SOT-563 PP
BAT54CWFILM,SOT-323_SC-70
R4K3-0805,R0805-05
SML-211UTT86,0805-07 PP
MMBT3904WT1,SOT-323_SC-70 PP OPTIQUE
LT1965EDD-3.3,DFN8 3x3x.8 0P5 PP
MSP432E401YTPDT,LQFP128-16x16x1.6 0P4 PP
AT25DF641A-MH,DFN8-5x6x.6 1P27 PP MO229
C1U-0402-10V-20P-AUTO,0402-03
C22P-0402-50V-5P-AUTO,0402-03
DS90C401M,SOIC8 PP
DS90C402M,SOIC8 PP
BAW56L,SOT-23JEDEC
MSD7R134DZ1CLIENT,BGA160 MSD7R4DZ1CLIENT
MPZ1608D600B,0603-07 PP
BGU8019X,XSON6-1.1x.7x.4 0P4 PP
SIM68M,SIM68M ACTIA MODULE
ML865C1-EA,0805-12
LQW15AN4N7C00D,0402-05
LQW18AN8N2C00D,0603-05 LEMNT PP
MPZ2012S101B,0603-03 PP
LT1117CST-5,SOT-223JEDEC
LQW18AS3N3J00D,0603-05
LQW18AN22NJ00D,0603-05
BSS138P,SOT-323_SC-70
MMBT3906,SOT-23JEDEC
BZX84C5V6L,SOT-23JEDEC
LIS3DSH,LGA16 3x3x1 0P5 PP AUTO
MAX17055ETB,DFN-10 2x2.5x.75 0P4 PP
INA333AIDRG,SON8 3X3-0.75 PP
TMUX1109RSV,QFN16-2.6x1.8x.8 0P4 PP
LQG15HS5N1S02D,0402-05 LENT PP
SI2336DS,SOT-23JEDEC
R698R-0805-25PPM,0805-05
LMC6482AIM,SOIC8 PP
PIC18F26J13-ISS,SSOP28-0.65-BW:6.1
MPZ1608D101B,0603-05
R470K-0402-AUTO,R0402-03
R47K-0402-25PPM-AUTO,R0402-03
R49K9-0402-25PPM,R0402-03
BZX384-C3V6,SOD323 PP DIODE
CT6U8-A-20V-10P-2R4,A TANTAL
R820R-0603-25PPM,0603-03 PP
BLM15HG102SN1D,0402-05 LENT PP
BSP77,SOT-223JEDEC
HKQ0603S1N0C,0201-03 PP
HKQ0603S2N2C,0201-03 PP
CC2590RGV,QFN16 4x4x075 P065 PP
KPG-1608SURKC-T,0603L PP
CC2640F128RSM,VQFN32-4x4x1 0P4 PP
LP38690SD-3.3,WSON6 3X3x0.8 0P95 PP SD
ATWINC1500B-MU,QFN40-0.4
MNA-7A,QFN8-3x3x.9 0P66 AUTO
ATSAMD21G18A-MU,QFN48-0.5 LENT PP
SMAJ60A,SMA PP
R5R6-2512-1W,2512-06
MAX803SQ293D2T1,SOT-323_SC-70 PP OPTIQUE
SN74LVC1G08DBV,SOT-23_5 PP
CAT4237TD,SOT-23_5 PP
NCP380HSN05AAT1G,TSOP5 ONSEMI PP
74279274,0402-05 LENT PP
R3K32-0603-25PPM,R0603-04
MLZ1608N100LT000,0603-09 PP
R6K2-0603-25PPM,0603-03 PP
R499R-0805-25PPM,R0805-05
BLM21SP601SN1D,0805-09 PP
R910R-0603-25PPM,0603-03 PP
MBR0540,SOD123
OPA2320AIDGK,MSOP8 PP
NDS332P,SOT-23JEDEC
MBR140SF,SOD123Flat PP
QFN50P500X500X85-33N,QFN32-5x5x.9 0P5 PP
TPS25944LRVCR,QFN20-4x3x.8 0P5 PP
SRF2012A-801Y,IND4 2x1.4x1.2 PP SRF2012
R7S921043VCBG,BGA324-19x19x2 0P8 484lac
ISL80020AFRZ,DFN8-2x2x.9 0P5 PP
ISL80030AFRZ,DFN8-2x2x.9 0P5 PP
R887R-0402-25PPM,0402-03
MK22FN128VLH10,LQFP64-0.50
LSM6DS33,LGA16 3x3x1 0P5 PP 6+10
netX90,LFBGA144 10x10x1 P0.8
EMI4192MTTAG,WDFN10 2.5x2x.75 0P5 EMI
GS1661AIBE3,BGA100-11x11x1.7 1P PP
KSZ8081RNAIA,QFN24 4x4x1 P0.5 PP
830062558,0805-05 QTZ
R105R-0402-25PPM,R0402-03
593D106X9016A2TE3,A LENT PP
R910R-0805,0805-05
MCP1415T-EOT,SOT-23_5 PP
FPF1320UCX,BGA6-1.5x1x.63 0P5 AUTO
S71KS512SC0BHV000,BGA24-8x6x1 AUTO
MX25L51245GXDI-08G,BGA24-8x6x1 AUTO
SN74LVC1G08QDCK,SOT-323_SC-70_5 PPLENT
NC7WZ07P6X,SOT-323_SC-70_6
MAX9867ETJ,QFN32 5x5x08 0P5 PP
SN74LVC1G123DCT,SM8 PP
SN74AHC1GU04DBV,SOT-23_5 PP LENT
HMC346LP3E,QFN16 3x3x.9 0P5 PP
ADF4159CCPZ,QFN24-4x4x.75 0P5 PP
DAT-31-PP,QFN20 4x4x.9 0P5 PP
HMC539LP3E,QFN16 3x3x.9 0P5 PP
LTC5564,QFN16 3x3x075 0P5 PP
ADF4252BCPZ,QFN24-4x4x.75 0P5 PP
PMA3-83LN,QFN12-3x3x.9 0P5 PP DQ122
BAT1504WH6327XTSA1,SOT-323_SC-70 PP OPTIQUE
LSM676-P2S1-1,0805-LED
MMBT2907AL,SOT-23JEDEC
R15R-1206-25PPM,R1206-05
R167K-0402,R0402-03
R1R-1206-0W5,R1206-05
R453K-0402,R0402-03
LTC5564IUD,QFN16 3x3x075 0P5 PP
MINISMDC014F,1812-09AUTO
MAAL-011130,DFN8 2x2x.9 0P5 PP
LT3042IDD,DFN-10 3x3x0.7 P0.5 PP
SM453229-381N7Y,SM453229-381N7Y AUTO
LTC2482IDD,DFN-10 3x3x0.7 P0.5 PP
B72510T0350K062,0805-12 PP
MIC2514YM5TR,SOT-23_5 PP
TS321AILT,SOT-23_5 PP
G3VM-401G,SO4-3.6x7x2.1x2P54 PP
BZX585-B3V6,SOD523 PP
B72540V600K62,2220-25 PP AUTO
HMC637ALP5E,QFN32 5x5x08 0P5 PP
PIC32MX360F512L-80I-PT,TQFP100-0.40
B360B-13-F,SMB PP
BZX84C7V5,SOT-23JEDEC
MAAD-011021,QFN16 3x3x0.85
HMC346ALP3E,QFN16 3x3x0.85
R0R22-2512-1W,R2512-06
BZX384-C4V7,SOD128 PP
STM32L496VGT3,TQFP100-0.50 PP
FQT7N10LTF,SOT-223JEDEC
STM32G431K8U6,QFN32 5x5x06 0P5 PP
1SMB5938B,SMB PP
MT25QL512ABB1EW9,WSON8 6x8x.75 1P27
TPS2087D,SOIC16 D PP
LTC4331HUFD,QFN20 5x4x.75 0P5 PP
ZHCS350TA,SOD523 PP
TLV3202AID,SOIC8 PP
THS4531ID,SOIC8 PP
SiR696DP,SUPERS08 BSC034
MBR8H100MFS,SUPERS08 BSC034
US1D-E361T,SMA PP
MC33275ST-3.3,SOT-223JEDEC
R14K3-0603,R0603-04
R0R22-0603,R0603-04
LTC2497CUHF,QFN38-7x5x.75 0P5 PP
MCP16301T-ICHY,SOT-23_6
FAN7390MX,SOIC8 PP H3.3 L5.2
R360R-0603-25PPM,R0603-04
R12R-1206,R1206-05
CT10U-B-16V-10P-2R,B TANTAL
CAY16-330J8LF,CAY16330
PMEG4005AEA,SOD323 PP DIODE
SN74LVC1G11DRY,SON6-1.45x1x.6 0P5 PP
MMSZ5233B,SOD123
KPG-1608SYKC-T,0603L PP
PMEG3020EH,SOD123
B82496C3569A,0603-05 LENT PP
DRV8313PWP,HTSSOP28-10x6.5x1.2 0P65
DS30EA101SQ,QFN16 4x4x075 P065 PP
TXS0108EPW,TSSOP20-0.65 PP
LTC5582IDD,DFN-10 3x3x0.8 P0.5 PP
MAX6682MUA,MSOP8 PP
HMC1119LP4ME,QFN24 4x4x1 P0.5 PP
LTC4020IUHF,QFN38-7x5x.75 0P5 PP
R24K3-0603-25PPM,R0603-04
R576K-0402,R0402-03
PIC18F67J50-IPT,TQFP64-0.50 A23 PP
R3R3-1210,R1210-06
R0R007-2512-2W,R2512-06
R22R-0603-25PPM,R0603-04
R549K-0603-25PPM,R0603-04
R1K4-0603-10PPM,R0603-04
EEEFK1V101XP,ALUD PP
SBR0560S1-7,SOD123
BLM31KN471SN1L,1206-09 PP
AR8151-B,QFN40 5x5x.5 0P4 PP
STM6779TWB6F,SOT-23_6
SBR0560S1,SOD123
uPD720201K8-701-BAC-A,QFN68-8x8x.85 0P4 PP
5M570ZT100C5N,TQFP100-0.50 PP
TPS2552DRV,WSON6 2x2x.75 0P65 PP
SS4-50-3.00-L-D-K,SS4-50-3.00-L-D-K AUTOMOD
CAT16-220J4LF,1206-05 PP RR
LTC2802IDE,DFN12 4x3x.75 0P45 PP
TPS79601DRB,SON8-3x3x1 0P65 PP
LT6000IDCB,DFN6 2x3x.75 0P5 PP
AD2428WCCSZ,QFN32 5x5x08 0P5 PP
88E6250B1,QFN64-0.4 Z PP
EEEFTH101XAP,ALUD8 PP
WLPH252012M2R2PS,IND2 2.5x2x1.2 WLPH2520
R120R-1210,R1210-06
LT8645SJV-2,QFN32-6x4x.9 0P5 PP
742792514,1812-16
R1R-1210,R1210-06
R2K37-0201,R0201-02
R51K1-0402,R0402-03
EEEFT1H470AP,ALUD PP
R97K6-0805-25PPM,0805-05
ACML-0603-152-T,0603-05
STM32F205VBT6,LQFP100-0.50 PP
APA2106SECK,LED Couchée 2107x.6 APA
TPS25944LRVC,QFN20-4x3x.8 0P5 PP
NB6L295MMNG,QFN24-4x4x.75 0P5 PP
LQH32CN100K53L,1210-09 PP
XCF08PFSG48C,BGA48-9x8x1.2 FG48 XILINX
APA2106ZGC,LED Couchée 2107x.6 APA
LT3463EDD,DFN-10 3x3x0.8 P0.5 PP
MCL4148-TR,MELF2012
XC5VLX30-1FFG676C,BGA676-26x26-1.0
B0540W,SOD123
BC857BS,SOT-323_SC-70_6
IC-TW2,QFN24-4x4x.75 0P5 PP
MINISMDC150F24-2,minismdc150f
MINISMDC150F24,minismdc150f
R0R1-2512,R2512-06
R0R1-2512-1W,R2512-06
R1K13-0603,R0603-04
R37K4-0805-10PPM,R0805-05
R3K57-0603,R0603-04
EXB38V472JV,1206-05 PP RR
Y40211K00000T9R,0603-03 PP
DAC7571DBV,SOT-23_6
CT4U7-A-10V-10P-1R4,A LENT PP
SMBJ350CA,SMB PP
X1G0041710033-SG210STF25MHZL,QZ2.5X2 PP
R8K2-1206-25PPM,1206-05
LTC6409HUDB,QFN10-3+2 2x3x.75 0P5 PP
ASIC-NECTAR,QFN100-12x12x.4 PP
R10K-1206-25PPM,R1206-05
LTM8032IY,LGA71-15x9x3.4 1P27 PP
R10R-1206-25PPM,R1206-05
LTC2500IDKD-32,DFN24 7x4x.75 0P5 PP
INA240A1PW,TSSOP8 1.2
R4K7-1206-25PPM,R1206-05
LEDR-0603,0603L PP PLATEAU
R249R-1206-25PPM,R1206-05
R300R-1206-25PPM,R1206-05
R33R2-1206,R1206-05
R3R-0603,R0603-04
R510R-1206-25PPM,R1206-05
R51R-1206-25PPM,R1206-05
MCP6562T-EMS,MSOP8 PP
CC22U-D8X6.2-63V-20P,ALUE PP
SRP7028A-150M,IND2 6.6x7.3x2.8 SRP7028A
TCR3UG18A-LF,BGA4-.64x.64x.33 0P35 PP
SN74AHC1G00DRL,SOT-553 PP
SN74LVC1G38DRYR,SON6-1.45x1x.6 0P5 PP
LQG15HN15NJ02D,0402-03
LQP03TQ3N9B02D,0201-018 PP
TPS82150SIL,LGA8-3x3x1.5 Module 8 SIL
ADF4371BCCZ,LGA48-7x7x.7 0P5 ADF4371B
R820R-1206-25PPM,1206-05
VAOL-S6SB4,0603-06 PP
TPS65262RHB,QFN32 5x5x09 0P5 PP
7443340220,IND2 7.9x8.4x7.2 74433402
AT91SAM9G20B-CU,FBGA217-15x15x1.4 0P8 PP
ICM-20948,QFN24-3x3x1 0P4 PP
R49K9-1206,R1206-05
R2K2-1210,R1210-06
BSS138L,SOT-23JEDEC
SM30T33CAY,SMC PP
BLM15PX800SN1D,0402-05
NTCS0805E3103JHT,0805-05
R51R-0603-25PPM,R0603-04
HKQ0603S3N9C,0201-03 PP
MLG0603P1N5CT000,0201-03 PP
MCP6041T-I-OT,SOT-23_5 PP
RCLAMP0524P.TC,DFN10-2.7x1x.5 0P5 PP
1PS302-115,SOT-323_SC-70
NX3008NBKW,SOT-323_SC-70
BCP68,SOT-223JEDEC
CGA0402MLC-05,0402-05
74LVC244ABQ,VQFN20-4.5x2.5x1 0P5 PP
FSA2466UMX,QFN16 2.6x1.8x.55 0P4 PP
MCP6401T-HOTVAO,SOT-23_5 PP
R681R-1206-25PPM,1206-05
UBC1H330MNS1GS,ALU-UBC1H330MNS1GS
R47K-0603-1P,R0603-04
PCA9555AHF,QFN24-4x4x.75 0P5 PP
LTC2944CDD,DFN8 3x3x.8 0P5 PP
TCA9548AMRGER,QFN24-4x4x.75 0P5 PP
R6K8-0402-25PPM,0402-03
TPS259827LNRGE,QFN24 4x4x1 P0.5 PP
R11K5-0402-25PPM,R0402-03
CG0603MLC-05E,0603-09 PP
L0402C68NJRMST,0402-05
ESD101B102ELE6327XTMA1,TSSLP-2-20 ESD103 1x06
PMCM4401UPEZ,WLCSP4-.78x.78x.3 0P4 PP
SN74AVC4T245RSV,QFN16 2.6x1.8x.55 0P4 PP
74LVC1G175DBV,SOT-23_6
SN74LVCH8T245RHLR,VQFN24 5.5x3.5x.9 0P5 RGY
LIS2DW12,LGA12 2x2x.7 0P5 PP LIS2D
ADS8598HIPM,LQFP64-0.50
MCP23017T-EML,QFN28-6x6x.9 0P65 PP
NL17SZ125DFT,SOT-323_SC-70_5
STM32L496ZGT6P,LQFP144-0.50
TLC59116IPW,HTSSOP28-10x6.5x1.2 0P65
NCP435FCT2G,WLCSP4-.96x.96x.5 0P5 PP
53261-0571,53261-0571 AUTO
X1G0041710015-SG-210STF8MHZL,QZ2.5X2x.8 PP
53261-0271,53261-0271
R715K-0201,0201-018 PP
BLM18PG221SN1D,0603-05
SM6T30CAY,SMB PP
MAX14626ET,TDFN6 3x3x0.75 P0.95
R71K5-0402-25PPM,0402-03
LVK12R010DE,1206-06
53261-0471,53261-0471 AUTO
ADS131M04IPW,TSSOP20-0.65 PP
SMBJ5.0A-E3-5B,SMB
MPZ1005S121ETD25,0402-05
74AVC4TD245PW,TSSOP16-0.65 PP
SN74LVC16T245DGGR,TSSOP48-0.50-BW:6.1
SN74LVC2T45QDCURQ1,VSSOP8 DCU PP
ADS1258IRTCT,QFN48-7x7x0.8 0P5 PP
53261-0671,53261-0671 AUTO
MBRA340,DO-214AC
NVC6S5A354PLZ,SOT-23_6
PBGA-304-1.27 V3.0,PBGA-304-1.27 CLIENT EASI
R93K1-0201,0201-018 PP
5CGXFC5C7F27C8N,BGA672-26x26-1.0 PP
KPHHS-1005LCGCK,0402-05 LENT PP
R0R007-1206-1W,R1206-05
R0R039-1206-1W,R1206-05
R0R1-1206-0W1,R1206-05
R20R-2512-1W5,R2512-06
R4K99-0201,R0201-02
R57R6-0603,R0603-04
TPS7A8500ARGR,QFN20-3.5x3.5x.9 0P5 PP
ADA4938-2ACPZ,QFN24 4x4x1 P0.5 PP
BGA2400X2400X125,BGA LIROC TB
TLV71211DSE,WSON6 1.5x1.5x.75 0P5 PP
ATP108-TL-H,ATP108-TL-H AUTO
MSD7R134DZ1 TWISE CLIENT,BGA UNIQUE TWISE AUTO 2
PTN36001HXZ,XQFN12 AUTO
BAS521,SOD523 PP
HKQ0603U9N1H,0201-03 PP
BLM15HB221SH1D,0402-05
TAJB106K020RNJ,B Z PP
FH52-10S-0.5SH,CONNECTEUR CMS FH52
LQP03HQ2N1B02,0201-03 PP PLATEAU
R86K6-0201,0201-03
AS5048A-HTSP,TSSOP14-0.65 PP
EFR32BG21A010F512IM32-B,QFN32-0.45 LENT PP
STM32WB55CCU6,QFN48-7x7x0.6 PP
ACL420H,QFN32 ACL420H AUTO
LQP03TN3N6C02,0201-03 PP
ADN4691EBRZ,SOIC8 PP
RT6150AGQW,DFN-10 3x3x0.7 P0.5 PP
TPS63070RNM,VQFN-15-HR 2.6x3.1x.9 MY
R162R-0201,R0201-02
MTCH108-I-GZ,QFN20-0.5 H PP
AM2520QBC-D09,LED INVERSE 2x5.8 AM2520Q
PN5180A0HNC1Y,QFN40-0.5
R7FS3A17C3A01CFM-AA0,LQFP64-0.50
MF-MSMF110/16-2,1812-09
JK2835AWT-00-0000-000C0HL240E,LED2 3.6x2.9  JK2835AWT
MUX36S08IRUM,QFN16 4x4x075 P065 PP
FDS8433A,SO8
SML-P11VTT86R,0402-03 PP
MAX3232ECAE+,SSOP16
TS78M05CP,DEX AUTO
AD9230BCPZ,QFN56-0.5 H PP
NL17SZ126DF,SOT-323_SC-70_5
TRS3122ERGE,QFN24-4x4x.75 0P5 PP
ACASN1002S5002,0606-05 RRX2 ACAS0606
R220K-0201,R0201-02
R1K96-0603,R0603-04
HSMC-A101-S00J1,LED3.5X2.8-0.75
R487K-0201,R0201-02
R665K-0603,0603-05
XC7S50-1CSGA324,BGA324-15x15x1.1 P0.8
SN75374D,SOIC16 D PP
KAAF-3529-JC101,KAAF-3529 AUTO
TAS2505IRGE,QFN24 4x4x1 P0.5 PP
IRLML6302,SOT-23JEDEC
SK220A,SMA PP
50SVPF39M,ALUF PP
XC7A100T-2FGG484C,BGA484-22x22-1.0
M74VHC1GT50DT,SOT-23_5 PP
EEH-ZA1K220P,ALUF PP
R220R-1206-25PPM,R1206-05
LTC1453CS8,SOIC8 PP
MPM3630GQV,QFN20-5x3x1.6 FORME MPM36
74LV04BQ,DHVQFN14 3x2.5x1 P0.5
RXM-GPS-RM-x,DFN22 15x13x2.2 1P27 MODU
LTC6655BHMS8-5,MSOP8 PP
MT41K256M16TW-107,BGA96 13x9x1.2 0P8 PP
MCZ1210AH900L2,IND4 1x1.25x.5 MCZ1210 PP
R100R-1206-25PPM,R1206-05
LT1490CS8,SOIC8 PP H3.3 L5.2
PIC18F46K80IPTOnePiezoelectric,TQFP44-0.80
LQG18HN82NJ00D,0603-08
BLM18KG121WH1D,0603-09 PP
599-0110-007F,0805-09 PP
TLV320AIC3120IRHB,VQFN32 5x5x1 0P5 PP
EMIF03-SIM02M8,DFN8 1.7x1.5x.55 0P4 PP
STM32L432KCU6,QFN32 5x5xH 0P5 PP
BSZ340N08NS3G,TSDSON8 FORME AUTO
DMP6023LFG-7,TSDSON8 FORME AUTO
DRV5011ADDMR,X2SON4-1.1x1.4x.4 DMR
AEAT-9922-Q24,QFN24-4x4x.75 0P5 PP
BST82,SOT-23JEDEC
BZT585B6V8T,SOD523 PP
RFU02VSM6S,SOD323F AP AUTO
SMAJ43CA,SMA PP
PIC32MX530F128H-I-PT,TQFP64-0.50
BAT1504RE6152HTSA1,SOT-23JEDEC
R246K-0603-25PPM,R0603-04
R105K-0603-25PPM,R0603-04
R2M87-0603,R0603-04
R2R15-0603,R0603-04
R2K49-0603-25PPM,R0603-04
BZX84-C3V6,SOT-23JEDEC
BAS40-02LE6327,X1SON2-0.6x1
HSMH-C191,0603-09 PP
MAX7313ATG,QFN24 4x4x1 P0.5 PP LENT
CX3225GA12000D0PTVCC,1210-09 PP
HSMG-C191,0603-09 PP
R6K2-0402-25PPM,0402-03
MAX14523BATA,DFN8-3x3x.75 0P65 PP
ESH1PD,ESH1PD
STPS2L60A,SMA PP
Si2337DS,SOT-23JEDEC
SiT8924BA-22-33N-25.000000,QZ 3.2x2.5x.75 PP siT8924
PMEG6030EVP,SOD128 PP
LM2903DGKR,VSSOP8
LM76003RNPR,QFN30-6x4x.8 0P5 RNP
LMP8602MA,SOIC8 PP
R147R-1206,R1206-05
PMST2222A,SOT-323_SC-70
R523K-0603,R0603-04
R0R005-1210-1W,R1210-06
R0R2-1210,R1210-06
R39K2-0402,R0402-03
SRV05-4,SOT-26
MURS480ET3,SMC PP
STPS1L60MF,STMITE FLAT SOD
LTC2912HDDB-1,DFN8-3x2x.75 0P5 DDB
BAS70K,SOD523 PP
MMSZ5255C,SOD123
BSS84DW,SOT-323_SC-70_6
NX3DV42GU,QFN10 1.8x1.4x.5 0P4 PP
R78K7-0805-25PPM,0805-05
TPS54140ADRC,DFN-10 3x3x0.7 P0.5 PP
ECLAMP2357NQ,QFN16 3x3x.7 0P5 PP
R5F5631FDGFB,LQFP144-0.50
R9K10-0402,0402-03
ESD5B5.0ST1G,SOD523 PP
PMST2907A,SOT-323_SC-70
R5F100EEANA,QFN40-0.5
ESD5101FCT5G,DSN2-.435x.23x1.8 0P27 PP
LM5145RGY,VQFN20-4.5x3.5x1 0P5 PP
SN74LVC2G132DCUT,VSSOP8 DCU PP
R0R025-2512-3W,R2512-06
R115R-0402,R0402-03
R16K2-0402-25PPM,R0402-03
R1K21-0402-25PPM,R0402-03
R200K-1206-25PPM,R1206-05
FDLL4148,SOD 80
MMB02070C1203FB200,MELF MMB0207 PP
MMB02070C4703FB200,MELF MMB0207 PP
2SC2712-GR,SOT-23JEDEC
AD8014ARZ,SOIC8 PP
BZT52-B8V2X,SOD123
MT48H32M16LFB4-6IT:C,BGA54-8x8-0.95
SN74LVC2G74DCUTE4,VSSOP8 DCU PP
EASYROC,MQFP160-0.65
R9K76-0402,0402-03
SN74LVC1G14MDBVREP,SOT-23_5 PP
BAT6302VH6327XTSA1,SC79 PP
LM337IMP,SOT-223JEDEC
LST67K-J1L2-1,LED2-CARRE-LS T67K AUTO
PIC18F46K20-IML,QFN44 8x8x0.9 P0.65
ABM10-18.432MHZ-D30,QZ2.5X2X.5 PP
BAT54CXV,SOT-523 JEDEC-DIODE.COM
R105K-0402-25PPM,R0402-03
R147K-0603,R0603-04
R220R-2512-2W,R2512-06
R261K-0402,R0402-03
R43K2-0402-25PPM,R0402-03
R510K-0805,R0805-05
MMSZ5248B,SOD123
MPZ1608S331A,0603-07 PP
REF194GSZ,SOIC8 PP
KPHHS-1005LVSYCK-J3-PF,0402-05 LENT PP
SN74LVC1G04DBVR,SOT-23_5 PP
ULR15S-R005FT2,2010-06
DDTC123JCA,SOT-23JEDEC
ATMEGA128A-MU,QFN64-9x9x.85 0P5 PP
TPS51206DSQ,WSON10-2x2x.75 0P4 PP
5M2210ZF324C4N,BGA324-18x18-1.0
YFF31HC2A104MT000N,1206-09 PP
LEE-9,LEE-9
LM6172IM,SOIC8 PP
SML-311DTT86,0603-08 LEMT PP
MT41K256M16TW-107-P,BGA96 14x8x1.1 0P8 PP
R150R-0603-25PPM,R0603-04
R180R-1210-0W5,R1210-06
R18K-0603-25PPM,R0603-04
R32K4-0603-25PPM,R0603-04
R330R-0603-25PPM,0603-05
R39R-1210-0W5,R1210-06
R3K-1206,R1206-05
SML-LX0603GW-TR,0603-06 PP
PLVA668A,SOT-23JEDEC
SF-0603F050-2,0603-05 LEMNT PP
TPS63710DRR,WSON12 3x3x.75 0P5 PP
TPS61170DRVR,WSON6 2x2x.75 0P65 PP
STM32F407ZGT7,LQFP144-0.50 LENT PP
XLH536033.333330I,QZ 5X3.2 PP XLH536
STM32F410RBT6,LQFP64-0.50 LENT PP
SiR626LDP-T1-RE3,POWERPAK SO-8 SINGLE AUTO
MPMP38111GR-Z,QFN 4X4 SEFRAM1800-Z01
MPMP38111GR,QFN 4X4 SEFRAM1800-Z01
R715K-0603,0603-03 PP
EM8500-A001-LF24B,QFN24-4x4x.75 0P5 PP
INA188ID,SOIC8 PP
LP3962EMP-1V8,SOT-223JEDEC
W25N01GVZEIG,WSON8 6x8x.75 1P27
BZT52C16S,SOD323 PP DIODE
R45R3-0603-0W25,R0603-04
R18K-2512-3W,R2512-06
R31K6-1206,R1206-05
R3K9-0603-25PPM,R0603-04
R49R9-0603-0W25,R0603-04
DMC2990UDJ-7,SOT-963 PP
DESD5V0S1BA,SOD323 PP DIODE LOCATIS
BAT60J,SOD323 PP DIODE
BZT52C20S,SOD323 PP DIODE
R68K-1206-25PPM,1206-05
MH1608-101Y,0603-05
TPS560430YDBV,SOT-23_6
BC53PA,SOT-1061 2X2-0.7 Z PP
EMC1812T-AE-RW,WSON8 2x2x.8 0P5 PP
MAX20019ATBI-V,TDFN10 3x2x0.8-EP0.5 PP
XC7S15-1CPGA196I,BGA196-8x8x1 0P5 CPBGA XI
OPA1692IDGK,VSSOP8
TLV3542IDGK,VSSOP8
THP210DGK,VSSOP8
RZM001P02T2L,SOT-723 PP
QX333A10.00000B15,QZ 3.2x2.5x.75 PP siT8924
LMP7732MM,VSSOP8
ESDALC5-1BM2,SOD-882 PP
R31K6-1206-25PPM,R1206-05
R3M-0805,R0805-05
R51K-0402-25PPM,R0402-03
R200R-0402-25PPM,R0402-03
AD5641BKSZ,SOT-323_SC-70_6
R60K4-0402-25PPM,0402-03
XCS6LX1006CSG484ILL,BGA484-19x19x17 0P8 PP
74LVCH322245AECILL,LFBGA96 13x5.5x1 0P8 PP
RCW,RCS TEST POINT AUTO 2
IS25WP080D-JBLE,SOICB8 PP 208miles
MCP6001T-IOT,SOT-23_5 PP
R97K6-0402-25PPM,0402-03
STM32G431KBU6,QFN32 5x5x06 0P5 PP
IS31FL3237-QFLS4-TR,QFN32-5x5x.9 0P5 PP
C1U-0201-6V3-10P-X5R,C0201-03
74LVC1T45GS,XSON6-1x1x.35 0P35 PPAUTO
R1K2-0402-25PPM,R0402-03
XC7S75-1FGGA676C,BGA676-26x26-1.0
C22U-1206-25V-10P-X5R,C1206-1.4
R0R-0603-1P,R0603-04
R0R-0603-5P,R0603-04
R0R68-0603,R0603-04
R10K-0402-10PPM,R0402-03
R200K-0603-1P,R0603-04
R200K-0603-5P,R0603-04
C100N-0201-10V-10P-X5R,C0201-03
2533020201601,LGA12 2x2x.7 0P5 PP LIS2D
SERVALP28,BGA 31X31 EASII PROMOAUTO
THVD1450DRB,SON8-3x3x1 0P65 PP
PFL3215-102MEB,PFL3215-102MEB AUTO
C0805C106J8RACAUTO,0805-09 PP
CT10U-R-6V3-10P-6R,0805-12 PP
NB6N11SMNG,QFN16 3x3x.9 0P5 PP
R7FA6M3AH3CFC,LQFP176-0.50
ISL80030AFRZ-T7A,DFN8 2x2x.55 0P5 PP
ISL97634IRT26Z-T,DFN8-2x3x.55 0P5 PP
R7K5-1206-50PPM,1206-05
R5K62-1206-50PPM,1206-05
B240A,SMA PP
MMA02040C1004FB300,MELF0204 AUTO
1SMB5956B,SMB PP
R46K4-1206-50PPM,R1206-05
KSZ8081RNA,QFN24-4x4x.75 0P5 PP
C4U7-0402-16V-20P-X5R,0402-05
C100N-0402-25V-10P-X5R,C0402-05
C10N-0402-50V-10P-X7R,C0402-05
C47N-0805-50V-10P-X7R,C0805-1.25
LT1950IGN,SSOP16 DBQ PP
ADUM1402CRW,SOIC16 D PP
AD622ARZ,SOIC8 PP
TLV2372IDGK,MSOP8 PP
EEEFK1C101P,ALUD PP
SMM02040C1783FB300,MELF0204 AUTO
74HC595D,SOIC16 D PP
XC3S200-4VQG100C,TQFP100-0.50 PP
TS53YL202MR10,TS53YL202MR10
PTVS18VP1UTPALPESDEIS,SOD128 PP
PIC16F616-HSTVAO,TSSOP14-0.65 PP
R10K-1206-50PPM,R1206-05
R121R-1206-50PPM,R1206-05
R1K-1206-50PPM,R1206-05
R200K-1206-50PPM,R1206-05
R2K-1206-50PPM,R1206-05
R30K1-1206-50PPM,R1206-05
R3K32-1206-50PPM,R1206-05
R40K2-1206-50PPM,R1206-05
R4K64-1206-25PPM,R1206-05
R4M7-1206,R1206-05
UBC1H330MNS1,ALUB PP
TLE4286GHTSA1ALPESDEIS,SCT595-5 PP
NRVTS260EMFS,V8KM60DUHM3
APS12200LLHAL,SOT-23JEDEC
ATMEGA128A-AUR,TQFP64-0.80
C10N-0603-50V-5P-X7R,C0603-08
C100N-0805-50V-10P-X7R,C0805-1.25 AUTO
C100P-0805-50V-5P-C0G,0805-05
C22U-1210-25V-10P-X7R,C1210-2.5
R36R-0402,R0402-03
C22U-1210-25V-10P-X5R,C1210-2.5
C100N-0402-50V-10P-X5R,C0402-05
C2U2-0805-25V-10P-X7R,C0805-1.25 AUTO
C100U-1206-6V3-20P-X5R,C1206-1.4
C22P-0603-50V-5P-C0G,0603-05
C100N-0805-100V-10P-X7R,C0805-1.25 AUTO
C4N7-0805-50V-10P-X7R,0805-05
C220P-0603-50V-5P-C0G,0603-05
C270N-0805-25V-10P-X7R,C0805-1.25
C100N-0201-35V-10P-X5R,0201-018 PP
R9M09-0603,0603-03 PP
R665K-0603-25PPM,0603-03 PP
BLM21SP102SN1D,0805-09 PP
PROMOM40APG,BGA 31X31 EASII PROMOAUTO
LT8653SEV,QFN20-4x3x.8 0P5 PP
ADS8904BRGE,QFN24-4x4x.1 0P5 PP RGE
SBGA,BGA 31X31 TRAD SBGA31
C18N-0603-50V-10P-X7R,0603-05
C33P-0603-50V-5P-C0G,C0603-08
LTM4651EY,LGA77-15X9-4.3
C2N2-0603-50V-5P-X7R,0603-05
C18P-0603-50V-5P-C0G,C0603-08
C1U-1206-50V-10P-X7R,1206-05
C100U-1210-10V-20P-X5R,C1210-2.5
C100U-0805-6V3-20P-X5R,0805-05
R1M91-0603,R0603-04
C100N-0201-16V-10P-X5R,C0201-03
C220N-0603-25V-10P-X7R,C0603-08
R243R-0603,R0603-04
C47U-1206-25V-20P-X5R,C1206-1.4
ERJMP3MF33MU,2010-06
C2U2-1812-100V-10P-X7R,1812-09
AD8629ARMZ,MSOP8 PP
MCP2551-ISN,SOIC8 PP
MCP2515-IST,TSSOP20-0.65 PP
ECS-100-18-33-AGM,QZ 3.2x2.5x.75 PP siT8924
ECS-160-16-33B-CKM,QZ 3.2x2.5x.75 PP siT8924
25AA02E48-IOT,SOT-23_6
DSPIC33EP512GM304-IML,QFN44 8x8x0.9 P0.65
C10P-0603-50V-1P-C0G,0603-05
C10U-0805-25V-10P-X5R,C0805-1.25 AUTO
C2U2-0603-25V-10P-X5R,C0603-08
PIC18F46J50-IML,QFN44 8x8x0.9 P0.65
C560P-0603-50V-5P-C0G,C0603-08
LIS344ALHTR,LGA16-4x4x1.5 0P65 PP LIS
LP2951ACD-3.3R2G,SOIC8 PP
C4U7-1206-50V-10P-X7R,C1206-1.4
C10U-1206-25V-10P-X7R,C1206-1.4
C150P-0603-50V-5P-C0G,C0603-08
C100P-0603-50V-5P-C0G,C0603-08
CT47U-D-35V-10P-0R3,D PP
ECS-271.2-18-33-JGN,QZ3.2X2.5 0.7 standard PP
7445520,IND2 4.4x6.6x2.9 - 744552
LP2985IM5X-5.0,SOT-23_5 PP
PLM393LVDR,SOIC8 PP
LM393D,SOIC8 PP
NL17SH17P5T5G,SOT-953 PP
MBRS260,SMB
SN74LVC1G32DRYR,SON6 1.45x1x0.6 0P5 DRY
C12P-0603-50V-1P-C0G,0603-05
C10U-1210-10V-10P-X7R,C1210-2.5
X32-16.000-12-30-30-4085,QZ 3.2x2.5x.75 PP siT8924
C1N-0402-50V-5P-X7R,C0402-05
C100N-0805-50V-5P-X7R,C0805-1.25
C10P-0402-50V-5P-C0G,C0402-05
C100N-0603-50V-10P-X7R,C0603-08
C220P-0603-50V-10P-X7R,C0603-08
MIC52703.0YM5,SOT-23-5
PIC24FJ128GC010-I-PT,TQFP100-0.40
C4U7-0603-35V-10P-X5R,C0603-08
CDSOD323-T08S,SOD323 PP DIODE
SN74AHC1G04DRLR,SOT-553 PP
MAX202ECSE,SOIC16 D PP
DLW5BTM501TQ2L,IND4 5x4.7x2.3 3P0 DLW5BT
AD5144BCPZ10,QFN24 4x4x1 P0.5 PP
CD4077BM96,SOIC14 N 150 mil SL PP
TXB0104QPW,TSSOP14-0.65 PP
EEEFK1C100AR,ALUB PP
LM2907MX,SOIC14 N 150 mil SL PP
SN74HC21PW,TSSOP14-0.65 PP
NE555PW,TSSOP8 PP
SN74ACT08D,SOIC14 N 150 mil SL PP
TPS3820-50DBV,SOT-23_5 PP
PIC16F690-IML,QFN20 4x4x.9 0P5 IML AUTO
C1N-0402-100V-5P-C0G,0402-05
C220N-0402-25V-10P-X5R,0402-05
VTVS3V3ASMF-M3-08,SMF DO-219AB PP
R0R001-2512-1W,R2512-06
C2U2-0603-10V-10P-X7R,C0603-08
C10N-0402-25V-5P-X7R,C0402-05
BSN20-7,SOT-23JEDEC
C100P-0603-100V-5P-C0G,C0603-08
C10U-1210-25V-10P-X7R,C1210-2.5
SN74AXC4T774PW,TSSOP16-0.65 PP
TLV70218QDBVRQ1,SOT-23_5 PP
TPS70933DBV,SOT-23_5 PP
AD5144BCPZ100,QFN24 4x4x1 P0.5 PP
TPS386040RGPT,QFN20-0.5
5M80ZE64A5N,TQFP64-0.40
C330N-2220-50V-5P-C0G,2220-25 PP
C220N-2220-50V-5P-C0G,2220-25 PP
DRV110APW,TSSOP14-0.65 PP
CD4040BPW,TSSOP16-0.65 PP
SN74HCS21QPWR,TSSOP14-0.65 PP
SN74HCS32QPWR,TSSOP14-0.65 PP
CD4027BPW,TSSOP16-0.65 PP
SN74HCS86PWR,TSSOP14-0.65 PP
SN74LVC07AQPWR,TSSOP14-0.65 PP
C100N-0201-16V-10P-X7S,0201-03 PP
C10P-0201-50V-0P5-C0G,0201-03 PP
C10U-1210-50V-10P-X7R,C1210-2.5
R220K-0805-25PPM,R0805-05
C15N-0402-50V-10P-X7R,0402-05
C47P-0805-100V-5P-C0G,C0805-1.25
C100P-0805-100V-5P-C0G,0805-05
MIC5233-5.0YM5,SOT-23_5 PP
LTC6902CMS,MSOP10
LTC6992HS6-2,SOT-23_6
CD74HC175M,SOIC16 D PP
R5K6-0805-25PPM,0805-05
C3N9-0603-50V-5P-C0G,0603-08
C10N-0201-16V-10P-X7R,0201-03 PP
R3K3-0805-25PPM,R0805-05
C22U-0805-6V3-20P-X5R,C0805-1.25
PCA9306DCU,VSSOP8 DCU PP
C1P-0402-50V-0P25-C0G,0402-05
C15P-0201-50V-5P-C0G,0201-03 PP
C1U5-1206-50V-10P-X7R,C1206-1.4
C10P-0603-50V-0P5-C0G,C0603-08
C10U-0603-16V-20P-X6S,0603-08
C1U-0201-16V-20P-X5R,0201-03 PP
C10U-1206-25V-10P-X5R,C1206-1.4
C4U7-0805-50V-10P-X5R,0805-05
C15N-0603-50V-5P-X7R,C0603-08
C100N-1206-50V-10P-X7R,C0805-1.25
C100P-0402-50V-5P-C0G,C0402-05
C1U-0402-16V-10P-X5R,C0402-05
C1U5-1206-25V-10P-X7R,1206-12 PP
C15P-0603-50V-0P25-C0G,0603-08
TXS0101DBV,SOT-23_6
C22N-0805-50V-1P-C0G,0805-11
TLV2211IDBV,SOT-23_5 PP
PCJ1C221MCL1GS,ALUG PP P0601
C6N8-1206-50V-1P-C0G,1206-14
C220N-1206-50V-10P-X7R,1206-14
MCP1824T-1802E-OT,SOT-23_5 PP
C4N7-0603-50V-10P-X7R,C0603-08
C10U-0805-35V-10P-X5R,0805-05
C22P-0805-50V-5P-C0G,0805-05 AUTO
R0R1-2512-3W,R2512-06
R499R-1206-25PPM,R1206-05
C22P-1206-100V-5P-C0G,C1206-1.4
C10U-1210-16V-10P-X7R,C1210-2.5
C1N-0603-50V-1P-C0G,0603-05
R11K8-1206,R1206-05
R1K21-1206,R1206-05
R243R-1206,R1206-05
R383R-0603,R0603-04
C1N-0805-50V-5P-C0G,0805-05
C3U3-0805-25V-10P-X7R,C0805-1.25
ADR435BRZ,SOIC8 PP
AD8295ACPZ,QFN16 4x4x.9 0P65 +4coins
AD7609BSTZ,LQFP64-0.50
PRG21AR420MB1RA,0805-11
AD8601WDRTZ,SOT-23_5 PP
ISL3295EIHZ-T,SOT-23_6
C47N-0201-6V3-10P-X5R,0201-03 PP
C4U7-1206-100V-10P-X7S,1206-14
DSPIC30F301130I-PT,TQFP44-0.80
C100N-0603-100V-10P-X7R,C0603-08
C47N-0603-100V-10P-X7R,0603-08
C1U-0402-16V-10P-X6S,0402-05
C220P-1206-1KV-5P-C0G,1206-14
C100N-0603-50V-5P-X7R,C0603-08
C10U-0402-6V3-10P-X6S,0402-05
C47P-0402-50V-5P-C0G,C0402-05
C1U-0603-16V-10P-X7R,C0603-08
C1U-0805-100V-10P-X7S,C0805-1.25
C10N-0402-25V-10P-X7R,C0402-05
C22U-1206-35V-20P-X5R,C1206-1.4
MAX3096ESE,SOIC16 D PP
SN65C1168EPWR,TSSOP16-0.65 PP
VNS1NV04DPTR-E,SOIC8 PP
C11P-0603-50V-5P-C0G,0603-08
LTC2862HDD-1,DFN8-3x3x.75 0P5 PP
LT1880CS5,SOT-23_5 PP
C1N1-0603-25V-5P-C0G,0603-08
CT10U-A-16V-10P-7R,A LENT PP
LMV331W5,SOT-23_5 PP
C22N-0805-50V-10P-X7R,0805-05
C4U7-0603-6V3-10P-X5R,C0603-08
CT1U-A-25V-10P-8R,A TANTAL
C2P2-0603-50V-0P25-C0G,0603-05
C56P-0603-50V-5P-C0G,C0603-08
C33N-0603-50V-10P-X7R,C0603-08
R18K-0805-25PPM,R0805-05
BZB84-B5V1,SOT-23JEDEC
C6N8-0805-50V-10P-X7R,0805-05 AUTO
R91K-0805-25PPM,R0805-05
C22U-0805-10V-10P-X5R,0805-05
ACE1V2012-900-R,IND4 2x1.2x1.2 PP ACE1V20
C100N-1206-100V-10P-X7R,C1206-1.4
SN74LVC1G3157DCK,SOT-323_SC-70_6 PP
MM74HC595MTCX,TSSOP16-0.65 PP AUTO
1SMB5943B,SMB PP
AD820ARZ,SOIC8 PP
TPS5410D,SOIC8 PP
TPS2375D,SOIC8 PP
T510X227K016ATE025,D PP
TCJE337M016R0070,D PP
3413.0113.22,1206-08 PP
C1N-1812-2KV-10P-X7R,1812-32 PP
OPA2188AIDGKR,MSOP8 PP
DAC7512E,VSSOP8 PP DGK
CRS09,SOD123Flat PP
AT24CS04-STUM-T,SOT-23_5 PP
APHBM2012SURKCGKC,SMD-4 2X1.6
ADS8341EB,SSOP16 DBQ PP
R6K49-0805-25PPM,0805-05
LM4565FVM-GTR,SM8 PP
C100N-0201-6V3-10P-X5R,0201-05
C220N-0402-50V-10P-X5R,0402-05
C4U7-0402-6V3-10P-X5R,0402-05
R2R-2512-1W,R2512-06
C1U-1210-100V-10P-X7R,C1210-2.5
C1U-1812-100V-10P-X7R,1812-32 PP 2
R8K2-1812,1812-09
ADC128D818CIMT,TSSOP16-0.65 PP
LM2907M-8,SOIC8 PP
EEEFK1H221P,ALUG PP
TPS3840DL30DBV,SOT-23_5 PP
STN0214,SOT-223JEDEC
TLV3202AQDGKRQ1,VSSOP8 PP DGK
BAT54S215,SOT-23JEDEC
C220P-1812-3KV-10P-C0G,1812-32 PP
NRVBA340T3G,SMA PP
SN65HVD1781QDR,SOIC8 PP
MPZ2012S221AT,0805-11
NSV60201L,SOT-23JEDEC
PTVS18VP1UP,SOD128 PP
PTVS6V0P1UP,SOD128 PP
ATMEGA324PB-AN,TQFP44-0.80
SZMMSZ5253B,SOD123W PP
C470N-0603-25V-10P-X7R,C0603-08
RS3J,SMC PP
R1K-1812,R1812-06
R0R-2512-2W,R2512-06
R10K-0603-5PPM,R0603-04
ZXMN6A07F,SOT-23JEDEC
C150N-0402-25V-10P-X5R,0402-05
KPBD-3224SURKCGKC,LED4 KPBD3224 AUTO
C680N-0402-10V-10P-X5R,0402-05
TCA9539PW,TSSOP24 PW PP
US1MFA,SOD123Flat PP
TPS78330DDC,SOT-23_5 PP
C10U-2220-100V-20P-X7R,2220-25 PP
SQ2337ES,SOT-23JEDEC
OPA349SA,SOT-353-1 PP
INA219BIDCN,SOT-23_8 PP
OPA379AIDCK,SOT-353-1 PP
C0P5-0402-50V-0P05-C0G,0402-05
C47P-0201-50V-5P-C0G,0201-03 PP
C1N-0402-50V-1P-C0G,0402-05
SM712-02H,SOT-23JEDEC
C10U-0805-10V-10P-X5R,C0805-1.25
C1P2-0402-50V-0P1-C0G,0402-05
R100K-2010,R2010-06
C100U-1210-16V-20P-X5R,C1210-2.5
C680P-0402-50V-5P-C0G,C0402-05
C1P8-0402-50V-0P1-C0G,0402-05
C470P-0402-50V-1P-C0G,C0402-05
LMR23630ADDA,SOIC8 PP
C1N5-0402-50V-2P-C0G,0402-05
C220U-1210-6V3-20P-X5R,1210-20 PP
PMEG10010ELRX,SOD123W PP
PESD0603-240,0603-08
EEEFK1C470UR,ALUC PP
M95M02-DRMN6P,SOIC8 PP
LIS3DH,LGA16 3x3x1 0P5 5_3 LIS3D
RV-8803-C7-32.768kHz-3PPM-TA-Q,DFN8 3.2x1.5x.8 0P9 PP
ADS7142IRUG,DFN-10 2X1.5-0.4
LT8609SIV,QFN16 3x3x.9 0P5 PP
C10U-1206-35V-10P-X7R,C1206-1.4
C3P9-0402-50V-0P05-C0G,0402-05
C10U-0805-16V-10P-X7R,C0805-1.25 AUTO
C220N-0402-16V-10P-X7R,C0402-05
C4U7-0805-35V-10P-X7R,0805-11
R0R05-1206-50PPM,R1206-05
C470N-0402-16V-10P-X5R,0402-05
DDZ9678,SOD123W PP
R2K2-2010,R2010-06
R2M2-0402-50PPM,R0402-03
C10P-0402-50V-0P25-C0G,C0402-05
C10U-1206-35V-10P-X5R,1206-14
744784039A,0402-05
744784047A,0402-05
NX3008NBKV,SOT-666 PP
MMZ1005Y152CT000,0402-05
NSR0240P2T5G,SOD923 PP
R887K-0603,0603-03 PP
LQW15AN10NJ00,0402-05
SI7655ADN,SI7655ADN
SR4G008,LGA6-6x4x.4 0Pn PP
TSU102IQ2T,DFN8-2x2x.9 0P5 PP
EFR32BG13P733F512GM48-D,QFN48-7x7x0.8 0P5 PP
744784112A,0402-05
PMDT290UCE,SOT-666 PP
C33P-0603-100V-5P-C0G,0603-08
PIC18F46K42-IMV,QFN40-0.4
R1M-0402-50PPM,R0402-03
C1N-0603-100V-5P-C0G,0603-08
R3M9-0603,R0603-04
R31K2-0402-25PPM,R0402-03
R43K-0402-25PPM,R0402-03
R470K-0402-50PPM,R0402-03
C560P-0402-50V-1P-C0G,0402-05
LM3880MFX-1AA,SOT-23_6
LQP15MN1N8W02,0402-05
LAT67F-U2AB-24,LED2-3.4x3x2.1 - LS T67F
SN74LVC1T45DCKT,SOT-323_SC-70_6 PP
LM94021BIMG,SOT-353-1 PP
MAX3378EEUD-T,TSSOP14-0.65 PP
CT330U-D-10V-10P-0R5,D PP
MAX8527EUD,TSSOP14-0.65 PP
MIC5219-3.3YMM,MSOP8 PP
T491D226K020AT,D PP
TAJA685K020RNJ,A LENT PP
CT1U-C-50V-10P-5R5,C TANTAL
C2N2-0402-25V-5P-C0G,C0402-05
C68P-0402-50V-2P-C0G,0402-05
R3K16-0805-10PPM,R0805-05
C10P-0603-50V-0P1-C0G,0603-08
BLM18EG601SN1D,0603-08
4816P-2-102LF,SOIC16 D PP
C10U-0603-6V3-20P-X5R,C0603-08
A1101ELHLT,SOT-23JEDEC
CT100U-C-10V-10P-0R2,C TANTAL
C2U2-0603-10V-10P-X5R,C0603-08
C2P-0402-50V-0P1-C0G,0402-05
93LC46B-ISN,SOIC8 PP
C10N-0201-16V-10P-X5R,0201-03 PP
C470N-0201-10V-20P-X5R,0201-03 PP
74HC1G125GV,SOT-753 - NEXPERIA SC-74A
SC189CSKTRT,SOT-23_5 PP
CYUSB3304-68LTXC,QFN68-8x8x.85 0P4 PP
ADG3301BKSZ,SOT-323_SC-70_6 PP
171031801,LGA16-9x9x2.7 1P5 Detromp
R90R9-0603,0603-05
PIC18F14K50-I-MQ,QFN20-5X5-0.8 0P5 PP
C4P7-0402-50V-5P-C0G,0402-05
74HC1G125GW,SOT-323_SC-70_5
C10U-1206-50V-10P-X7R,C1206-1.4
CT330U-D-10V-10P-0R065,D TANTAL
R7K87-0805-10PPM,0805-05
C3P3-0402-50V-0P1-C0G,0402-05
C47N-0805-25V-5P-C0G,C0805-1.25 AUTO
C2U2-1210-25V-10P-X7R,C1210-2.5
MAX3051EKA,SOT-23-8 2.8X1.75X1.45 MY
CT680U-D-4V-20P-0R012,D TANTAL
C5P6-0402-50V-0P1-C0G,0402-05
TPS76901DBV,SOT-23_5 PP
C470N-0402-10V-10P-X5R,0402-05
SMBJ24A,SMB PP
TSM2314CXRFG,SOT-23JEDEC
CT220U-D-10V-10P-0R05,D PP
TCQD106M035R0070E,D PP
LQW15AN2N5C00D,0402-05
AP7354D-18W5-7,SOT-23_5 PP
4259-63,SOT-323_SC-70_6 PP
SI7201-B-06-IV,SOT-23JEDEC
BSR802NL6327,SOT-23JEDEC
150060RV75240,LED4 0603 APHF PP
LIS2MDL,LGA12 2x2x.7 0P5 PP LIS2D
ISM330DLCTR,LGA14-3X2.5-0.85 PP
STM32L451CEU6,QFN48-7x7x0.8 0P5 PP
C2U2-1206-50V-10P-X7R,C1206-1.4
C3N3-0402-50V-5P-X7R,0402-05
C4U7-0603-16V-10P-X5R,0603-05
C47N-1206-50V-5P-C0G,1206-14
C4U7-0603-25V-10P-X6S,C0603-08
R16K5-1206-25PPM,R1206-05
R2K94-0402,R0402-03
C2N2-1206-50V-10P-X7R,C1206-1.4
SX1261IMLTRT,QFN24-4x4x.1 0P5 PP RGE
LM2731XMF,SOT-23_5 PP
LQW15AN47NJ00D,0402-05
MLZ2012N150LT,0805-09 PP
C22U-1206-10V-20P-X5R,1206-14
C2P2-0402-50V-0P1-C0G,0402-05
LQW15AN15NH00D,0402-05
IRS2186S,SOIC8 PP
EEE-1CA470WR,ALUC PP
CD74HC4052PW,TSSOP16-0.65 PP
EEE-FK0J101UR,ALUC PP
EEE-FK1J4R7R,ALUC PP
SP485CN-L,SOIC8 PP
TSV324IPT,TSSOP14-0.65 PP
EMZR250ARA680ME61G,ALUC PP
LM321MFX,SOT-23_5 PP
SMBJ51CA,SMB PP
LD1117S33CTR,SOT-223JEDEC
LD2980ABM50TR,SOT-23_5 PP
DPS310XTSA1,LGA8-2.5x2x.9 0P65 Detrom
R200K-2010,R2010-06
BSS123AGIL,SOT-23JEDEC
SMBJ130CA,SMB PP
C6P-0603-50V-0P25-C0G,0603-08
A supprimer,0402-05
SMBJ5.0AAGIL,SMB PP
MBRA210LT3GAGIL,SMA PP
PCF8563T-5AGIL,SOIC8 PP
TG-3530SAAGIL,SOIC14 N 150 mil SL PP
ADP3338AKCZ-3.3RL7AGIL,SOT-223JEDEC
CE201210-22NJ,0805-09 PP
CE201210-R47J,0805-09 PP
CDBA540-HF,SMA PP
C47P-0603-100V-5P-C0G,0603-08
T491C107K010ATAGIL,C TANTAL
C10N-0805-100V-10P-X7R,0805-05
C12P-0603-50V-5P-C0G,C0603-08
74HC1G04GWAGIL,SOT-353-1 PP
LTST-C170KGKT,0805-LED
C15P-0805-50V-5P-C0G,0805-05 AUTO
C100N-1206-250V-10P-X7R,C1206-1.4
PIC18F67J50AGIL,TQFP64-0.50
C82P-0603-50V-5P-C0G,C0603-08
STPS2H100A,SMA PP
ISL83075EIBZA,SOIC8 PP
SMLD12BN1WT86,0603-05
LM66100DCK,SOT-323_SC-70_6 PP
MAX9064EUK,SOT-23_5 PP
APTD3216SURCK,LED2-1.6x3.2x1.8 DOM-APTD
APTD3216SYCK,LED2-1.6x3.2x1.8 DOM-APTD
MCP1826S-3302EDB,SOT-223JEDEC
C100N-1812-500V-10P-X7R,1812-25
SMAJ150CA,SMA PP
TPS61070DDC,SOT-23_6
SMAJ75CA,SMA PP
CPC1393GR,SO4-4.8x9.5x3.3 2P54 CPC
APA3010F3C-GX,LED3-3x2x1 couché APA3010
5.0SMDJ120CA-T7,SMC PP
ZVN3320FTA,SOT-23JEDEC
BZT52C5V1S,SOD323 PP DIODE
D5V0L1B2WS,SOD323 PP DIODE
74HC1G04GV,SOT-23_5 smt3
C22U-0805-10V-20P-X7S,0805-05
R3K3-2512-2W,R2512-06
C47U-1206-10V-20P-X5R,1206-16 PP
CBC2518T100M,1007-18 PP
APTD3216QBC-D,LED2-1.6x3.2x1.8 DOM-APTD
C1N-2220-3KV-10P-C0G,2220-25 PP
ISL32272EFBZ,SOIC16 D PP
SN74LV244APW,TSSOP20-0.65 PP
NCP718AMTADJTBG,DFN6 2x2x.65 0P65 PP
DA2319-AL,IND6-6.6x8.2x5.4 1P85 DA2
74HC2G00DC,VSSOP8 DCU PP
PROMOM40APG OUVERT,BGA 31X31 EASII PROMOAUTO
LT1964IS5-5,SOT-23_5 PP
LT1763CS8-3.3,SOIC8 PP
LT1763CS8-5,SOIC8 PP
OPA690IDG4,SOIC8 PP
MC74ACT125DG,SOIC14 N 150 mil SL PP
DS90LV018ATM,SOIC8 PP
HCPL063N,SOIC8 PP H3.3 L5.2
R470K-2512-1W,R2512-06
MAX3232ESE,SO16 PP
VS-25TTS16STRLPBF,D2PAK
LM4040AIM3-3.0,SOT-23JEDEC
PDTB123YT,SOT-23JEDEC
STM32F411RET6,LQFP64 9x9x1 0P5 PP
FT232RL,SSOP28-0.65-BW:6.1
CDSOD323-T08SC,SOD323 PP DIODE
MAX9203ESA,SOIC8 PP
SN74LVC125AD,SOIC14 N 150 mil SL PP
AUIPS7091G,SOIC8 PP
DS2480B,SOIC8 PP
TRS202EIPW,TSSOP16-0.65 PP
R62R-1206-25PPM,1206-05
C47U-2220-25V-20P-X7R,2220-25 PP
PCA9517ADP,MSOP8 PP
TMP461AIRUN,WQFN10-2x2x.8 0P5 PP Asym
CT100U-A-6V3-20P-0R5,A LENT PP
C1U-1206-100V-5P-X7R,1206-14
C5P-0402-50V-0P05-C0G,0402-05
C100N-1206-50V-1P-U2J,1206-14
C5P6-0402-50V-0P25-C0G,0402-05
PCA9536TK,HVSON8-3x3x1 0P5 SOT908-1
R0R1-2512-1W-50PPM,R2512-06
CT10U-A-10V-10P-4R,A LENT PP
R250R-0603-25PPM,R0603-04
R267R-0603-10PPM,R0603-04
R34K8-0603-10PPM,R0603-04
R39K2-0805-25PPM,R0805-05
1008CS-102XGLB,IND2 2512 1008CS SILH AUT
C2P4-0402-50V-0P1-C0G,0402-05
C100U-0805-4V-20P-X6S,0805-09 PP
C0P56-0603-50V-0P25-C0G,0603-08
C1P8-0603-50V-0P1-C0G,0603-08
ADA4077-4ARUZ,TSSOP14-0.65 PP
AD8599ARZ,SOIC8 PP
SN74AVCH4T245PW,TSSOP16-0.65 PP
AD587JRZ,SOIC8 PP
50SVPK22M,ALUD8 PP
THS4551IDGK,VSSOP8 DGK PP
C22U-1206-10V-10P-X7R,C1206-1.4
C82P-0402-50V-5P-C0G,0402-05
TPS560430XFDBV,SOT-26
CC100U-D6.3x5.8-25V-20P,ALUD8 PP
WM8524CGEDT,WLR089U0-I/RM
R2K4-0201,R0201-02
C470P-0603-50V-5P-C0G,0603-05
PDTD123YT,SOT-23JEDEC
C39P-0402-50V-5P-C0G,0402-05
R36K5-0603-25PPM,R0603-04
C100U-1206-10V-20P-X5R,C1206-1.4
EEHZA1E221P,ALUF PP
PMEG4050EP,SOD128 PP
C6P-0201-50V-0P25-C0G,0201-03 PP
C220P-0201-50V-5P-C0G,0201-03 PP
598-8150-107F,LED2 1.25x3.2x.7 598-81
TXS0102DCU,VSSOP8 DCU PP
CC47U-D6-5.4-35V-20P,ALUD8 PP
TPD1E1B04DPY,X1SON2-0.6x1
ESDSLC16VLB,DFN1006-2 PP
CSD17571Q2,WSON6 2x2x.75 0P65 PP
598-8120-107F,LED2 1.25x3.2x.7 598-81
MAX3381ECUP,TSSOP20-0.65 PP
MAX893LESA,SOIC8 PP
74HC4051PW,TSSOP16-0.65 PP
C4P7-0603-50V-0P25-C0G,0603-05
C10U-0603-25V-20P-X5R,C0603-08
SN74LVC8T245PW,TSSOP24 PW PP
SN74LVC2T45DCT,VSSOP8 PP
C47U-0603-6V3-20P-X5R,C0603-08
C1N-0201-50V-10P-X7R,0201-03 PP
MAX4245AXT,SOT-323_SC-70_6 PP
C6P8-0603-50V-0P25-C0G,C0603-08
C12P-0201-50V-5P-C0G,0201-03 PP
1812L125-16DR,1812-09
ABS25-32768kHz-6,ABS25 PP RESO 8.4x3.8
NC7S14M5X,SOT-23_5 PP
SRN8040-3R3Y,IND2 8x8x4 PP SRN8040 AU.
598-8181-107F,LED2 1.25x3.2x.7 598-81
C27P-0201-25V-5P-C0G,0201-03 PP
TPS54325PWP,HTSSOP14 PP
DS1339U-33,MSOP8 PP
SFH4250-Z,LED4 SFH4250-Z AUTO
SN65DSI84ZQER,BGA AUTO 5X5
MMBT4401,SOT-23JEDEC
OP295GSZ,SOIC8 PP
2N7002FOROS,SOT-23JEDEC
SN74HC14DR,SOIC14 N 150 mil SL PP
LP5951MF-3.0,SOT-23_5 PP
C9P-0402-50V-0P25-C0G,0402-05
C220N-0805-50V-10P-X7R,0805-05 AUTO
OPA2380AIDGK,VSSOP8 DGK PP
LP2985AIM5-2.5,SOT-23_5 PP
MAX4335EXT,SOT-323_SC-70_6 PP
C47N-0201-16V-10P-X5R,0201-03 PP
SN65LVDS2DBVR,SOT-23_5 PP
AD5662BRMZ-1,MSOP8 PP
LM336M-2.5,SOIC8 PP
TLV117118DCY,SOT-223JEDEC
TLV117125DCY,SOT-223JEDEC
DS18B20U,MSOP8 PP
SDR0604-102KL,IND 5X5 TSE050
ECLAMP2422NOROS,DFN6 1x1.5-0.5 PP
PLVA656A,SOT-23JEDEC
ADA4077-1ARMZ,MSOP8 PP
AD4004BRMZ,MSOP10
ADA4805-2ARMZ,MSOP8 PP
M25P32-VMF6P,SOIC16 DW PP - WB ONSEMI
R226K-1206-50PPM,R1206-05
R2K61-1206-25PPM,R1206-05
SS34,SMC PP
C180P-0402-50V-5P-C0G,0402-05
C100U-1210-6V3-20P-X5R,1210-20 DIODE PP
74AHCT1G04GW,SOT-323_SC-70_5
R4K87-1206-25PPM,R1206-05
DG412LEDQ,TSSOP16-0.65 PP
ADR441ARMZ,MSOP8 PP
PCA8575PW,TSSOP24 PW PP
S25FL032P0XMFI01,SOICB8 PP 208miles
MPM3630GQV-P,QFN20-5x3x1.6 FORME MPM36
LGY870-J2M1-1,LED LG Y876 PP
G6SU-2F-5DC,G6SU-2F PP
NLV32T-100J,IND2-32x25 NLCV32
SMM02040C2613FB300,MELF0204 SMM0040C2613FB30
74HC238D,SOIC16 D PP
FM25W256-G,SOIC8 PP
LM258D,SOIC8 PP
MCP9801-MSN,SOIC8 PP
TXS0108EPWR,TSSOP20-0.65 PP
TLP291-BL,SO4-2.6x7x2.1x1P27 PP
NC7SZ125P5X,SOT-353-1 PP
LOY876-R2T1-24,LED LG Y876 PP
LS7366R-TS,HTSSOP14 PP
R2K2-1206,R1206-05
XC7A50T-1FTG256C,BGA256-17x17x2.1 P1 PP
ISO3082DW,SOIC16 DW PP - WB ONSEMI
LCMXO2-256HC-4SG48C,QFN48-7x7x0.8 0P5 PP
LSY876-P2S1-1,LED LG Y876 PP
ADR01ARZ,SOIC8 PP
AD5453YRMZ,MSOP8 PP
MAX485CSA,SOIC8 PP
TXS0104EPW,HTSSOP14 PP
SN74HC00D,SOIC14 N 150 mil SL PP
ADG221KRZ,SOIC16 D PP
LM4040D50IDBZ,SOT-23JEDEC
SN74HC125D,SOIC14 N 150 mil SL PP
MMZ2012Y601BT,0805-09 PP
74HC14D,SOIC14 N 150 mil SL PP
LF444CM,SOIC14 N 150 mil SL PP
C2P-0805-50V-0P25-C0G,0805-09 PP
C68N-1206-50V-5P-C0G,1206-14
LTST-C194KRKT,0603-03 PP
SN74HC125PWR,TSSOP14-0.65 PP
C12P-0402-50V-5P-C0G,0402-05
C10N-0603-100V-5P-X7R,0603-05
C22N-0805-50V-5P-C0G,0805-09 PP
R0R03-1206-1W,R1206-05
C820P-0603-50V-5P-C0G,0603-05
C22N-0805-100V-10P-X7R,0805-05
R100R-2512-1W,R2512-06
PTVS60VS1UR,SOD123W PP
FXMA2102UMX,QFN8-1.2x1.4x.5 1-3-1-3
BQ2002TSN,SOIC8 PP
C1N8-0402-50V-5P-X7R,0402-05
ADS7844E,SSOP20 DBQ PP
NTR4003NT,SOT-23JEDEC
BQ51013BRHL,DFN20 3.5X4.5-0.9 16+4 PP
592D158X06R3R2T20H,R TANTAL POINTU 20H
CSD19538Q2,WSON6 2x2x.75 0P65 PP
MCP1700T-3002ETT,SOT-23JEDEC
SERVAL3D40,BGA 31X31 EASII PROMOAUTO
SERVAL3D40-4.1.1,BGA 31X31 EASII PROMOAUTO
HL7800,MODULE 15X18.5X2.40 HL78
C47P-0805-50V-5P-C0G,0805-05
R40K2-0402-25PPM,R0402-03
C12P-0805-50V-5P-C0G,0805-05
C33P-0402-50V-5P-C0G,C0402-05
C2U2-0603-6V3-10P-X7R,0603-05
R1M4-0603,R0603-04
C3N3-0603-50V-10P-X7R,0603-05
C1U-0603-50V-10P-X6S,0603-08
C47U-1206-6V3-20P-X5R,C1206-1.4
SERVAL3D40-4.1.0,BGA 31X31 EASII PROMOAUTO
MMUN2214L,SOT-23JEDEC
IRLML6344TRPbF,SOT-23JEDEC
C22U-0805-6V3-20P-X7R,0805-09 PP
TLS202A1MBVHTSA1,SCT-595-5
OPA188AIDBV,SOT-23_5 PP
LIS2DH12TH,LGA12 2x2x.7 0P5 PP LIS2D
TXS0108ERGY,DFN20 3.5X4.5-0.9 16+4 PP
RN4871-VRM140,MODULE-3C 11x9 RN4870
TCA9617BDGKR,VSSOP8 PP DGK
STM32G030C8T6,LQFP48-0.50 PP
MAX16054AZT,SOT-23_6
EEEFK1E330UR,ALUC PP
CT100U-D-20V-10P-0R1,D PP
R1M-0402-25PPM,R0402-03
C68N-0402-50V-10P-X7R,0402-05
C2U2-0603-16V-10P-X7R,C0603-08
LTC4120IUD-4.2,QFN16 3x3x.9 0P5 PP
MP3326GR,QFN24 4x4x.9 0P45 Mps
C22U-1210-10V-10P-X7R,C1210-2.5
C4U7-0805-16V-10P-X7R,C0805-1.25
C47U-0805-6V3-20P-X5R,C0805-1.25 AUTO
ADM1191-2ARMZ,MSOP10
EEEFK1J330P,ALUF PP
8SLVD2102NLGI,VQFN16 3x3x1 0.5P PP
8SLVD1204NLGI,VQFN16 3x3x1 0.5P PP
EP53A7HQI,QFN16 2+14 3x3x1.1 0P5
ASG2-D-X-B-644.53125MHZ,QZ6 2.5X2X1 0P9625 ASG2
C150P-1206-1KV-5P-C0G,1206-14
NTHS0402N02N1002JE,0402-05
C2N2-1206-500V-10P-X7R,1206-14
TPS60403QDBV,SOT-23_5 PP
TS4041DILT-1.2,SOT-23JEDEC
UCC28722DBV,SOT-23_6
LTST-C191TBKT,0603-05
C4N7-0805-50V-1P-C0G,0805-05
C6P-0402-50V-0P25-C0G,C0402-05
R100R-1206-5PPM,R1206-05
LTM4618EY,BGA84-15x9x4.2 1P27 AUTO
C1N-0805-50V-10P-X7R,0805-05
C470P-1206-1KV-5P-C0G,1206-14
R0R015-2512-2W,R2512-06
R33R-1210-0W5,R1210-06
R470K-1210-0W5,R1210-06
C10P-0805-50V-5P-C0G,0805-05 AUTO
C10N-1210-500V-10P-X7R,1210-16
NRVBS3200,SMB PP
R8R2-2512-1W,2512-06
FAN3122CMX,SOIC8 PP
LT1243IS8,SOIC8 PP
TLC3702QDR,SOIC8 PP
CC100U-D8X6.2-25V-20P,ALUE PP
SN74LVC1G98DCK,SOT-323_SC-70_6 PP
BZX84C5V6LT1G,SOT-23JEDEC
MAX6672AXK,SOT-353-1 PP
TLV3011AMDBVREP,SOT-23_6
SMAJ100A,SMA PP
LM317LM,SOIC8 PP
STPS140A,SMA PP
ADUM1201CRZ,SOIC8 PP
BZT52H-C62,SOD123Flat PP
TLP291-4,SOIC16 D PP
US1M,SMA PP
R0R003-2512-4W,R2512-06
R15K8-0603-25PPM,R0603-04
R1R-2512-1W,R2512-06
R324R-0805,R0805-05
R33R-2512-1W5,R2512-06
R3R-1206,R1206-05
MC74HC4052ADW,SOIC16 DW PP - WB ONSEMI
R73K2-0603-25PPM,0603-03 PP
G3VM-41DY1,SO4-4.6x10x3.6 2P54 G3VM
TPS72118DBV,SOT-23_5 PP
FM24CL04B-G,SOIC8 PP
PFL2015-682MEB,0805-14 PP
74HC4052D,SOIC16 D PP
EEEFK1H470XP,ALUD8 PP
B82496C3569J,0603-05
MP3437GRP,QFN10-2P+3P 2x2.5x.9 0P65
R4K7-0603-5P,R0603-04
C1N-1206-2KV-10P-X7R,C1206-1.4
LMH0397RTV,WQFN32 5x5x08 0P5 PP
TPS3828-33DBV,SOT-23_5 PP
H.FL-R-SMT,H.FL-R-SMT AUTO
C22P-0805-100V-5P-C0G,C0805-1.25
R0R01-2512-3W,R2512-06
C2U2-1206-50V-5P-X7R,1206-14
R619K-0402,R0402-03
R330K-0603-25PPM,R0603-04
C2U2-1210-50V-10P-X7R,1210-20 PP 2
LTC1983ES6-5,SOT-26
XR20M1170IG16,TSSOP16-0.65 PP
SN65HVD32D,SOIC8 PP
ECS-SR1-8.00-B-TR,ECS-SR1 AUTO
MAX3232EEUE,TSSOP16-0.65 PP
LMH0002TMA,SOIC8 PP
DS10CP152QMA,SOIC16 D PP
C270P-0402-50V-1P-C0G,0402-05
MCFT0BT5N6,0402-05
0685T4000-01,1206-14
TPS70950QDBV,SOT-23_5 PP
R604R-1206,1206-05
R634K-0603,0603-03 PP
PTVS12VP1UP,SOD128 PP
C100P-1812-3KV-10P-C0G,1812-32 PP
R10R-0603-0W3,R0603-04
R33K2-0402-25PPM,R0402-03
SRN3012TA-6R8M,SRN3012TA
R4K7-0603-1P,R0603-04
MPZ2012S331AT,0805-05
R270R-2512-2W,R2512-06
C100P-0402-50V-1P-C0G,0402-05
R2K49-1206,R1206-05
NRVBS540T,SMC PP
SMBJ24CAQ,SMB PP
OPA192QDGKRQ1,VSSOP8 DGK PP
BFP842,SOT-343 PP
CPC1117NTR,SO4-4.1x6.1x2.2 2P54 CPC1
VOMA617A-X001T,SO4-4.9x7x2.1 2P54 VOMA
VO1400AEF,SO4-4.9x7x2.1 2P54 VOMA
ATMEGA4809-AF-VAO,TQFP48-0.50
TPS25940LQRVCRQ1,QFN20-4x3x.8 0P5 PP
PMEG3050EP,SOD128 PP
DMN62D0U,SOT-23JEDEC
LQM18PN1R5MFRL,0603-08
74HC165PW,TSSOP16-0.65 PP
MC74HC00ADT,HTSSOP14 PP
PCA82C251T-YM,SOIC8 PP
BGA427,SOT-343 PP
MC74HC08ADT,HTSSOP14 PP
TLMY1000-GS08,0603-06 PP
R0R01-2512,R2512-06
NTR5103N,SOT-23JEDEC
CDSOT23-T36C,SOT-23JEDEC
R1M-2512-2W,R2512-06
R4K7-0201-25PPM,R0201-02
R6R8-2512-1W,2512-06
EEEFC1V470P,ALUE PP
EEEFC1A151P,ALUE PP
SIT1630AI-H4-DCC-32.768G,SIT1630AI...
R665R-0402,0402-03
OP177GSZ,SOIC8 PP
SMBJ3V3,SMB PP
MAX3208EAUB,MSOP10
EPM240T100I5N,TQFP100-0.50 PP
B82496C3121J,0603-08
B82496C3181J,0603-08
B82496C3680J,0603-08
B82496C3829J,0603-08
WP4R1,QFN12-3x3x.9 0P5 PP DQ122
EEE1VA220SP,ALUD8 PP
R12K7-1206-10PPM,R1206-05
R53R6-1206-10PPM,R1206-05
M306NKFHGP,LQFP100-1.7 PP
B82496C3221J,0603-05
C100N-0805-50V-10P-X8R,C0805-1.25
R23K2-1206-10PPM,R1206-05
R3K9-1206,R1206-05
B82496C3479J,0603-08
C8P-0402-50V-0P05-C0G,0402-05
B82496C3100J,0603-08
B82496C3470J,0603-08
PMEG6020ER,SOD123W PP
C5P-0402-50V-0P1-C0G,0402-05
BZX84C3V3,SOT-23JEDEC
R78K7-0603-10PPM,0603-03 PP
C2U2-0805-35V-10P-X7R,0805-09 PP
BLM21BD272SN1,0805-09 PP
C10U-0805-50V-10P-X5R,C0805-1.25
ADA4807-1ARJZ,SC-70-6 2x2x1 0P65 DCK Ti
C10P-0402-50V-0P5-C0G,C0402-05
ADR3412ARJZ,SOT-23_6
LT1761ES5-3.3,SOT-23_5 PP
C20P-0402-50V-5P-C0G,C0402-05
C2U2-0805-16V-10P-X7R,C0805-1.25
C3P3-0402-50V-0P25-C0G,0402-05 LENT PP
R150K-0603-10PPM,R0603-04
R3K92-0402,R0402-03
C47U-1206-10V-10P-X5R,C1206-1.4
SN74AVC8T245PW,TSSOP24 PW PP
0402DF-222XJRU,0402-05
C22U-2220-50V-20P-X5R,2220-25 PP HAUTEUR
C16P-0603-250V-2P-C0G,0603-06 PP
MMBT3906LT1G,SOT-23JEDEC
C10U-1206-10V-10P-X7R,1206-14
ADG738BRUZ,TSSOP16-0.65 PP
ADG801BRMZ,MSOP8 PP
LSF0102DCUR,VSSOP8 DCU PP
M24C02-RDW6TP,TSSOP8 PP
ADCLK950BCPZ,QFN40-0.5
ADR130BUJZ,SOT-23_6
ADP1740ACPZ-1.8-R7,QFN16-0.65 PP
ADT7420UCPZ-R2,QFN16-0.65 PP
NB4L52MNG,QFN16 3x3x.9 0P5 PP
TMUX136RSER,QFN10-0.5 Z LENT PP
ADCLK944BCPZ,QFN16 3x3x075 0P5 PP
7M-40.000MEEQ-T,QZ 3.2x2.5x.8 4Pins Ecs
C22U-0603-6V3-20P-X5R,C0603-08
C220P-0402-50V-5P-C0G,C0402-05
C470P-0402-50V-10P-X7R,C0402-05
C10U-0402-6V3-20P-X5R,C0402-05
B59707A120A62,1210-20 PP
BCR133,SOT-23JEDEC
C3N3-0805-50V-10P-X7R,0805-09 PP
R68K1-0805,0805-05
74LVC32APW,HTSSOP14 PP
SS14,SMA PP
EEEFK1H101P,ALUF PP
EEEFT1V561AP,ALUG PP
UUD1E471MNL1GS,ALUG PP
C2U2-1206-25V-10P-X7R,1206-14
BCR133S,SOT-323_SC-70_6 PP
STM32G474VBT6,LQFP100-0.50 PP
SST26VF032B-104IMF,UDFN8-5x6x.6 1P27 PP
BCP51,SOT-223JEDEC
LM2901YPT,HTSSOP14 PP
CT100U-C-10V-10P-1R2,C TANTAL
MAX13234EEUP,TSSOP20-0.65 PP
C22U-1210-16V-10P-X7R,1210-20 PP 2
R0R03-2512-3W,R2512-06
C6N8-0603-50V-10P-X7R,0603-05
C2U2-1210-100V-10P-X7R,C1210-2.5
TL431BIDCK,SC-70-6 2x2x1 0P65 DCK Ti
C15N-0201-16V-10P-X5R,0201-03 PP
BZX84C36,SOT-23JEDEC
R73K2-0402,0402-03 PP
SN65DPHY440SSRHRT,QFN28-5.5.x3.5x.8 0P5 RHR
DS90UB948TNKDTQ1,QFN64 9x9x0.9 P0.5
LT3060ETS8,SOT-23_8 PP
C4P5-0402-50V-0P1-C0G,0402-05
C2P5-0402-50V-0P1-C0G,0402-05
BZX84C5V6,SOT-23JEDEC
NC7S00M5X,SOT-23_5 PP
C18N-0805-50V-5P-C0G,0805-09 PP
C6N8-0805-50V-5P-X7R,0805-09 PP
HCPL-0601,SOIC8 PP
LT3092EST,SOT-223JEDEC
MMBZ10VAL,SOT-23JEDEC
C220N-0201-16V-10P-X5R,C0201-03
36401E8N2ATDF,0402-05
C220P-0805-50V-5P-C0G,0805-09 PP
C33N-0201-16V-10P-X5R,0201-03 PP
C4P-0402-50V-0P25-C0G,C0402-05
R10R-2512-1W,R2512-06
BAV199W,SOT-323_SC-70
C47U-1210-16V-20P-X6S,C1210-2.5
HCPL-0721,SOIC8 PP
74HC132D-T,SOIC14 N 150 mil SL PP
MAX845ESA,SOIC8 PP
LM224DG,SOIC14 N 150 mil SL PP
MAX3221EIPW,TSSOP16-0.65 PP
LQG15WZ5N8S02D,0402-05
LQG15WH5N8S02D,0402-05
TMP100NA-250,SOT-23_6
EMC2301-1-ACZL,MSOP8 PP
DMP3130L,SOT-23JEDEC
MMBTA56,SOT-23JEDEC
CT33U-X-35V-10P-0R1,X TANTAL
C0P3-0402-50V-0P1-C0G,0402-05
C2N2-1206-100V-5P-C0G,1206-14
LT1180AISW,SOIC18 DW
00000-RALENTIR MOYEN,RALENTIR MOYEN
STTH2R02A,SMA PP
C4N7-1206-250V-5P-COG,1206-14
6ES7195-0BD14-0XA0,QFN44 6ES7.195OBD AUTO
C4P7-0402-50V-0P25-C0G,0402-05
R15R-2512-1W,R2512-06
C0P2-0402-50V-0P05-C0G,0402-05
C330N-0603-50V-10P-X7R,C0603-08
SMBJ5381B-TP,SMB PP
R6R8-0402,0402-03 PP
STM32L051C8T6,LQFP48-0.50
TPS73018DBV,SOT-23_5 PP
C1N5-0201-50V-10P-X7R,0201-03 PP
BZX84C18,SOT-23JEDEC
SN65HVD234D,SOIC8 PP
74AVC4T245PW,TSSOP16-0.65 PP
IRF7470,SOIC8 PP
SSB44,SMB PP
C150P-0402-50V-5P-C0G,0402-05
C4N7-0603-50V-5P-C0G,0603-05
C1P-0603-50V-0P25-C0G,0603-08
MCP6546T-EOT,SOT-23_5 PP
R100R-2512-2W,R2512-06
0154010.DR,0154002.DR fus valideAUTO
R0R02-1206-0W5,R1206-05
C8P-0402-50V-0P5-C0G,0402-05
C33N-0805-50V-10P-X7R,C0805-1.25
C220N-0805-100V-10P-X7R,0805-05 AUTO
R24K9-2512-1W,R2512-06
R3R3-2512-1W,R2512-06
C220N-1210-250V-10P-X7R,1210-23 PP
UUD1H221MNL1GS,ALUG PP
LQW18AN6N8C00D,0603-05
BGU8019 CLIENT,XSON6-1.1x.7x.4 0P4 PP
BGU8019,XSON6-1.1x.7x.4 0P4 PP
EYSNSNZWW,EYSNSNZWW
TPS63031DSK,DFN-10 TPS63031DSK
B59606A0110A062,1210-20 PP
C10U-1206-35V-10P-X6S,1206-14
TPS55340QRTETQ1,QFN16 3x3x.7 0P5 PP
FSV360FP,SOD123 EP ONSEMI
SIP32431DR3,SOT-323_SC-70_6 PP
LQM21PN2R2MCA,0805-09 PP
TPS622311DRY,DFN6 1x1.5-0.5 PP
LTC3122IDE,DFN-12-4x3x.75 0P5 PP
SN65DP159RGZR,QFN48-7x7x0.8 0P5 PP
W25Q64JVZEIM,WSON8 6x8x.75 1P27
R50R-0402-25PPM,R0402-03
SI3473CDV,SOT-23_6
C7P5-0402-50V-0P25-C0G,0402-05
C2U2-1206-16V-10P-X7R,C1206-1.4
C1N-0402-100V-10P-X7R,0402-05
C0P75-0402-50V-0P25-C0G,0402-05
C470P-0603-50V-10P-X7R,C0603-08
CG0603MLC-05LE,0603-08
C10N-0805-630V-10P-X7R,0805-09 PP
NRVTS245ESF,SOD123Flat PP
PM8834,SOIC8 PP
CAT25160VI,SOIC8 PP
MURS160,SMB PP
EEEFK1V221P,ALUF PP
LM2903S,MSOP8 PP
ADG1611BRUZ,TSSOP16-0.65 PP
ADG1612BRUZ,TSSOP16-0.65 PP
AD8397ARDZ,SOIC8 PP
LM5007MM,MSOP8 PP
R560K-2010,R2010-06
C1N5-0805-50V-5P-C0G,0805-05 AUTO
SM36-02H,SOT-23JEDEC
DDZ10CS,SOD323 PP DIODE
MCP1824T-1802EOT,SOT-23_5 PP
R360K-2010,R2010-06
R0R-2512-1W,R2512-06
R0R005-2512-4W,R2512-06
R10R-2010,R2010-06
R220R-2010,R2010-06
R2R-1206,R1206-05
AD8692ARZ,SOIC8 PP
OPA376AIDCK,SOT-353-1 PP
TPS71550DCK,SOT-353-1 PP
LMV331Q,SOT-23_5 PP
LMV7235M7,SOT-353-1 PP
M74VHC1GT08DTT,SOT-23_5 PP
C2N7-0402-50V-5P-X7R,0402-05
CKP20163R3M-T,0806-10 PP
MAX987EUK,SOT-23_5 PP
74LVC1G14GW125,SOT-353-1 PP
74LVC1G11GW,SOT-323_SC-70_6 PP
SQ4946AEY-T1-GE3,SOIC8 PP
2220HC682KAZ1A,2220-25 PP
CFS1000,SOIC16 DW PP - WB ONSEMI
LT8608IMSE,MSOP10
C18P-0402-50V-5P-C0G,C0402-05
LE910C1-EUX,MODULE LR9110C1-EUX
C470N-0603-50V-10P-X7R,C0603-08
C1N-0603-100V-10P-X7R,C0603-08
C1N-1206-50V-1P-C0G,1206-14
MMZ2012R102A,0805-05
C10P-0603-100V-5P-C0G,0603-05
LM293AD,SOIC8 PP
SN74LVC2G74DCTR,MSOP8 PP
74AC32SC,SOIC14 N 150 mil SL PP
ADUM252N0BRIZ,SOIC16 DW PP - WB ONSEMI
74LVC2G08DP,TSSOP8 DP SOT505-2 NEXPER
THS4531AIDGK,VSSOP8 PP DGK
C220P-1206-200V-5P-C0G,1206-14
FI-W15P-HFE-E1500,FI-W15P-HFE-E1500 con 15P
ADR01AKSZ,SOT-353-1 PP
AD5543BRMZ,MSOP8 PP
C2N2-0603-100V-5P-C0G,0603-08
SN74LS04D,SOIC14 N 150 mil SL PP
SN74LS08D,SOIC14 N 150 mil SL PP
CD74HC04M,SOIC14 N 150 mil SL PP
SN74LS09D,SOIC14 N 150 mil SL PP
TL084ID,SOIC14 N 150 mil SL PP
LF356MX,SOIC8 PP
LM339ADR,SOIC14 N 150 mil SL PP
OPA627AU,SOIC8 PP
SN74LVC1G175DCK,SOT-323_SC-70_6 PP
R10K2-0603-25PPM,R0603-04
R357R-0402,R0402-03
R422R-0603,R0603-04
PGA281AIPW,TSSOP16-0.65 PP
AD8012ARMZ,MSOP8 PP
PCA9554PW,TSSOP16-0.65 PP
0437.375WR,1206-14
MCP130T-450ITT,SOT-23JEDEC
ZVP3306F,SOT-23JEDEC
ZXCT1009FTA,SOT-23JEDEC
742862160,0603-08
AD8656ARZ,SOIC8 PP
CT100U-B-6V3-10P-3R,B TANTAL
R43K2-0402,R0402-03
C22N-1206-50V-10P-X7R,1206-14
C220N-0805-25V-10P-X7R,0805-05 AUTO
BC817W,SOT-323_SC-70
R0R01-2512-1W,R2512-06
C10P-0805-50V-1P-C0G,0805-09 PP
C220P-0805-100V-5P-C0G,0805-05 AUTO
R1K05-0603-25PPM,R0603-04
R1K21-0603-10PPM,R0603-04
R22K-2512-1W,R2512-06
C330P-0603-50V-5P-C0G,C0603-08
C10N-0603-25V-1P-C0G,C0603-08
LM211D,SOIC8 PP
LM2903D,SOIC8 PP
LM293D,SOIC8 PP
TL431AIDR2G,SOIC8 PP
TLC2272AID,SOIC8 PP
UCC2895DW,SO20
LM5116MH,TSSOP20-0.65 PP
C10U-2220-50V-10P-X7R,2220-25 PP
C5P6-0603-250V-0P1-C0G,0603-06 PP
LTC6992IS6-3,SOT-23_6
LTC6993IS6-2,SOT-23_6
C100P-1210-2KV-5P-C0G,1210-20 PP
LTC6995IS6-2,SOT-23_6
OPA376AIDBV,SOT-23_5 PP
C10P-0805-100V-5P-C0G,0805-09 PP
LARA-R211-02B,LQFP144-0.50
C4N7-0603-100V-5P-C0G,0603-08
R0R025-2512-1W,R2512-06
C1N-0805-100V-5P-C0G,0805-05
R0R047-2512-2W,R2512-06
R0R2-2512-1W,R2512-06
R215K-1206,R1206-05
R22R-1210-0W5,R1210-06
FAN7621BSJ,SOP16 BSJ ONSEMI
FAN6300AMY,SOIC8 PP
TSC1031IPT,TSSOP8 PP
GB01SLT12-214,SMB PP
ADG419BRZ,SOIC8 PP
OPA659IDBVT,SOT-23_5 PP
SN65LVDT2DBV,SOT-23_5 PP
DS90LV011ATMF,SOT-23_5 PP
C470P-0805-200V-10P-X7R,0805-09 PP
PRG18BC3R3MM1RB,0603-08
REF2030AIDDC,SOT-23_5 PP
ECHU1H472JX5,1206-14
BLM31KN121SN1L,1206-14
BSH203,SOT-23JEDEC
DS90LV001TMX,SOIC8 PP
LTC6752HMS8-2,MSOP8 PP
FDS4141,SOIC8 PP
C100N-0402-25V-5P-X7R,0402-05
R249R-2512-1W,R2512-06
R270R-2512-1W,R2512-06
R49R9-2512-1W,R2512-06
C10U-0805-16V-10P-X5R,C0805-1.25
C100N-1210-200V-10P-X7R,C1210-2.5
LTC6228HS8,SOIC8 PP
SN65LVDT100DGK,VSSOP8 DCU PP
853S01AGILF,TSSOP16-0.65 PP
CC330U-D10X10-35V-20P,ALUG PP
CC1000UF-D10X10-10V-20P,ALUG PP
LM321MF,SOT-23_5 PP
R63R4-0402,0402-03 PP
SML-P12UTT86R,0402-03
TPS26600PWP,HTSSOP16 PWP PP
C680P-0603-50V-10P-X7R,0603-08
NCP51460SN33,SOT-23JEDEC
CC10U-D6X5.4-63V-20P,ALUC C6 PP
C10P-0402-50V-1P-C0G,C0402-05
R0R5-2512-1W,R2512-06
EEEFK1V101P,ALUF PP
CT4U7-C-35V-10P-2R2,C TANTAL
LQH43MN100K03L,LQH43MN100K03L
R0R82-2512-1W,R2512-06
R1K-1206-1W,R1206-05
R49R9-1206-25PPM,R1206-05
R56R-0402-25PPM,R0402-03
SPM10040T-100M,IND2 10x10.7x4 SPM10040
SQ2361AEES,SOT-23JEDEC
P1K0.0805.2P.A,0805-09 PP
16SVPK220M,ALUC C6 PP
R9K1-0603-25PPM,0603-03 PP
RBR3MM30ATF,SOD123Flat PP
NFE61PT472C1H9,NFE MECA PP
TPS82130SIL,LGA8-3x2.8x1.5 0P69 SIL
TLV70433DBV,SOT-23_5 PP
PMEG3005EJ,SOD323F
0154003.DR,0154002.DR fusible AUTO
L4931ABD50-TR,SOIC8 PP
LM4140ACM-2.5,SOIC8 PP
LT1521IST-3.3,SOT-223JEDEC
MAX3222IDB,SSOP20 DB PP
MAX3483ESA,SOIC8 PP
R0R068-2512-2W,R2512-06
C10U-1210-25V-10P-X5R,1210-23 PP
R270R-0603-25PPM,R0603-04
R2M21-0603-50PPM,R0603-04
R33K-0603-25PPM,R0603-04
R42K2-0603-25PPM,R0603-04
KP-2012SGC,0805-05
STM32L432KCU3,UQFN32 5.2x5.2x.6 0P5 PP
NLCV32T-100K-EFRD,IND2 3.2x2.5x2.2 NLCVpad2
93LC86BT-I-OT,SOT-23_6
LP2980AIM5-5.0,SOT-23_5 PP
LM3880MF-1AA,SOT-23_6
ADA4004-1ARJZ,SOT-23_5 PP
MAX16053AUT,SOT-23_6
293D225X0010A2TE3,A LENT PP
CT220U-D-10V-20P-0R018,D PP
BZT585B4V7T,SOD523 PP
R69K8-0603-25PPM,0603-03 PP
NFE31PT221D1E9L,NFE31 AUTO
CDSOD323-T12SC,SOD323 PP DIODE
CDSOD323-T24SC,SOD323 PP DIODE
C680N-0603-50V-10P-X5R,0603-08
MAX6627MKA,SOT-23_8 PP
HMC439QS16GE,SSOP16 DBQ PP
C330N-0402-25V-10P-X5R,0402-05
LQH55DN151M03L,IND2 5x5.7x4.7 LQH55DN
C680P-0603-50V-5P-C0G,C0603-08
C4U7-0603-10V-10P-X7S,0603-05
C47U-1210-16V-10P-X6S,1210-05
C22U-1206-16V-20P-X7R,1206-05
LT3042IMSE,MSOP10
AD5313RBRUZ,TSSOP16-0.65 PP
25SVPF56M,ALUD8 PP
20SVPF560M,ALUG PP
LM393ADGKR,VSSOP8 DGK PP
YC158TJR-0710KL,RR0804 PUCE
CDCLVD1208RHDT,QFN28-5x5x.9 0P5 PP
5AGXFB7K4F40,BGA1440 39x39xH 1P0 P
EV5AS210,BGA240-25x25x2 1P27 PP
HMC656LP2E,DFN6 2x2x.65 0P65 PP
NB7L11,QFN16 3x3x.7 0P5 PP
ADS124S08IRHB,QFN32-5x5x.9 0P5 PP
BQ25171QWDRC,VSON10 3x3x1 0P5 PP
RR47R-1206,1206-06
ZXMP10A13FTA,SOT-23JEDEC
MPL3115A2,SON8 5x3x1.1 1P25 PP detr
BUK7M27-80EX,BUK7M27
MC74VHC1G09DFT,SOT-353-1 PP
LTM4637EY,BGA133-15x15x4.9 1P27 PP
R3K16-0402,R0402-03
5M2210ZF256C4N,BGA256-17x17x2.1 P1 PP
C330P-0603-50V-10P-X7R,0603-05
C330N-0603-16V-10P-X7R,C0603-08
SN74LVC1G08QDRYRQ1,SON6 1.45x1x0.6 0P5 DRY
R64K9-0603-10PPM,0603-03 PP
BZT52C12-13-F,SOD123
R715R-1206,1206-05
SMAJ12CA,SMA PP
BZX84-C24,SOT-23JEDEC
ZXMP10A17GTA,SOT-223JEDEC
LM4565FVM-G,MSOP8 PP ROHM
PBSS9110T,SOT-23JEDEC
PC28F00BP30,BGAPC28F
CT100U-D-16V-10P-0R6,D PP
LRT67F-U1AA-1-1,LED2cr 3.5x2.8x1.9 LR T67
1012VA,QFP1012VA
LMZ34002RKG,MODULE LMZ34002RKG
MAX4215ESA,SOIC8 PP
C12N-0603-50V-5P-X7R,0603-05
AP2204K-3.3TRG1,SOT-23_5 PP
93LC46BT-IOT,SOT-26
R12K7-0603-25PPM,R0603-04
R249K-0805-25PPM,R0805-05
R56K2-0603,R0603-04
TMP275AID,SOIC8 PP
EEEFK1C221P,ALUE PP
SMBJ70CA,SMB PP
0ZCM0002FF2G,0603-04
MAX1818EUT25,SOT-23_6
R8R2-1210,1210-06
MC14051BD,SOIC16 D PP
ICL7662EBD,SOIC14 N 150 mil SL PP
LM5574MT,TSSOP16-0.65 PP
SN65C1168EPW,TSSOP16-0.65 PP
CSTNE8M00GH5C000R0,QZ3 1.3x3.2x.7 CSTNE MECA
SMAZ5V6,SMA PP
SMBJ60CA,SMB PP
1N4148WTQ,SOD523 PP
QS3861PAG8,TSSOP24 PW PP
EPCQ128ASI16N,SOIC16 DW PP - WB ONSEMI
TPS74611PQWDRVRQ1,SON6 2X2-0.75 PP
M4T32-BR12SH6,SO28
XC2S15-5TQG144C,LQFP144-0.50
BGT24LTR11N16E6327,LGA16-2.4x2.4x.7 0P5 PP
C100N-1210-50V-10P-X7R,1210-23 PP
1909763-1,1909763-1-MYT
NCV8406AST,SOT-223JEDEC
TSV994AIP,TSSOP14-0.65 PP
6ED003L02F2XUMA1,TSSOP28 9.7x6.4x1.2 0P65
TSV994AID,SO14
MAX1818EUT25-TG16,SOT-23_6
74HC00D,SOIC14 N 150 mil SL PP
EEEFC1V101P,ALUG PP
C470N-0402-50V-10P-X5R,0402-05
XC61FN3012MR-G,SOT-23JEDEC
IRF7324,SOIC8 PP
AT25XE161D-SSHN-T,SOIC8 PP
AT25XE321D-SSHN-T,SOIC8 PP
ME910G1WW01T010100,BGA225-28x28x2.1 1P8 PP
C12P-0402-50V-2P-C0G,0402-05
MFI343S00177,DFN8-2x3x.55 0P5 PP
C1P9-0402-50V-0P05-C0G,0402-05
TCAN1044DRQ1,SOIC8 PP
BZX84-C8V2,SOT-23JEDEC
LD1117S33C,SOT-223JEDEC
C1P5-0402-50V-0P25-C0G,0402-05
C3P-0402-50V-0P1-C0G,0402-05
SF-0603S600-2,0603-05
C2P2-0402-50V-0P25-C0G,0402-05
C0P5-0402-50V-0P1-C0G,0402-05
74438323033,1008-09 PP
MCP4022T-103ECH,SOT-23_6
CC47U-D6.3-5.4-35V-20P,ALUD8 PP
LMR36015SC3QRNXTQ1,VQFN12-3x2x.85 0P65P5 HR
LMZ10501SIL,DFN8-3x2.6x1.5 0P65 LMZ10
C680N-0805-25V-10P-X8L,0805-09 PP
LMV841QMG,SOT-353-1 PP
74LVC2G34GW,SOT-323_SC-70_6 PP
MAX9031AXK,SOT-353-1 PP
SPC5745BK1AVMH2,BGA100-10x10-1.0
MC33FS8405G0ESR2,QFN56-0.5 MC33FS8405ACTIA
LMZM23600SIL,LMZM23601V5SIL Module PP
93AA56AT-IOT,SOT-26
C2N-0402-50V-5P-X7R,0402-05
C330P-0402-50V-5P-C0G,0402-05
SF-0603S070-2,0603-05
C6P8-0402-50V-0P1-C0G,C0402-05
LMR14010ADDC,SOT-26
TPS55340RTE,QFN16 3x3x.7 0P5 PP
R25K5-0402,R0402-03
C2P-0201-25V-0P05-C0G,0201-03 PP
LM4050QAEM3X2.5,SOT-23JEDEC
SN74LVC1G240DCK,SOT-353-1 PP
PDZ12B,SOD323 PP DIODE
TLV7021DBV,SOT-23_5 PP
PDTC124EU,SOT-323_SC-70
A3946KLPTR-T,TSSOP16-0.65 PP
M95512-DRMN3TP-K,SOIC8 PP
74HC4851PW,TSSOP16-0.65 PP
TCAN1042VD,SOIC8 PP
SN74HCS595PW,TSSOP16-0.65 PP
INA240A1D,SOIC8 PP
BLM31KN471SH1L,1206-14
SS16,SMA PP
R6K81-0603-25PPM,0603-03 PP
BC846BPDW1,SOT-323_SC-70_6 PP
BAT54LT1G,SOT-23JEDEC
R634R-1206,1206-05
DMP6023LEQ,SOT-223JEDEC
GYA1H101MCQ1GS,ALUG PP
C10U-0603-6V3-10P-X5R,C0603-08
MM3Z27VS,SOD323 PP DIODE
R430R-1206,R1206-05
PLA160SCLIENT,SO6-OMA160S PP
IXDF604SI,SOIC8 PP
LTC2050CS5,SOT-23_5 PP
LT1019CS8-5,SOIC8 PP
MMZ1608R102ATD25,0603-08
PUMH9,SOT-323_SC-70_6 PP
MUN5311DW1,SOT-323_SC-70_6 PP
ADA4522-4ARZ,SOIC14 N 150 mil SL PP
AD8065ARTZ,SOT-23_5 PP
SC145-ES,MODULE 25.5X25.6 SC145-ES
MC06XS4200BFKR2,MODULE MC... ACTIA
MC20XS42000BFKR2,MODULE MC... ACTIA
C3U3-1206-100V-10P-X7S,1206-14
AD8515ARTZ,SOT-23_5 PP
NHQ103B375T10,1206-14
LT3010EMS8E,MSOP8 PP
RB160M-60,SOD123
CT10U-B-25V-10P-3R,B TANTAL
LMV7275MF,SOT-23_5 PP
C390P-0603-50V-5P-C0G,0603-05
R1R2-1206,R1206-05
C18P-0805-100V-5P-C0G,0805-05
R221K-0402,R0402-03
LTC7004EMSE,MSOP10
150060RS75020,0603-03 PP
LMR36015FBRNX,VQFN12-3x2x.85 0P65P5 HR
SMBJ20CA,SMB PP
TPS3702CX12DDC,SOT-23_6
C10U-0603-10V-10P-ITANCIA,0603-08 Z LENT PP
NTR4003N,SOT-23JEDEC
IPT007N06N,IPT007N06N
C3P-0603-100V-0P25-C0G,0603-08
C18N-0603-50V-5P-X7R,0603-08
FDD86367-F085,DPAK
SI2303CDS,SOT-23JEDEC PP LENT
SN74LVC2G04DCK,SOT-323_SC-70_6 PP
ADA4522-1ARMZ,MSOP8 PP
LP5907MFX-3.3,SOT-23_5 PP
MICROFJ-600035-TSV-TR,BGA36-6.1x6.1x.4 0P1 PP
R1K27-0603,R0603-04
MMSZ5232B-TP,SOD123
R84K5-0805,0805-05
R23R2-0603,R0603-04
R39K-0805-25PPM,R0805-05
KPHHS-1005SECK,0402-05
LT8301ES5,SOT-23_5 PP
SN74LVC1G10DCKR,SOT-323_SC-70_6 PP
TLV3701QDBVRQ1,SOT-23_5 PP
SN74LVC1G02DCK,SOT-353-1 PP
ADA4522-2ARMZ,MSOP8 PP
SN74HCS164QPW,HTSSOP14 PP
SN74HCS32QPW,HTSSOP14 PP
CD74HC112PW,TSSOP16-0.65 PP
SN74HCS21QPW,HTSSOP14 PP
SN74HCS86PW,HTSSOP14 PP
TPS3702CX50DDC,SOT-23_6
REF3030AIDBZ,SOT-23JEDEC
74AUP1G332GW,SOT-323_SC-70_6 PP
ADG849YKSZ,SOT-323_SC-70_6 PP
NCP303LSN47,SOT-23_5 PP
B57332V5103F360,0603-08
ADUM1201WURZ,SOIC8 PP
MBRS360,SMA PP
MMA02040E1000BB100,MELF0204 AUTO
R56K-0805-25PPM,R0805-05
DSPIC33CK64MP103-EM5,UQFN36 5x5x.55 0P4 PP
C1U-0603-35V-10P-X7R,C0603-08
N64S830HAS22I,SOIC8 PP
ADUM5401CRWZ,SOIC16 DW PP - WB ONSEMI
NLU3G16AMX1TCG,DFN8-1.95x1x.4 0P5 PP
RM44L920APGE,LQFP144-0.50
QZ 10X4 ITANCIA,QZ 7.5x5.2x1.4 4pins PP
QZ_10X4_ITANCIA,QZ 7.5x5.2x1.4 4pins PP
TLV3201AIDBV,SOT-23_5 PP
TPS7B6950QDBVRQ1,SOT-23_5 PP
SMCJ28A,SMC PP
C4N7-2220-250V-10P-X7R,2220-25 PP
SMCJ12,SMC PP
CONDO_ITANCIA,0402-05
CT470U-D-10V-10P-0R1,D PP
BZX84-C27V,SOT-23JEDEC
MMSZ5237B,SOD123W PP
MMSZ20,SOD123W PP
CHV2512-FX-1004ELF,2512-06
BZX585-C5V6,SOD523 PP
AP2204K-3.3,SOT-23_5 PP
HSMM-C170,0805-09
C10N-0402-16V-5P-X7R,0402-05
R174K-0402,R0402-03
HSMC-C170,0805-05
TS12A4516DBV,SOT-23_5 PP
NB7V52MMNG,QFN16 3x3x.9 0P5 PP
SY89295UMG,QFN32 5x5x08 0P5 PP
LMH6609,SOT-23_5 PP
TemporocBGA516,BGA516-20x20x1.39 WEEROC
MMSZ5245B,SOD123W PP
LM4040AIM3-2.5,SOT-23JEDEC
LT3461AES6,SOT-23_6
AD7766BRUZ,TSSOP16-0.65 PP
TLV2333ID,SOIC8 PP
EEHZC1H220P,ALUD8 PP
EEE-FP1E101AP,ALUE PP
854S01AKILF,VFQFN16 PP
DAC2902Y-1K,TQFP48-0.50
LM317AEMP,SOT-223JEDEC
R4K7-2010-1W,R2010-06
SN74LVC2G241DCU,VSSOP8 DCU PP
TMUX1237DCK,SOT-323_SC-70_6 PP
R909R-0603,0603-05
MMSZ5232B,SOD123W PP
R10K-2010-1W,R2010-06
R48K7-0603-25PPM,R0603-04
CT100U-D-10V-20P-0R018,D TANTAL
SN74AUP1T34DCK,SOT-353-1 PP
UWX1E101MCL1GB,ALUE PP
SN74AUP1G14,SOT-23_5 PP
TCA6424ARGJ,UQFN32 5x5x.6 0P5 PP
XR31233ED,SOIC8 PP
AD8065,SOT-23_5 PP
LT6003CS5,SOT-23_5 PP
BLM31PG601S,1206-14
74AVCH8T245PW,TSSOP24 PW PP
AD5312BRM,MSOP10
AD680,SOIC8 PP
TPS7A3001DGN,MSOP8 PP
TPS7A4901DGN,MSOP8 PP
ADCMP582BCPZ,QFN16 3x3x.9 0P5 PP
MAX40026ATA,DFN8 2x2x.55 0P5 PP
TLV3501,SOIC8 PP
MMA0204501BL-24K,MELF3514
06031A390JAT2A,0603-08
C2U2-0603-16V-10P-X5R,C0603-08
R32K4-0805,R0805-05
C5P-0603-50V-0P25-C0G,0603-08
R8K06-0805,0805-05
R15K4-0805,R0805-05
SSM0204501BL1M,MELF3514
DAC8411IDCK,SOT-323_SC-70_6 PP
EPCQ4ASI8,SOIC8 PP
EP3C5E144C7,LQFP144-0.50
TPS799XX,SOT-23_5 PP
0154003.DRT,0154002.DR fus valideAUTO
SN74AVC1T45DCK,SOT-323_SC-70_6 PP
SN65DSI84ZXH,BGA AUTO 5X5
NFP0QSB132HL2D,IND4-.65x.5 0P45 NFP0QS
R6K81-0603-10PPM,0603-03 PP
CBC3225T220KR,1210-06
SN74AUP1G04DBVT,SOT-23_5 PP
1SMB5917B,SMB PP
LT1801CMS8,MSOP8 PP
C820P-0402-50V-10P-X7R,0402-05
C470N-0201-10V-10P-X5R,C0201-03
C1P-0201-50V-5P-C0G,0201-025
0154.500DR,0154002.DR fus valideAUTO
C100N-1206-50V-5P-C0G,1206-14
R10M-2512-1W,R2512-06
742792780,0402-05
C6N8-0805-50V-5P-C0G,C0805-1.25
NTZD3154N,SOT-563 PP
R43R-0804,RR0804 EXB28 PUCE
ESD5V3U2U-03LRH,TSLP-3-7 - .6x1x.4 SON3
DAC6311IDCK,SOT-323_SC-70_6 PP
PCA9543AD,SOIC14 N 150 mil SL PP
R9M76-0402,0402-03 PP
CT470U-D-2V-20P-0R009,D PP
CT220U-D-6V3-20P-0R005,D PP
CT100U-D-16V-20P-0R05,D PP
74279223560,1612-23 PP
B540C-13-F,SMC PP
C470N-0201-6V3-10P-X5R,0201-03 PP
C30P-0402-50V-5P-C0G,0402-05
R2K15-0603,R0603-04
C47N-0805-25V-10P-X7R,C0805-1.25 AUTO
C100N-0402-50V-10P-X7R,C0402-05
C6P8-0402-10V-0P5-C0G,0402-05
R1K5-0402-25PPM,R0402-03
R1K8-0603-25PPM,R0603-04
LT1389ACS8-1.25,SOIC8 PP
M24256-BWMN6TP,SOIC8 PP
REF5030IDR,SOIC8 PP
TXB0102DCUR,VSSOP8 DCU PP
MAX6697UP38,TSSOP20-0.65 PP
CDBC520-G,SMC PP
B120-13-F,SMA PP
LMK00804BPW,TSSOP16-0.65 PP
CT330U-V-6V3-20P-0R025,D PP
TCA9406DCUR,VSSOP8 DCU PP
T521X227M016ANE035,X TANTAL
CT220U-D-6V3-20P-0R006,D KEMET
MBRS240LT3G,SMB PP
P6SMB22A,SMB PP
TPS2458RHBT,VQFN32 5x5x1 0P5 PP
EN6362QI,MODULE EN6362QI
X1G0039510002SG-210SEH100,QZ2.5X2 PP
MT40A1G16KNR-075E,BGA96 13.x7.5x1.1 0P8 KNR
C6P-0402-50V-0P5-C0G,0402-05
R160K-0402-25PPM,R0402-03
R19K6-0402,R0402-03
TPS51200DRCT,WSON12 CPPM AUTO 3
PMEG2005AEL315,SOD882
X1G0039510001SG-210SEH125MHZL,QZ2.5X2 PP
ER3105DI,DFN12 4x3x1 0P5 Altera
BCM5482S,BGA121-11x11-1.0
TPS3808G25DBVT,SOT-23_6
SN74LVC1G07QDBVRQ1,SOT-23_5 PP
SI5338A-B-GM,QFN24-4x4x.75 0P5 PP
LTC2990IMS,MSOP10
TPS22902BYFPR,BGA4-.76x.76x.5 0P4 PP
FBGA2597-S10-F53,BGA2597-52x52x3.9 S10-F23
MT25QU01GBBB8E12-0SIT,BGA24-8x6x1 1P PP2
TPS78218DDCT,SOT-23_5 PP
APTF1616SEEZGQBDC,LED4 1616 APTF MARKcpst=P
LTM4626IY,BGA49-6.2x6.2x3.9 0P8 PP
R22K-1206-25PPM,R1206-05
LTM4677EY,BGA144-16x16x5 1P27
150060SS75000,0603L PP
EY1501DI-ADJ,EY150 DFN10-10 3x3x0.8asy
EN63A0QI,MODULE EN63A0QI
SG-210STF50.0000MS3,QZ2.5X2 PP
LTM4650EY-1A,BGA144-16x16x5 1P27
C6P2-0402-50V-0P1-C0G,0402-05
C10U-0603-6V3-20P-X7R,0603-08
C10N-2220-2KV-10P-X7R,2220-25 PP
CD40106BPW,HTSSOP14 PP
TC4428EOA,SOIC8 PP
CD4081BM,SOIC14 N 150 mil SL PP
OP2177ARZ,SOIC8 PP
AD8421ARMZ,MSOP8 PP
LT1460EIS8-10,SOIC8 PP
PESD3V3L1BA,SOD323 PP DIODE
LM2903DGK,VSSOP8 DGK PP
1269AS-H-100N-P2,1008-09 PP
LQW15AN56NG00D,0402-05 LENT PP
NCS2202AMUTBG,DFN6 1.2x1x.5 0P4 ONSEMI
ANT016008LCS2442MA2,ANT01 0603-04
MAX98307ETE,QFN16 3x3x.9 0P5 PP
1SX280HU1F50E2VG,BGA2397-50x50x3.8 INTEL
R16K-0603-25PPM,R0603-04
R196R-1206-25PPM,R1206-05
R316R-0603,R0603-04
R4K22-0603-25PPM,R0603-04
C2P-0402-50V-0P05-C0G,C0402-05
PCAL9555AHF,QFN24-4x4x.75 0P5 PP
BQ24074RGT,QFN16 3x3x075 0P5 PP
IQS266-0-QN,QFN16 3x3x.9 0P5 PP
AveUICC3210BICS0M1M2R3000,QFN AVEUICC32... SOMFY
SFH3710-Z,0805-07 PP
MX25R6435FZAIH0,USON8-4x4x.55 0P8 PP
DFE252010F-1R0M-P2,1008-09 PP
TPA6132A2RTE,QFN16 3x3x.9 0P5 PP
EASV3020RGA5,LED2-3x1 CouchéeEASV3020
CM8V-T1A-32.768KHZ-12.5PF-20PP,0805-07 PP CM8V LOCATIS
AK7755EN,QFN36 6x6x1 0P5 PP
BMA456,LGA12-2x2x1 0P5 PP
CC3230SF12RGK,QFN64 9x9x0.9 P0.5
LTST-S270KFKT,LED COUCHEE LTS
NCP186AMX330TAG,XDFN8 1.6x1.2x.37 0P4 ON
SSM3K37MFV,SOT-723 PP
MMSZ5245B-TP,SOD123W PP
CIGT201610EH2R2MNE,0806-10 PP
LQM2HPZ1R0MG0L,1008-09 PP
LQW15AN3N3B8Z,0402-05
DEA202450BT-1294C1-H,ANT4-0805 DEA202450 AUTO
SN65LVDT34D,SOIC8 PP
BAS16XV2,SOD523 PP
LC709203FXE-01MH,WLCSP9-1.6x1.76x.5 0P5 A
C1U-0402-25V-10P-X6S,0402-05
ULN2003AIPW,TSSOP16-0.65 PP
SN74LVC244APW,TSSOP20-0.65 PP
SN74AUP1G00DBVT,SOT-23_5 PP
C1210X226K8RACTU,1210-20 PP
ERA3AEB1472V,0603-03 PP
TPS54302DDCR,SOT-23_6
WSL1206R2000FEA,1206-05
C0603C472F3GACTU,0603-08
12061C102KAZ2A,1206-14
0805YC475KAT2A,0805-09 PP
CL31B106KLHNNNE,1206-14
C0603C689C5GACTU,0603-08
C0603C121J5GACTU,0603-08
06035C222KAT2A,0603-08
06031A470JAT2A,0603-08
06035A221JAT2A,0603-08
06035A330JAT2A,0603-08
06031A331JAT2A,0603-08
06035A471JAT2A,0603-08
06035A471FAT2A,0603-08
C47U-1210-16V-20P-X5R,1210-06
06035C333KAT2A,0603-08
06031C103KAT2A,0603-08
06035A102JAT2A,0603-08
06035C103KAT2A,0603-08
06035C104KAT2A,0603-08
C0805C391J5GACTU,0805-09 PP
CRCW060364K9FKEA,0603-03 PP
06035A181FAT2A,0603-08
BLM21BD601SN1D,0805-09 PP
CRCW0603121KFKEA,0603-03 PP
ERA3AEB103V,0603-03 PP
06033C105KAT2A,0603-08
0603N560F500CT,0603-08
CRCW060339K2FKEA,0603-03 PP
CRCW06034K12FKEA,0603-03 PP
CRCW0603562RFKEA,0603-03 PP
CRCW060322K1FKEA,0603-03 PP
CRCW06036K04FKEA,0603-03 PP
ERA3AEB104V,0603-03 PP
ERA3AEB153V,0603-03 PP
ERJ3EKF56R0V,0603-03 PP
ERJ3EKF2323V,0603-03 PP
ERJ3GEY0R00V,0603-03 PP
ERJ3EKF22R0V,0603-03 PP
ERJ3EKF2002V,0603-03 PP
ERJ3EKF49R9V,0603-03 PP
ERJ3EKF1002V,0603-03 PP
RQ73C2A68R1BTD,0805-05
CRCW1206240RFKEA,1206-05
CRCW12061R50FKEA,1206-05
CRCW060368R0FKEA,0603-03 PP
ERA3AEB332V,0603-03 PP
ERA3AEB4021V,0603-03 PP
ERJ3EKF1001V,0603-03 PP
CRCW2512120RJNEG,2512-06
PTVS28VP1UTP115,SOD128 PP
TLV803SDBZT,SOT-23JEDEC
C3216X7R1H106K160AC,1206-14
12103C106K4Z2A,1210-20 PP
BZG05C3V9-M3-08,SMA PP
GA355DR7GF472KW01L,2220-25 PP
ADR4530ARZ,SOIC8 PP
M24M01-RMN6TP,SOIC8 PP
AORN1002AT3,SOIC8 PP
LM2903MX,SOIC8 PP
MB85RS1MTPNF-G-JNE1,SSOP8 PP
SMAJ18A-E3-5A,SMA PP
1812GC472KAZ1A,1812-32 PP
IRF7205TRPBF,SOIC8 PP
EEEFP1V221AP,ALUF PP
OPA2376AIDGKT,VSSOP8 DGK PP
TLK106RHBR,VQFN32 5x5x1 0P5 PP
STM32F746ZET6,LQFP144-0.50
STTS22HTR,UDFN6 2X2mm EP0.6 PP
MMBTA42-7-F,SOT-23JEDEC
74LVC1G17SE-7,SOT-353-1 PP
C1812X104KCRACAUTO,1812-32 PP 2
BAT54SW115,SOT-323_SC-70
BC847PN-7-F,SOT-323_SC-70_6 PP
CRCW12062K20JNEA,1206-05
ERJ8ENF2703V,1206-05
CRCW12060000Z0EA,1206-05
BAT46WH115,SOD123Flat PP
MC33063ADRJR,SON8 4x4x.75 0P8 DRJ
KM-23SGD-F,SOT-23JEDEC
KM-23ID-F,SOT-23JEDEC
KM-23YD-F,SOT-23JEDEC
DMN3200U,SOT-23JEDEC
CT47U-A-10V-10P-2R,A LENT PP
R0R75-0603,R0603-04
R4R42-0603,R0603-04
C10N-0805-50V-1P-C0G,C0805-1.25
C10N-0402-100V-10P-X7S,C0402-05
SN74CBTLV3125D,SOIC14 N 150 mil SL PP
MAX706SESA,SOIC8 PP
ADA4084-4ACPZ,QFN16 4x4x075 P065 PP
MPF100TL-FCG484I,FBGA484-23x23x3.2 1P0 PP
S25FL128SAGNFI003,WSON8 6x8x.75 1P27
TPS7A4501DCQ,SOT-223-5 PP
BLM18AG121SH1D,0603-08
C100N-1210-50V-5P-C0G,1210-20 PP
R680R-0603-25PPM,0603-03 PP
MM3Z2V4,SOD323 PP DIODE
PGB1010402,0402-03
MAX3227EIDB,SSOP16 DBQ PP
SN74HC125PW,HTSSOP14 PP
SI3443DV,SOT-23_6
VSC8541XMVRT-HP,QFN68-8x8x.85 0P4 PP
FT230XQ-R,QFN16 4x4x075 P065 PP
C4N7-0402-100V-10P-X7R,0402-05
SST25VF016B-50-4I-S2AF,SOIC8 5.28 PP
R2K26-0603-25PPM,R0603-04
R2K61-0402-25PPM,R0402-03
R3K92-0603-25PPM,R0603-04
R4K12-0402-15PPM,R0402-03
R82K-0603-25PPM,R0603-04
SN75140PSR,SO8 PS
TL7700CPS,SO8 PS
TMP235A4DBZ,SOT-23JEDEC
MC74HC14ADTG,HTSSOP14 PP
TS334IYPT,HTSSOP14 PP
MCP6401T-H-OT,SOT-23_5 PP
TLS810D1EJV50XUMA1,SOIC8 PP
TLE72593GEXUMA3,SOIC8 PP
V8KM60DUHM3-I,V8KM60DUHM3
SZMMSZ6V2,SOD123W PP
IR2113S,SOIC16 DW PP - WB ONSEMI
LM317DCY,SOT-223JEDEC
US1D,SMA PP
C10N-0603-50V-10P-X8R,C0603-08
SN74LVC2G08MDCUREP,VSSOP8 DCU PP
R0R033-2010-1W,R2010-06
LT1021DCS8-5,SOIC8 PP H3.3 L5.2
ACS712ELCTR-20A,SOIC8 PP H3.3 L5.2
SN74AHC1G04DCK,SOT-353-1 PP
2N7002CK,SOT-23JEDEC
R21K-0603-25PPM,R0603-04
C33N-0603-25V-10P-X7R,C0603-08
ERA3AEB102V,0603-03 PP
ERJ3EKF1003V,0603-03 PP
STM8AF6246TDSSSY,LQFP32-0.80
LM26003MHX,HTSSOP20 PWP PP
BAS7004WH6327XTSA1,SOT-323_SC-70
0805ZC106KAT2A,0805-09 PP
C0603C222J5RACTU,0603-08
CC0603CRNPO9BN3R9,0603-08
CL21A226MAQNNNE,0805-09 PP
CRCW0603681RFKEA,0603-03 PP
ERA3AEB1743V,0603-03 PP
ERJ3EKF1000V,0603-03 PP
ERJ3EKF3093V,0603-03 PP
ERJ3EKF75R0V,0603-03 PP
ERJ6ENF1471V,0805-05
GCM188R70J225KE22D,0603-08
WCR1206-1K0FI,1206-05
ERJ3EKF1242V,0603-03 PP
ERJ3EKF1502V,0603-03 PP
ERJ3EKF2001V,0603-03 PP
C100P-0603-16V-20P-X8R,0603-08
C220P-0805-50V-5P-X8R,0805-09 PP
SMCJ15A,SMC
RN73H1JTTD2202F100,0603-03 PP
ERJ3EKF2201V,0603-03 PP
ERJ3EKF2702V,0603-03 PP
ERJ3EKF6811V,0603-03 PP
ERJ6ENF12R1V,0805-05
0603L075SL,0603-06 PP
LQP03TN1N3B02D,0201-03 PP
NCP5623C,SON10 2X2-0.6 PP
SIP32431DNP3,TDFN4-1.2x1.6x.55 0P5 PP
BQ51003YFP,BGA28-3x1.9x.5 0P4 PP
NRF52840-CKAA,BGA73-7x7 AP AUTO 2
DMP3028LFDE,DFN6 - UDFN2020-6 DMP3028
TPS25944ARVC,QFN20-4x3x.8 0P5 PP
APA2106SECK-J4-PRV,LED Couchée 2107x.6 APA
AB26TRQ-32.768KHZ,AB26TRQ
MIC47100-12YMME,MSOP8 PP
C16P-0402-50V-5P-C0G,0402-05
C12P-0402-50V-1P-C0G,0402-05
C33U-0805-10V-20P-X5R,0805-05
C18P-0402-50V-1P-C0G,0402-05
GS2962-IBE3,BGA100-11x11x1.7 1P PP
C180P-0402-50V-10P-X7R,0402-05
C47N-0603-50V-10P-X8R,0603-08
IRF7855,SOIC8 PP
SC18IS602BIPW-S8HP,TSSOP16-0.65 PP
XCF04SVOG20C,TSSOP20-0.65 PP
74LVCH245AD,SO20
EEE1CA471P,ALUG PP
C220N-0603-25V-5P-X7R,0603-08
74HC164D,SOIC14 N 150 mil SL PP
LTC1569IS8-7,SOIC8 PP
MAX6126AASA30,SOIC8 PP
MCP2551-ESN,SOIC8 PP
MIC803-30D2VM3,SOT-23JEDEC
OPA4364AIPW,HTSSOP14 PP
PGA116AIPW,TSSOP20-0.65 PP
EEEFK1J4R7R,ALUC PP
C1U-0805-16V-10PX8R,0805-09 PP
EEEFPC221XAP,ALUB 6.8X6.8-5.9 PP
LM317EMP,SOT-223JEDEC
C2N7-0603-50V-10P-X7R,0603-05
ISL60002BIH311Z-TK,SOT-23JEDEC
AA1111C,0603-05
PPGJM1555C1H1R0WB01D,0402-05
EEEFPC101XAP,ALUB 6.8X6.8-5.9 PP
SRR4028-330Y,IND4-4.8x4.8x2.8 SRR4028
74VHC123AM,SOIC16 D PP
HMC545AE,SOT-23_6
OPA2695ID,SOIC8 PP
SN65LVDS104PW,TSSOP16-0.65 PP
74AUP2G79DC,VSSOP8 DCU PP
SML-P11VTT86,0402-03 PP
ADCLK907BCPZ-WP,QFN16 3x3x.9 0P5 PP
B340LA,SMA PP
TS334IPT,HTSSOP14 PP
ACS722KMATR-20AB,SOIC16 DW PP - WB ONSEMI
NRS5030T1R0,IND 4.8X4.8-3
MURS360,SMC PP
R0R033-2512-2W,R2512-06
TS331ICT,SOT-353-1 PP
DSPIC33FJ06GS101A-ISS,SSOP20 PP
C680P-0603-250V-5P-C0G,0603-08
STTH112A,SMA PP
C22U-1206-25V-10P-X6S,1206-16 PP
BR1111C,0603-05
R20R-2512-1W,R2512-06
BG1111C,0603-05
TLV1117-33IDCY,SOT-223JEDEC
EEEFK0J101UR,ALUC PP
25TRV100M6.3X8,ALUD8 PP
C470N-2220-1KV-10P-X7R,2220-25 PP
MLX90393SLW-ABA-011,QFN16 3x3x.9 0P5 PP
MA800GQ-P,QFN16 3x3x.9 0P5 PP
C100N-2225-1KV5-10P-X7R,2225-X PP HAUTEUR 2
CD214A-R12000R,SMA PP CD214A AUTO
CT100U-D-16V-10P-0R7,D PP
LM4040C50QDBZ,SOT-23JEDEC
CD4077BPW,HTSSOP14 PP
TLC7524ED,SOIC16 D PP
AMC1311DWV,SOIC8 DWV PP
ST25DV64K-IER6S3,SOIC8 PP
LM6132AIMX,SOIC8 PP
TLV803SDBZ,SOT-23JEDEC
HT437NMW-S1.0,HT437NMW-S1.0 MICROPHONE
CC100U-D8X10-50V-20P,ALUX PP
R150K-2512-1W,R2512-06
RadiorocBGA516,BGA LIROC TB
C1U-0805-16V-5P-X7R,0805-05
R84R5-0603,0603-05
C3N3-0603-50V-5P-C0G,0603-05
FM24CL64B-G,SOIC8 PP
TCA0372DW,SOIC16 DW PP - WB ONSEMI
ZXRE330ASA,SOT-23JEDEC
SZMM5Z20V,SOD523 PP
LSL29K-G1J2-1-Z,LED2 AUTOL29K
INA219BID,SOIC8 PP
LM2717MT,TSSOP24 PW PP
LTC1153CS8,SOIC8 PP
1206SFS100F-63-2,1206-14
R90R9-0805,0805-05
DS3231SN,SOIC16 DW PP - WB ONSEMI
R13K3-0603-25PPM,R0603-04
STM32G473QET6,LQFP128-14x14x1.6 0P4 PP
IPB020N08N5ATMA1,D2PAK
C1U-0805-25V-5P-X7R,0805-09 PP
C4U7-0805-25V-5P-X7R,0805-09 PP
R360R-0805-25PPM,R0805-05
BLM18SG260TN1D,0603-08
R22K6-0603-25PPM,R0603-04
R412K-0805-25PPM,R0805-05
R442K-0805-25PPM,R0805-05
R576K-0805-25PPM,R0805-05
R59K-0603-25PPM,R0603-04
XRCGB32M000F2P00R0,QZ 2X1.6 x.5 AUTO
BAS21W,SOT-323_SC-70
MCP79410T-IMNY,DFN8-2x3x.55 0P5 PP
MMBZ30VALFHT116,SOT-23JEDEC
C200P-1206-630V-1P-C0G,1206-14
TPS565201DDCT,SOT-23_6
LM809M3-4.63,SOT-23JEDEC
TPS54308DDCT,SOT-23_6
LP2992AIM5-18,SOT-23_5 PP
TPS3836K33DBV,SOT-23_5 PP
REF3440IDBVR,SOT-23_6
MCP606T-I-OT,SOT-23_5 PP
DS2431Q,DFN6 3x3x.75 0P95 MAXIM
B57352V5103J060,0603-08
FDS5690,SOIC8 PP
C820P-0402-50V-5P-C0G,0402-05
C7P-0603-50V-0P5-C0G,0603-05
C2N2-1206-1KV-10P-X7R,1206-14
R2R-0805-0W25,R0805-05
R360R-1206,R1206-05
R3K4-0805-15PPM,R0805-05
R46K4-0805-10PPM,R0805-05
R56K-0603-25PPM,R0603-04
SM24,SOT-23JEDEC
MCP1402T-E-OT,SOT-23_5 PP
S4GR7,SMC PP
P4SMA440CA,SMA PP
SN74LVC14AD,SOIC14 N 150 mil SL PP
1SMA5913,SMA PP
AD8566ARMZ,MSOP8 PP
LM75BD,SOIC8 PP
ADC128S102CIMT,TSSOP16-0.65 PP
M24C01-RMN6TP,SOIC8 PP
ADA4522-2ARZ,SOIC8 PP
ADS7828E,TSSOP16-0.65 PP
C150U-1206-6V3-20P-X5R,1206-14
BGM13S22F512GA-V3,MODULE LGA BGM13S22
88E1111-RCJ1,PQFP128-23.2x17.2x3.4 0P5
LM3881MM,VSSOP8 DGK PP
XC7A35T-1FGG484C,BGA484-22x22-1.0
CC100U-D10X10.2-63V-20P,ALUG PP
ST4-50-1.50-L-D-P,ST4-50-1.50-L-D-P
ST4-50-1.50-L-D-P-TR,ST4-50-1.50-L-D-P
R118K-0603,R0603-04
C220N-1206-100V-10P-X7R,C1206-1.4
BZX585-B4V3,SOD523 PP
FDS8878,SOIC8 PP
EEEFC0J101P,ALUD8 PP
TPS3808G30DBV,SOT-23_6
TLV75712PDBVR,SOT-23_5 PP
ADM6320CZ29ARJ,SOT-23_5 PP
LT5534ESC6,SOT-323_SC-70_6 PP
MP2315SGJ,SOT-23_8 PP
NX3020NAKS,SOT-323_SC-70_6 PP
LTC4211IMS,MSOP10
SA612AD,SOIC8 PP
TLC27L2CD,SOIC8 PP
CSD17318Q2,WSON6 2x2x.75 0P65 PP
LAN8700C-AEZG,QFN36 6x6x1 0P5 PP
TLV75710PDBV,SOT-23_5 PP
C33N-0402-25V-10P-X7R,0402-05
C470N-1206-50V-10P-X7R,C1206-1.4
R0R01-2512-1W-35PPM,R2512-06
CC10U-D5X5.8-50V-20P,ALUC PP
CT33U-B-10V-10P-1R8,B TANTAL
C22N-1206-200V-5P-C0G,1206-14
R18K2-0805-25PPM,R0805-05
R25R-0603-1W5,R0603-04
0603CS-R33XJL,0603-08
XC7A50T-1CSG325C,BGA324-15x15x1.1 P0.8
744786227A,0603-08
BFR92P,SOT-23JEDEC
MS560702BA03-50,DFN8 5x3x.95 1P25-l=2.95
TPS2042BD,SOIC8 PP
S25FL128SAGMFI001,SOIC16 DW PP - WB ONSEMI
4SVP330M,ALUE PP
LP2997MR,SOIC8 PP
LQG15HN27NJ02D,0402-05
Si4684-A10-GM,QFN48-7x7x0.8 0P5 PP
PE4314AZ,QFN20-0.5 H PP
LQG18HN18NJ00D,0603-08
1SMB5915B,SMB PP
TCAN337DR,SOIC8 PP
SMAJ5.0CA,SMA PP
TS4871IDT,SOIC8 PP
GRM1555C1H470GA01D,0402-05
BZX84-C5V6,SOT-23JEDEC
LD1117ASTR,SOT-223JEDEC
C56P-0402-50V-5P-C0G,C0402-05
C150N-0402-16V-10P-X7R,0402-05
SN74LVC1G06DBV,SOT-23_5 PP
C100N-2220-1KV-10P-X7R,2220-25 PP
LT1712CGN,SSOP16 DBQ PP
ADG1221BRMZ,MSOP10
SN74LVC1G74DCU,VSSOP8 DCU PP
FSA66P5X,SOT-353-1 PP
THS4631D,SOIC8 PP
74LVC138AD,SOIC16 D PP
C220P-0402-50V-1P-C0G,0402-05
LQW21HN1R8J00L,0805-11
AD7366BRUZ,TSSOP24 PW PP
EEEFK1E471AV,ALUG PP
ESP-WROOM-32,SMA
SS4-40-3.00-L-D-K,SS4-40-3.00-LDK AUTO50MOD
R30K1-0805-25PPM,R0805-05
IS31FL3237-QFLS4,QFN44-5x5x.75 0P4 LUMISSI
LTC2666IUH-16,QFN32 5x5x08 0P5 PP
C56P-0805-50V-5P-C0G,0805-05
C8P2-0402-50V-0P1-C0G,0402-05
PPGJM1555C1HR80WB01D,0402-05
CT10U-T-10V-10P-3R,M3528T PP
C100N-0805-100V-5P-X7R,0805-09 PP
1239AS-H-2R2M-P2,1008-09 PP
OPA196IDBV,SOT-23_5 PP
74LVC1G175GV,SOT-23_6
TPS63900DSK,DFN-10 TPS63031DSK
TPS63900DSKR,DFN-10 TPS63031DSK
TPS65135RTER,QFN16 3x3x.9 0P5 PP
TPS65135RTE,QFN16 3x3x.9 0P5 PP
FQT5P10TF,SOT-223JEDEC
C1U-0402-10V-20P-X7S,C0402-05
C10N-1206-50V-5P-C0G,1206-14
C10N-0201-25V-10P-X5R,C0201-03
TPS560430XDBV,SOT-23_6 LENT
BZT52C8V2S,SOD323 PP DIODE
C4U7-1210-100V-10P-X7S,1210-23 PP
BZX384-B9V1,SOD323 PP DIODE
LMT84DCK,SOT-353-1 PP
C68P-0805-50V-5P-C0G,0805-05
C33N-0402-50V-10P-X7R,0402-05
C15P-0402-50V-1P-C0G,0402-05
C2P7-0402-50V-0P1-C0G,0402-05
R324K-0603,R0603-04
DP83826ERHB,VQFN32 5.2x5.2x095 0P5 PP
CSS2H-5930R-L500F,5930-09 PP
C68N-0402-16V-5P-X7R,0402-05
HMC788ALP2E,DFN6 2x2.1x.75 0P65 PP
CPH6350-TL-W,SOT-23_6
BLM31SN500SN1,1206-14
NPI43C120M,IND2 4x4.5x3.2 NPI43C
C33P-1808-3KV-10P-C0G,1808
CHA4253AQQG,QFN16-0.65 Z MECA PP
PDZ4.7B,SOD323 PP DIODE
PMV240SP,SOT-23JEDEC
ISOW7741DFM,SO20
PDZ15B,SOD323 PP DIODE
CHA3666-QAG,QFN16 3x3x0.85
R4M-2010,R2010-06
C10U-1210-100V-10P-X7S,1210-20 DIODE PP
B82498F1222J000,0805-05-MY
C6P8-0402-50V-0P5-C0G,0402-05
TPS72325DBV,SOT-23_5 PP
R5K6-0201,0201-05
C3U3-0603-25V-10P-X5R,0603-05
EEHZA1H330XP,ALUD8 PP
50SVPK68M,ALUF PP
EEEFP1H221AP,ALUG PP
SN74LVC1G27DCK,SOT-323_SC-70_6 PP
SN74AHC1G14DCK,SOT-353-1 PP
TPS3820-33DBV,SOT-23_5 PP
TLC555ID,SOIC8 PP
SN74HCS7266PW,HTSSOP14 PP
EEEFT1H220AR,ALUC PP
C2U2-0603-25V-10P-X6S,0603-08
23LCV1024-ISN,SOIC8 PP
BD6211F,SOIC8 PP
23LCV1024-IST,TSSOP8 PP
LM4041DIM3-1.2,SOT-23JEDEC
SM30T35AY,SMC PP
SN74AHC573DW,SOIC20 DW PP
C24P-1206-50V-5P-C0G,1206-14
C15P-0603-100V-5P-C0G,0603-08
R0R2-0805-75PPM,R0805-05
C3N3-0402-100V-10P-X7R,0402-05
R0R006-2512-3W,R2512-06
R240R-0201,R0201-02
R24K9-0201,R0201-02
NTMFS5C460NL,DFN5-5x6-CASE 488AA ISS N
TPL0102-100RUCR,QFN14 2x2x.4 10+4 0P4 RUC
SN74LVC1G32DRY,SON6-1.45x1x.6 0P5 PP
LMR23615DRR,WSON12 3x3x.75 0P5 PP
BLT5BPT680LN1L,IND4 5x5x5 BLT5B
MS563702BA03-50,QFN4-3x3x.9 P2 MS5637 Te
SN74AHC08RGYR,QFN14- 3.5X3.5 PL 4+10PIN
SN74AHC08RGY,QFN14- 3.5X3.5 PL 4+10PIN
A4919GETTR-5,QFN28-5x5x.9 0P5 PP
TCA9555RGE,QFN24-4x4x.1 0P5 PP RGE
TCA9555RGER,QFN24-4x4x.1 0P5 PP RGE
74279204,0805-09 PP
AD8676BRZ,SOIC8 PP
AD5791BRUZ,TSSOP20-0.65 PP
24LC64-ISN,SOIC8 PP
AD8675ARZ,SOIC8 PP
SN74LVC1G10DBV,SOT-23_6
SN74AHC1G04DBV,SOT-23_5 PP
SMAJ12A,SMA PP
MAX6684ESA,SOIC8 PP
LC4064ZC-75TN48I,TQFP48-0.50
SS14HE,SOD323HE PP DIODE
R4R6-1206,R1206-05
SN74AHC1G08DRL,SOT-553 -SOT5X3 DRL
74LVC125APW,HTSSOP14 PP
74ACT00MTC,HTSSOP14 PP
AMC1106M05DW,SOIC8 DWV PP
MCP1703T-3302E-CB,SOT-23JEDEC
MIC2005A-1YM5-TR,SOT-23_5 PP
VN5E160MSTR-E,SOIC8 PP
XMC4500F100K1024ACXQSA1,LQFP100-0.50 PP
R93K1-0603,0603-03 PP
74LVC07AD,SOIC14 N 150 mil SL PP
BZT52C15S,SOD323 PP DIODE
INA181A2IDBV,SOT-23_6
STWD100NPWY3F,SOT-23_5 PP
REF3330AIDCK,SOT-323_SC-70
TLV3011AIDBV,SOT-23_6
TLV70022DDC,SOT-23_5 PP
DGD2104MS8,SOIC8 PP
IS25LP128F-JBLA3,SOIC8 PP
SMAJ40CA,SMA PP
BSP125,SOT-223JEDEC
BSP135,SOT-223JEDEC
TLV61046ADBV,TSOT-23-6 2.8x2.9x1 0P95
R10R-2512-2W,R2512-06
R2M4-0603,R0603-04
C470N-2220-50V-5P-C0G,2220-25 PP
APT2012SECK,0805-09 PP
LM8261M5X,SOT-23_5 PP
TSV994IPT,HTSSOP14 PP
STM32F303RCT6,LQFP64-0.50 LENT PP
C750P-0603-50V-5P-C0G,0603-08
TC7SZ17F,SOT-23_5 PP
BLM18KG300TN1D,0603-08
PMEG6030EVPX,SOD128 PP
SMBJ150A,SMB PP
TL431AID,SOIC8 PP
STTH1R06U,SMB PP
BSP742TXUMA1,SOIC8 PP
LT8316EFE,TSSOP20-0.65 PP
TLV2372ID,SOIC8 PP
KDZLVTR62,SOD123Flat PP
CT4U7-B-35V-10P-0R7,B TANTAL
10BQ060-M3-5BT,SMB PP
R0R075-1206,R1206-05
R250K-0805-25PPM,R0805-05
R2K55-0805,R0805-05
R30K1-1206,R1206-05
R332R-1206,R1206-05
R3K32-1206,R1206-05
FDS3672,SOIC8 PP
PZTA44,SOT-223JEDEC
CC22U-D6X5.3-35V-20P,ALUD8 PP
LM3478MM,VSSOP8 DGK PP
MCP23017-E-SO,SO28
CT1U-A-35V-10P-7R5,A LENT PP
R8K25-1206,1206-05
TLP521-4SM,SO16 TLP521-4SM
G6K-2F-Y-DC3,G6K-2F-Y
G6K-2F-Y DC3,G6K-2F-Y
BC807-40LVL,SOT-23JEDEC
INA280A1QDCKRQ1,SOT-353-1 PP
R82R-2010,2010-06
MMSZ4699,SOD123W PP
R845R-0603-25PPM,0603-03 PP
TLV171IDBV,SOT-23_5 PP
SN74LXC8T245QPW,TSSOP24 PW PP
SN74AXC4T245PW,TSSOP16-0.65 PP
C22U-1210-25V-20P-X7R,1210-25
R1K15-0603-25PPM,R0603-04
MMSZ4690,SOD123W PP
R20R-2010,R2010-06
R2K1-0603-10PPM,R0603-04
R402-0603-25PPM,R0603-04
ZRB500F01,SOT-23JEDEC
LM2675M-12,SOIC8 PP
TS391ILT,SOT-23_5 PP
DMG4800LSD-13,SOIC8 PP
TCMT4100,SOIC16 D PP
MC74VHC139DTR2G,TSSOP16-0.65 PP
TSZ121IL,SOT-23_5 PP
C4U7-2220-100V-10P-X7R,2220-25 PP
BZG05C6V8,SMA PP
C220N-2220-630V-10P-X7R,2220-25 PP
CC22U-4X5.5-6V3-20P,ALUB PP
MCP14E7-ESN,SOIC8 PP
R5R6-2512-1W5,2512-06
SN74HCS08PWR,HTSSOP14 PP
TSZ182ID,SOIC8 PP
ACS724KMATR-30AB,SOIC16 DW PP - WB ONSEMI
AP2114H-3.3,SOT-223JEDEC
RR268MM-600TF,SOD123Flat PP
ACPL-C87B,S-SO8 11x6x3 1P27 ACPL
DESD5V0U1BA,SOD323 PP DIODE
Si82394CD4-IS3,SOIC16 WB-14 10x10x2 1P27
RS3G,DO-214AB
R301R-0603-25PPM,R0603-04
R4R99-0603-25PPM,R0603-04
PIC12F1840-I-SN,SOIC8 PP
EEEFT0J222AP,ALUG PP
TC54VN4302ECB713,SOT-23JEDEC
SML-LXR44SUGC,LED2-CUBE-4x4x3.8 2P54 PP
SML-LXR44SRC,LED2-CUBE-4x4x3.8 2P54 PP
CC1000U-10X10.2-16V-20P,ALUG PP
DAC8311IDCK,SOT-323_SC-70_6 PP
QX333A10.00000B15M,QZ 3.2x2.5x0.7 PP
DG2034EDQ,MSOP10
ADUM5241ARZ,SOIC8 PP
SP3232EEY-L,TSSOP16-0.65 PP
ULN2003D1013,SOIC16 D PP
TPS2052BD,SOIC8 PP
CT470U-D-6V3-10P-0R125,D PP
TPS79633DCQ,SOT-223JEDEC
FC0V224ZFTBR24,ALUG PP
SZMMSZ5246B,SOD123W PP
LYA676-Q2T1-26,LED2-CUBE-4x4x3.8 2P54 PP
MAX3218EAP,SSOP20 PP
C100P-0805-200V-5P-C0G,C0805-1.25
R10R-0402-0W2,R0402-03
R348K-0805-25PPM,R0805-05
R30K-0805-25PPM,R0805-05
TL084IPT,HTSSOP14 PP
EEEFT1V470AR,ALUC PP
XPGBWT-H1-0000-00EZ7,LED3 3.45x3.45x2.26 XP-E2
PESD12VS1UA,SOD323 PP DIODE
DS2411R,SOT-23JEDEC
TPA4861D,SOIC8 PP
NTD2955,DPAK
EEEFK1E221P,ALUF PP
C10N-1210-1KV-10P-X7R,1210-20 PP
TCA9509DGK,VSSOP8 DGK PP
HSMC-C280,0402-05 LENT PP
SM6T12A,SMB PP
MAX487CSA,SOIC8 PP
MAX232CSE,SOIC16 D PP
PCF8593T,SOIC8 PP
865230640005,ALUB PP
74HC244D,SOIC20 DW PP
CT47U-B-6V3-10P-2R,B TANTAL
LT1121CST-5,SOT-223JEDEC
C5P1-0603-50V-0P25-C0G,C0603-08
MMSZ5239B,SOD123W PP
C22P-0805-50V-10P-C0G,0805-05
C1N-1812-3KV-10P-X7R,1812-09
SN74LVC1T45DBV,SOT-26(5)
EEE0JA101SP,ALUD8 PP
QTLP630C4,0805-09 PP
74HC574D,SO20
CT1U-A-35V-20P-7R5,A LENT PP
24LC16BSN,SOIC8 PP
NCV8114ASN120,SOT-23_5 PP
SN74LVC2T45DCU,VSSOP8 DCU PP
SI2399DS,SOT-23JEDEC
MB85RS64TPNF-G-JNERE2,SOIC8 PP
SN65HVD12D,SOIC8 PP
MX25R6435FM2IL0,SOP8 PP 200mil
QTLP630C7,0805-09 PP
BLM21SP111SZ1D,0805-09 PP
MLZ2012M4R7HT000,0805-09 PP
MIC2545A-1YM,SOIC8 PP
LP38691QSD-ADJ,WSON6 3X3x0.8 0P95 PP SD
LPS22HB,LGA10-2x2x.8 0P5 PP
SAM-M8Q-0-10,LGA20-15.5x15.5x6.3 1P4
C8P-0603-50V-0P25-C0G,C0603-08
PIC16C63A-04L-SO,SO28
STSAFA110S8SPL02,SO8
R1K35-0603-50PPM,R0603-04
NZH5V6B,SOD123FL
TLV3704ID,SOIC14 N 150 mil SL PP
MAX3483CSA,SOIC8 PP
AD7879-1W,TSSOP16-0.65 PP
TXS0104ERGYRG4,QFN14- 3.5X3.5 PL 4+10PIN
BLM15PX221SZ1D,0402-05
AD5246BKSZ50,SOT-323_SC-70_6 PP
LQP15MN9N1B02D,0402-05
BLM15BD601SZ1D,0402-05
C2P-0201-50V-0P05-C0G,0201-03 PP
ESD9R3.3S,SOD923 PP
CT330U-D-6V3-20P-0R045,D PP
C100U-1812-10V-20P-X5R,1812-32 PP
ADP5585ACPZ-01,QFN16 3x3x.7 0P5 PP
TPS62170DSG,SON8 2X2-0.75 PP
NJG1143UA2-TE1,LGA6-1x1x.4 NJG1143UA2
TPD2S017DBV,SOT-23_6
B39162B4327P810,QZ5-1.4x1.1x.45 0P5 B4365
MP34DT05TR-A,M34DT05TR
MS561101BA03-50,DFN8-4.7x3x1 1P25 MS5611
LT3972EDD,DFN-10 3x3x0.8 P0.5 PP
C22P-0402-50V-2P-C0G,0402-05
PAM8019KGR,QFN20-0.5 H PP
C0P8-0402-50V-0P1-C0G,0402-05
MCP3221A5T-I-OT,SOT-23_5 PP
ADM8322WC31ARJZ,SOT-23_5 PP
ADM8320WBX3NARJZ,SOT-23_5 PP
LM26CIM5-YPA,SOT-23_5 PP
BCM56DSF,SOT-23_6
RB168LAM-40TF,SOD128 PP
FDMC8032L,TSSOP8 POWER PAD PP
TJA1055T-3-C,SOIC14 N 150 mil SL PP
MCP6042-E-MS,MSOP8 PP
RB088LAM-60TF,SOD128 PP
CC100U-D6.3X7.7-50V-20P,ALUD8 PP
CT22U-V-50V-10P-0R6,V PP
TPS73533QDRBRQ1,SON8-3x3x1 0P65 PP
R5F566TEADFM,LQFP64-0.50
ACASN1002S1002P1AT,0606-05 RRX2 ACAS0606
LM5166XDRC,SON10 3X3-0.9 P0.5 PP
C4P3-0402-50V-0P1-C0G,0402-05
C470N-0402-25V-10P-X5R,0402-05
R0R-1812-1W,R1812-06
MBRS540,SMC
BZX84-C13,SOT-23JEDEC
R1K3-1206-0W5,R1206-05
BZX384-C4V3,SOD323 PP DIODE
R7K15-0402-25PPM,0402-03 PP
C1N-2220-2KV-5P-C0G,2220-25 PP
FAN3111ESX,SOT-23_5 PP
BSS127H6327XTSA2,SOT-23JEDEC
ISO7420FED,SOIC8 PP
ISO7421D,SOIC8 PP
TPS61170DRV,WSON6 2x2x.75 0P65 PP
AM26LS32ACD,SOIC16 D PP
LTC2312ITS8-14,SOT-23_8 PP
TMP236A2DBZ,SOT-23JEDEC
TLP293GB-TPL.E,SO4-2.6x7x2.1x1P27 PP
C7P-0402-50V-0P1-C0G,0402-05
HCPL4503SDM,AD4PS-1 PP
C4U7-0805-16V-10P-X5R,0805-05 AUTO
HSMS-C190,0603-05
SN74LVC2G06DCK,SOT-323_SC-70_6 PP
R2K8-0402-25PPM,R0402-03
R2K2-0402-25PPM,R0402-03
SDM40E20LC,SOT-23JEDEC
1PS79SB30,SOD523 PP
R143K-0402-25PPM,R0402-03
C470P-0603-50V-1P-C0G,0603-05
TPS3825-33QDBV,SOT-23_5 PP
EPM1270T144A5N,TQFP144-0.50
5017,RCS TEST POINT AUTO 2
SN74LS244DW,SO20
Y16292K50000T9R,0805-05
Y1633125K000T9R,2512-06
C1N-2220-2500V-5P-C0G,2220-25 PP
ADUM241E1BRWZ,SOIC16 DW PP - WB ONSEMI
OPA2156IDGK,VSSOP8 DGK PP
INA333AIDGK,VSSOP8 DGK PP
DRV135UA,SOIC8 PP
MAX7500MSA,SOIC8 PP
CD4052BM,SOIC16 D PP
LM79L05ACM,SOIC8 PP
PGA2311UA,SOIC16 DW PP - WB ONSEMI
STPS1L30U,SMB PP
R1K-0603-10PPM,R0603-04
C10U-0603-25V-10P-X5R,0603-05
PTVS13VS1UR,SOD123W PP
C15N-0603-25V-1P-C0G,0603-05
R5K-0603-25PPM,0603-05
C330P-1206-100V-5P-C0G,1206-15 PP
TMP175AID,SOIC8 PP
AD8293G160ARJZ,SOT-23_8 PP
MMB02070C1003FB200,MELF MMB0207 PP
MMB0207MC4703FB200,MELF MMB0207 PP
MMB02070C5100FB200,MELF MMB0207 PP
PIC18F56K42-I-MV,QFN48-6X6X0.5 0P4 UQFN
BZX84-C10,SOT-23JEDEC
BZX84-C3V3W,SOT-323_SC-70
SIP32411DNP,TDFN4-1.2x1.6x.55 0P5 PP
LD49100PU18RY,DFN6 3x3x.85 0P95 RY STMI
LSM6DSO,LGA14-3X2.5-0.85 PP
ST25DV64K-JFR6D3,UDFPN12 3x3x.55 0P5 STMIC
MLPF-WB55-01E3,BGA6-1.6x1x.4 0P5-59 MLFP
ULN2003AD,SOIC16 D PP
744786110A,0603-08
STM32WB55RGV6,QFN68-8x8x.85 0P4 PP
C39N-0603-50V-10P-X7R,0603-08
HIH6130-021-001,SO8
R1M62-0603,R0603-04
CB2012T100K,0805-09 PP
C33P-0805-50V-5P-C0G,0805-05 AUTO
MMA0204MC1004FB300,MELF3514 PP
1PS302,SOT-323_SC-70
KP-3216CGCK,1206-09
TMMDB3TG,MELF0204 AUTO
C1P2-0402-50V-0P05-C0G,0402-05
MMZ1608S601ATA00,0603-08
ESDA25W,SOT-323_SC-70
CMUDM7005,SOT-523 JEDEC-DIODE.COM
PMEG3005AESFYL,SOD962 DSN0603-2 NXP
ESDALC5-1BT2,SOD-882 PP
SS23,SMB PP
MAX5523EUA,MSOP8 PP
MC33063ADG,SOIC8 PP
SN65HVD233MDREP,SOIC8 PP
LTC6902IMS,MSOP10
ADUM2251ARWZ,SOIC16 DW PP - WB ONSEMI
MMBT3904LP-7B,DFN1006-3 CSD F4 YJC
R2K-2512-2W,R2512-06
C1P-0402-50V-0P1-C0G,0402-05
R0R27-0402,R0402-03
R1K-0805-10PPM,R0805-05
R4K99-0603-10PPM,R0603-04
R59R-1206,R1206-05
LVT08R0020HER,0805-05
LTC2063IS5,SOT-23_5 PP
APTD1608SECK,0603L PP
STM32F072RBT6,LQFP64-0.50
PMEG2005AEL,DFN1006-2 PP
MPZ1005S121CT,0402-05
STUSB4500QTR,QFN24 4x4x1 P0.5 PP
C47N-0805-25V-2P-C0G,0805-09 PP
ADG1223BRMZ,MSOP10
AD620AR,SOIC8 PP
ADS1271IPW,TSSOP16-0.65 PP
LT1006S8,SOIC8 PP
TLC2201ACD,SOIC8 PP
R10K-0805-2PPM,R0805-05
R120R-0805-2PPM,R0805-05
R25K-0805-5PPM,R0805-05
CLVC2G126MDCUTEP,VSSOP8 DCU PP
C200P-0402-50V-5P-C0G,0402-05
ESDA25P35-1U1M,DFN2-1x1.6x.5 1P1 PP
R15K-0805-2PPM,R0805-05
SN74HC595PW,TSSOP16-0.65 PP
SN74ABT541BIPW,TSSOP20-0.65 PP
CC560U-D8X10-25V-20P,ALUF PP
ADUM240D1BRWZ,SOIC16 DW PP - WB ONSEMI
AD5542ABCPZ-1,DFN-10 3x3x0.8 P0.5 PP
ADG5206BCPZ,QFN32 5x5x08 0P5 PP
DFE201208S-1R5M,0805-09 PP
SML-LX0404SIUPGUSB,LED4-1x1x.25 SML-LX0404
SMAJ10CA,SMA PP
LM2931CM,SOIC8 PP
MMA02040D1003CB300,MELF3514 PP
CA064X330J5GACTU,1206-05 PP RC CA064X330JG
LTST-C191TGK,0603-05 LEMNT PP
REG1117A-2.5,SOT-223JEDEC
FSUSB20MUX,MSOP10
SN74AVC2T45DCU,VSSOP8 DCU PP
REF3033AIDBZ,SOT-23JEDEC
C27P-0603-50V-5P-C0G,C0603-08
LD1117AS33TR,SOT-223JEDEC
LM1117MPX-1.8,SOT-223JEDEC
C22P-0603-50V-5P-NP0,C0603-08
BAT750,SOT-23JEDEC
BAS21L,SOT-23JEDEC
OPA2365AID,SOIC8 PP
OPA2320AID,SOIC8 PP
THS5641AIDW,SO28
MA302GQ,QFN16 3x3x.9 0P5 PP
NCV1117STA,SOT-223JEDEC
AM26C31QD,SOIC16 D PP
LM317MDT,DPAK
MT5711A,BGA 100 13x11x1.4
MM3Z6V2,SOD323 PP DIODE
SD05,SOD323 PP DIODE
PMBT3904,SOT-23JEDEC
MMA0204MC1005FB300,MELF3514 PP
XC7S6-1FTGB196C,BGA196-15x15x1.5 1P0 FTGB
LD1117DT12,DPAK
LD1117DT50,DPAK
74479052,0805-05
150080GS75000,LED2-0805-.7 LargeurPad1
ADCS7476AIMF,SOT-26(5)
C820P-0805-50V-10P-X7R,0805-05
TMS320F28375SPTP,HLQFP176-26x26x1.6 0P5 PP
BZV55-C9V1,SOD 80 PP
C27P-0805-50V-5P-C0G,0805-05
CD74AC244M,SOIC20 DW PP
MIC2026-1YM,SOIC8 PP
XTR105UA,SOIC14 N 150 mil SL PP
LM26003MH,HTSSOP20 PWP PP
ABMM2-12.000MHZ-E2,QZ6X3.6x1.2 ABMM2
C0P5-0201-25V-0P1-C0G,0201-03 PP
C0P7-0201-100V-0P1-C0G,0201-03 PP
C1P-0201-25V-0P1-C0G,0201-03 PP
LAN9514I-JZX,QFN64 9x9x0.9 P0.5
MCP1825S-3302E-DB,SOT-223 PP
XRCGB24M000F3M00R0,QZ 2X1.6 x.5 AUTO
PGB1010603MR,0603-05
C100P-0201-25V-5P-C0G,0201-03 PP
93LC56BT-E-OT,SOT-26(5)
R10K-0201-25PPM,R0201-02
CT4U7-D-50V-10P-0R3,D TANTAL
R10R-0805-10PPM,R0805-05
C10N-0201-10V-10P-X7R,C0201-03
RR51R-1506,RR EXB2HV
C47P-0201-25V-5P-C0G,0201-03 PP
C12P-0201-25V-5P-C0G,0201-03 PP
SMAJ6.0A,SMA PP
C220U-1206-6V3-20P-X5R,1206-14
MJD122G,DPAK
PTVS4V5D1BL,DFN1006-2 PP
MLZ2012N6R8L,0805-09 PP
SKY13317-373LF,DFN8 1.5x1.5x.45 MLP8 SKY
SMF7V0A,SMF DO-219AB PP
LQP03TN3N3C02D,0201-03 PP
C100N-1210-100V-5P-X7R,1210-20 PP
RV-3028-C732.768KHZ1PPM-TA-QC,DFN8 3.2x1.5x.8 0P9 PP
CC2652P1FRGZR,QFN48-7x7x0.8 0P5 PP
OPT3004DNPR,SON6 2x2x.6 0P65 LED PP
C10N-1206-100V-5P-C0G,1206-14
C1N-1206-100V-5P-C0G,1206-14
ARRAYRDM-0116A10,DFN32 12x3x1.85 0P65 RDM
C1P2-0201-25V-0P1-C0G,0201-03 PP
C1P5-0201-50V-0P1-C0G,0201-03 PP
C1P8-0201-25V-0P1-C0G,0201-03 PP
MMBT3904W,SOT-323_SC-70
LQP03TN1N0B02D,0201-03 PP
LTST-S270KRKT,0603-05
LQP03TN2N4BZ2D,0201-03 PP
LQP03TN3N0B02D,0201-03 PP
R681R-0805,0805-05
S4GV6G,SMC PP
LM5017MR,SOIC8 PP
LM5100AMR,SOIC8 PP
MC79M05CDT,DPAK
LT6656BIS6-1.25,SOT-23_6
R5K49-0603-25PPM,0603-03 PP
AD8574ARUZ,HTSSOP14 PP
93LC46B-IMS,MSOP8 PP
EPCQ4SI8,SOIC8 PP
AD9220ARZ,SO28
36502AR75JTDG,0805-09 PP
CV201210-1R2K,0805-09 PP
C1P-0201-50V-0P1-C0G,0201-03 PP
VSC8221XHH,BGA100-9x9x1.1 0P8 VSC822
FMMT597,SOT-23JEDEC
LQM18PN1R0MFRL,0603-08
LTST-S270KGKT,0603-05
C180N-0805-50V-10P-X7R,0805-09 PP
CT10U-A-16V-10P-1R7,A TANTAL
R0R047-2512-1W,R2512-06
R4K53-0805,R0805-05
C1P1-0201-50V-0P1-C0G,0201-03 PP
C2P7-0201-50V-0P1-C0G,0201-03 PP
C6P8-0201-50V-0P25-C0G,0201-03 PP
TrirocBGA353WEEROC,BGA353-12x12x1.2 0P5 PP
LQP03TN1N8B02D,0201-03 PP
LQP03TN15NH02D,0201-03 PP
AM23SYCK-F,SOT-23JEDEC
BSH103BK,SOT-23JEDEC
SMBZ5920B,SMB PP
TPS7A4515DCQ,SOT-223JEDEC
SN74AHC1G32DBV,SOT-23_5 PP
A3PE3000-PQ208,PQFP208-30x30x3.7 0P5 PP
T495X108K004ATE030,X TANTAL
AD5272BRMZ-50,MSOP10
ISL8484IU,MSOP10
ADN4664BRZ,SOIC8 PP
ADN4661BRZ,SOIC8 PP
LT3045IDD,DFN-10 3x3x0.7 P0.5 PP
KDZVTFTR24B,SOD123Flat PP
VSSB420S-M3,SMB PP
EP3C16Q240C8N,FQFP240-0.50
R255R-0805,R0805-05
R50G-0805,R0805-05
ADP323ACPZ-R7,QFN16 3x3x075 0P5 PP
BM29B-2DP/2-0.35V,BM29B-2DP-2-0.35V
SST3904T116,SOT-23JEDEC
MAX8875EUK33-T,SOT-23_5 PP
TPS7A4533DCQ,SOT-223-5 PP
BM29B-2DP-2-0.35V,BM29B-2DP-2-0.35V
R5K1-0805-0W5,0805-05
C4U7-1206-16V-10P-X5R,1206-14
ST26C32ABTR,TSSOP16-0.65 PP
SSM3K341TULF,SOT-323_UFM TOSHIBA
BSS215P,SOT-23JEDEC
ADG636YRUZ,HTSSOP14 PP
BLM18EG221TN1D,0603-08
875105344010,ALUD8 PP
TLMS1100-GS08,0603L
USB6B1,SOIC8 PP
R10K-0603-0W25,R0603-04
APT2012CGCK,0805-09 PP
LTV-352T,SO4-3.6x7x2.1x2P54 PP
C1N-0402-16V-10P-X7R,0402-05
EPCQ4ASI8N,SOIC8 PP
TMP100NA,SOT-23_6
TPS3808G25DBV,SOT-23_6
10M50DAF484I7G,FBGA484-23x23x3.2 1P0 PP
BCM5396KFBG,BGA256-17x17x2.1 P1 PP
TPS73101DBV,SOT-23_5 PP
1N4148WL2,DFN1006-2 PP
1SM21BHU1F53E2VG,BGA2597-52x52x3.9 S10-F23
C6N8-1206-100V-5P-C0G,1206-14
R910K-1206,1206-05
BLM15AG100SN1D,0402-05
LTM4677EYmodifITANCIA,BGA144-16x16sureleve ITAN
MT40A1G16KNR-075-E,BGA96 14x9.5x1.1 0P8 HBA
C18P-0805-50V-5P-C0G,0805-09 PP
C3U3-0603-6V3-20P-X5R,0603-05
R1K87-0402,R0402-03
R370R-0603,R0603-04
EM2130H01QI,MODULE EM2130H01QI
CitirocBGA353,BGA353-12x12x1.2 0P5 PP
R294R-0402,R0402-03
R2K87-0402-25PPM,R0402-03
R3K3-0402-25PPM,R0402-03
HD3SS3220IRNH,QFN30-4.5x2.5x.8 0P5 RNH
USB2422-I-MJ,QFN24 4x4x1 P0.5 PP
MAX6176BASA,SOIC8 PP
ACPL-W61L-560E,SO6-ACPL-W61L BROADCOM
PMEG10020AELRX,SOD123W PP
AEAT-9955,QFN32 5.2x5.2x095 0P5 PP
DFE252012F-4R7M,1008-09 PP
ATECC608B-SSHDA,SOIC8 PP
PI7C9X440SLBFDE,LQFP128-16x16x1.6 0P4 PP
EMI2124MTTAG,WDFN8-2.2x2x.75 EMI2124MT
EMI8132MUTAG,XDFN10-2.2x1.5x.45 EMI813
TLV75710PDRVR,WSON6 2x2x.75 0P65 DRV
PBHV8115T,SOT-23JEDEC
EPCS4SI8N,SOIC8 PP
SN74LVC00AD,SOIC14 N 150 mil SL PP
ADR425ARZ,SOIC8 PP
BCP53-16,SOT-223JEDEC
BCP56-16,SOT-223JEDEC
AD9744ARZ,SOIC28 PP
R1K43-0201,R0201-02
R33K2-0201,R0201-02
73412-0110,MINI-JACK4_3x3_73412-0110
ADG408BRZ,SOIC16 D PP
TPMD337K010R0035,D PP
AD688ARWZ,SOIC16 DW PP - WB ONSEMI
XC6220B331MR-G,SOT-23_5 PP
APX803L05-30SA,SOT-23JEDEC
PE4259,SOT-323_SC-70_6 PP
MAX40200AUK,SOT-23_5 PP
PGA204BU,SOIC16 DW PP - WB ONSEMI
BLM15PG100SN1D,0402-05
MLZ2012M150WT000,0805-09 PP
AT25XE321D-SSHN,SOIC8 PP
AT25XE161D-SSHN,SOIC8 PP
ATECC608A-MAHDA,UFDFPN8 3x2x.55 0P5 PP
744765047A,0402-03
SX1262IMLTR,QFN24-4x4x.1 0P5 PP RGE
744765147A,0402-05
C1N-0603-250V-10P-X7R,0603-08
C2P2-0805-50V-0P25-C0G,0805-05
C6P-0402-50V-0P05-C0G,C0402-05
C150P-0805-50V-5P-C0G,0805-05
744765118A,0402-05
C330P-0805-50V-5P-C0G,0805-05
1SMB5944BT3G,SMB PP
CKG57NX7S2A226M500JH,2220-25 PP
TPS74633PQWDRBRQ1,SON8-3x3x1 0P65 PP
ICnetX90,LFBGA144 10x10x1 P0.8
C1P8-0402-50V-0P05-C0G,0402-05
R7M5-1206,1206-05
R5M6-1206,1206-05
BZX84C11,SOT-23JEDEC
ESDA0603-5_5.5V,0603-08
FDN5618P,SOT-23JEDEC
STPS160U,SMB PP
S3MB-13-F,SMB PP
DMT6015LSS-13,SOIC8 PP
LM5160ADNTJ,DFN12-4x4x.9 0P5 DNT
C3P3-0603-50V-0P25-C0G,0603-08
SK310AR2,SMA PP
R0R1-1210,R1210-06
R768K-0603,0603-05
R0R015-2512-3W,R2512-06
R11M-1206,R1206-05
R15M-1206,R1206-05
R18M-1206,R1206-05
R20M-1206,R1206-05
R4M3-1206,R1206-05
BCP55,SOT-223JEDEC
1206SFH300F24,1206-14
AT34C02D-MAHM-T,UDFN8 3x2x055 0P5 PP
SM41126EL,DFN16-8.7x12.7x4 1P27 PP
ISL3295EFHZ,SOT-23_6
LMZ21701SIL,DFN8 MODULE LMZ21700SILT
HI1206P121R-10,1206-14
NTGS5120PT1G,SOT-23_6
ENC28J60T-I-SO,SO28
CG0603MLU-24E,0603-08
R76R8-0603,0603-03 PP
C68P-0201-50V-5P-C0G,0201-03 PP
LM2936HVBMA-5.0,SOIC8 PP
SN74HC20D,SOIC14 N 150 mil SL PP
CD4072BM,SOIC14 N 150 mil SL PP
SM30T39AY,SMC PP
KSZ8463RLI,LQFP64-0.50
R1M1-0603,R0603-04
AX88772BLI,LQFP64-0.40
ESDS312DBVR,SOT-23_5 PP
PIC16F19176T-IMV,QFN40 5x5x.5 0P4 PP
C3N3-0805-50V-5P-C0G,0805-05
SIP32429DN,DFN-10 3x3x0.8 P0.5 PP
LMR23630DRR,WSON12 3x3x.75 0P5 PP
TPS16632RGE,QFN24-4x4x.1 0P5 PP RGE
TPS22929DDBV,SOT-23_6
LMV321M5,SOT-23_5 PP
PMEG4005CT,SOT-23JEDEC
AS5311-ATST-1000,TSSOP20-0.65 PP
C1U-0402-35V-10P-X5R,0402-05
LT1054IS8,SOIC8 PP
SS24,SMB PP
ESD9B3.3S,SOD923 PP
ADA4895-1ARJZ,SOT-23_6
Y163015K0000T9,1206-05
C15U-0805-25V-20P-X5R,0805-09 PP
ADA4625-1ARDZ,SOIC8 PP
R59R-0603-10PPM,R0603-04
MPXH6250A6U,SSOP8 PP MXP
CC100U-D5X5.4-6V3-20P,ALUC PP
R11K3-1206-10PPM,R1206-05
R1R-0603-25PPM,R0603-04
R390R-0603-25PPM,R0603-04
C2P7-0402-50V-0P25-C0G,C0402-05
C1U-0402-6V3-10P-X7R,C0402-05
BZV49-C4V7,SOT-89-B1JEDEC
LT3032IDE,DFN14 4x3x.75 0P5 IDE LTe
LT3062HDCB,DFN8-2x2x.75 0P45 DCB LTe
LTC6930CDCB-5.00,DFN8-2x2x.75 0P45 DCB LTe
R600R-1210-25PPM,1210-06
R60R4-1206-25PPM,1206-05
R69R8-1206-25PPM,1206-05
R90R-1210-25PPM,1210-06
R698R-1206-25PPM,1206-05
PSSI2021SAY,SOT-353-1 PP
R806R-1206-25PPM,1206-05
R80R6-1206-25PPM,1206-05
R100R-1210-25PPM,R1210-06
R200R-1210-25PPM,R1210-06
R20R-1210-25PPM,R1210-06
R2R-0603-25PPM,R0603-04
R300R-1210-25PPM,R1210-06
R30R1-1206-25PPM,R1206-05
R3R01-0603-25PPM,R0603-04
R400R-1206-15PPM,R1206-05
R40R-1210-25PPM,R1210-06
R499R-1210-25PPM,R1210-06
R4R02-0603-25PPM,R0603-04
R900R-1206-25PPM,1206-05
R8R06-0603-25PPM,0603-03 PP
HEF4028BT,SOIC16 D PP
SMA6J12A,SMA PP
ULN2003TTR,TSSOP16-0.65 PP
MAX17291ATA,SON8 2X2-0.75 PP
NTB0104GU12,UQFN12 2x1.7x.5 0P4 PP
SMLMN2BCT,0805-07 PP
TPS561201DDC,SOT-23_6
742792113,1206-14
LT3465ES6,SOT-23_6
TSC2004IRTJ,QFN20-0.5
598-8070-107F,0603-07 PP
R9R09-0603-25PPM,0603-03 PP
R5R1-0603-25PPM,0603-03 PP
R8K-0603-25PPM,0603-03 PP
R9K09-0603-25PPM,0603-03 PP
C5N6-0603-50V-10P-X7R,0603-05
PIC18F55Q43T-IPT,TQFP48-0.50
R3K-0603-10PPM,R0603-04
R50K-0603-25PPM,R0603-04
LQH32CN220K53L,IND2 3.2x2.5x2 - LQH32CN
R30R-0603-25PPM,R0603-04
744032100,IND2-3.2x2.5x2 WURTH
MCP6H01T-EOT,SOT-23_5 PP
R5R9-0603-25PPM,0603-03 PP
R6K98-0603-25PPM,0603-03 PP
R600R-1206-25PPM,1206-06
R6R98-0603-25PPM,0603-03 PP
R6R8-R0805,0805-05
LMC662CM,SOIC8 PP
R90K9-0603-25PPM,0603-03 PP
M24C01WDW6,TSSOP8 PP
STM32L471RGT6,LQFP64-0.50
STM32L151C8T6A,LQFP48-0.50
MSL0601RGBU1,LED4 UFN TK MSL0601RGBU1
Si2333DDS,SOT-23JEDEC
BSS138BKW,SOT-323_SC-70
CT33U-B-16V-10P-2R1,B TANTAL
L6225D,SOIC20 DW PP
R80K-0603-10PPM,0603-05
BAS21C,SOT-23JEDEC
SF-1206S200M-2,1206-07 PP fusible
R150K-0603-1P,R0603-04
R40R-1206-25PPM,R1206-05
MUN5213T1G,SOT-323_SC-70
SMF8V5A,SMF DO-219AB PP
SI7005-B-GM1R,QFN24 4x4x1 P0.5 PP
MAX6795TPLD2,QFN20-5X5-0.8 0P5 PP
MAX6025AEUR-T,SOT-23JEDEC
MC9S08DZ60CLC,LQFP32-0.80 PP
ADS1100A0IDBV,SOT-23_6
TJA1040T,SOIC8 PP
C470P-0603-100V-5P-X7R,0603-08
SQ2362ES,SOT-23JEDEC
NCP302LSN30,SOT-23_5 PP
CBC3225T150MR,1210-20 PP
MAX483ESA,SOIC8 PP
SI8441BA-D-IS1,SOIC16 D PP
TPS54160DGQ,MSOP10
LM3488MM,VSSOP8 DGK PP
TL064IPWR,HTSSOP14 PP
ABS07-32.768KHZ-7,QZ3.2x1.5 2PIN PP
3216FF3-R,1206-14
MAX9155EXT,SOT-323_SC-70_6 PP
3216FF7-R,1206-14
PIC32MX775F512HT-80I-PT,TQFP64-0.50 A24 PP
R150K-0603-5P,R0603-04
DS2438AZ,SOIC8 PP
SN74LVC2G32DCU,VSSOP8 DCU PP
CDCLVC1103PW,TSSOP8 PP
VNS1NV04DP,SOIC8 PP
PBSS4160DS,SOT-23_6
NANOSMDC075F,1206-06
MAX16910CASA9,SOIC8 PP
XR16L784IV,LQFP64-0.50
KP-2012CGCK,0805-11
R7M5-0805,0805-05
RTT051505FTP,0805-05
SS310A-F1-0000HF,SMA PP
BCP55-16-TP,SOT-223JEDEC
GS2961AIBE3,BGA100-11x11x1.7 1P PP
GS3MB-F1-0000HF,SMB PP
HS1M-F1-0000HF,SMA PP
PIC16F19176T-I-MV,QFN40 5x5x.5 0P4 PP
R11M-0805,R0805-05
74279206,0805-05
R1R5-2512-1W,R2512-06
R20M-0805,R0805-05
R3M6-0805,R0805-05
74279208,C0805-1.25
NVMFS5C638NLT1G,NVMFS5113PLT1G
LT1962EMS8-5,MSOP8 PP
CD74HC221PW,TSSOP16-0.65 PP
LMH6551MM,VSSOP8 DGK PP
BZX84C11-TP,SOT-23JEDEC
TLE2072ID,SOIC8 PP
FDN304PZ,SOT-23JEDEC
LBC846BLT1G,SOT-23JEDEC
AP6P250N,SOT-23JEDEC
MTB080P06N6-0-T1-G,SOT-23_6
CC12H30A-TR,1206-07 PP fusible
R6K8-2010,2010-06
74AHCT541D,SOIC20 DW PP
SS2H10,SMB PP
C1N-1808-250V-10P-X7R,C1808
ADUM4160BRWZ,SOIC16 DW PP - WB ONSEMI
MF-PSMF010X-2,R0805-05
C1P-0603-250V-0P1-C0G,0603-05
OPA690IDBV,SOT-26
R0R1-1210-0W5,R1210-06
R18M-0805,R0805-05
R3M-0603,R0603-04
SN74LVC1G58DCK,SC-70-6 2x2x1 0P65 DCK Ti
C4N7-1812-1KV-10P-X7R,1812-32 PP
NCP431AVSNT1G,SOT-23JEDEC
C1U-1812-200V-10P-X7R,1812-32 PP
CC4U7-D8X10-200V-20P,ALUF PP
HSMH-C150,1206-08 PP LENT
C1N-2220-4KV-10P-X7R,2220-25 PP
ACASA1001S1002P100,1206-05 PP RR
DFLS1100,SOD123 POWERDI PP
LT6200IS6,SOT-23_6
DS1338Z-33,SOIC8 PP
TPS2113APW,TSSOP8 PP
L4931CDT50,DPAK
SMCJ33CA,DO-214AB
MBRD360G,DPAK
C180P-0603-50V-10P-X7R,0603-08
LT1761ES5-1.8,SOT-23_5 PP
MMSZ5234B,SOD123W PP
BZX384-B8V2,SOD323 PP DIODE
OPA330AIDBV,SOT-23_5 PP
CT2U2-A-35V-10P-4R5,A TANTAL
R11K-2010,R2010-06
LT1933HS6,SOT-23_6
KPHBM-2012QBDSURKC,LED KPHBM-0805 PP
APA1606SYCK,LED COUCHER XSMALL C
74479763147,0603-06 PP
L-14W4N7CV4E,0603-08
LQW18ANR22G00D,0603-08
L-14W82NJV4E,0603-08
PE43670,QFN32-5x5x.9 0P5 PP
C2P-0603-50V-0P25-C0G,0603-08
C2P7-0603-50V-0P25-C0G,0603-08
1008HQ-R10XGL,IND2 2512 1008CS SILH AUT
LQW18AN47NG00D,0603-08
R0R12-0603,R0603-04
ADRF5040BCPZ,QFN24 4x4x1 P0.5 PP
HMC542B,QFN24 4x4x1 P0.5 PP
CT22U-D-25V-10P-0R8,D PP
R43R-0603,R0603-04
C8P2-0603-50V-0P25-C0G,0603-05
PIC18F26K80I-SS-ODC2020-25.1,SSOP28-0.65-BW:6.1
R10K5-0805-25PPM,R0805-05
LQW15AN1N5B00D,0402-05
LQW18AN62NG00D,0603-08
LQW18ANR15G00D,0603-08
ORNTA1002AT1,SOIC8 PP
TLE2142ID,SOIC8 PP
W3A41C103KAT2A,1206-09
744761111C,0603-05
DS24B33S,SOICB8 PP 208miles
502430-4010,CON40-10x20 - 502430 PP
LM4040DIM3-2.5,SOT-23JEDEC
C1N-1812-1KV-5P-C0G,1812-32 PP
AD8052ARZ,SOIC8 PP
L-14W8N2JV4E,0603-08
LTM2882IY-5,BGA32-15x11.2x3.4 1P27
C1P8-0402-50V-0P25-C0G,0402-05
LQH43MN150J03,LQH43MN100K03L AUTO
LQH43PN220M26,LQH43MN100K03L AUTO
LQH43PN470M26,LQH43MN100K03L AUTO
LQH43PN6R8M26,LQH43MN100K03L AUTO
LTC5587IDD,DFN-10 3x3x0.7 P0.5 AUTO
R40K2-0805-25PPM,R0805-05
OPERAROC,TQFP100-23x17x3 0P65 PP
LTC2050HVIS6,SOT-23_6
AD8422ARMZ,MSOP8 PP
DG408LEDQ,TSSOP16-0.65 PP
74HCT244PW,TSSOP20-0.65 PP
C10P-0402-50V-5P-AD,0402-05
AD4010BCPZ,DFN-10 3x3x0.8 P0.5 PP
SN74LVC1G66DCK,SOT-353-1 PP
74LVC4T3144PW,HTSSOP14 PP
DS89C21TM,SOIC8 PP
MC74HC139ADTR2G,TSSOP16-0.65 PP
TL1963A-33DCQ,SOT-223JEDEC
PCA9509DP,TSSOP8 BW:3 PP LM75BDP
R120R-1206-25PPM,R1206-05
ADS8344E,SSOP20 DBQ PP
R1M-0603-25PPM,R0603-04
R2K21-0402-25PPM,R0402-03
R178K-0603-25PPM,R0603-04
R0R3-1206-0W5,R1206-05
SN74AVC16T245DGG,TSSOP48-0.50-BW:6.1
C100P-0805-250V-5P-C0G,0805-05 AUTO
C330P-0402-50V-10P-X7R,C0402-05
R620R-0805-25PPM,0805-05
R620R-1206,1206-05
R620R-1206-50PPM,1206-05
C10N-0402-50V-10P-AD,0402-05
C100N-0402-16V-10P-AD,0402-05
R75R-1206-25PPM,1206-05
BC817-25-7-F-AD,SOT-23JEDEC
CC100U-D6X5-16V-20P-AD,ALUC PP
M24LC32AF-I-SN-AD,SOIC8 PP
PMLL4148L-AD,SOD 80 PP
R7FA4M2AD3CFP-AD,LQFP100-0.50 PP
MX25L12835FM2I-10G-AD,SOICB8 PP 208miles
MCP2518FDT-H-SL,SOIC14 N 150 mil SL PP
R10R-2512-1W5,R2512-06
R46K4-0402-25PPM,R0402-03
R7K87-0402,R0402-03
C220N-0402-16V-10P-AD,0402-05
BC856B-AD,SOT-23JEDEC
LT6106HS5,SOT-23_5 PP
MX25L51245GZ2I-10G,WSON8 6x8x.75 1P27
STD40P8F6AG,DPAK
MCP4822-E-MS,MSOP8 PP
ACPL-061L-500E,SOIC8 PP
MIC2601YML,DFN8 2x2x.9 0P5 PP
ADM7171ACPZ,WSON8 3x3x.75 0P5 PP
LM27761DSG,SON8 2X2-0.75 PP
MAX5550ETE,QFN16 3x3x.9 0P5 PP
iC-HTG,QFN24 4x4x1 P0.5 PP
156120M173000,1206-12 PP
DSPIC33CH512MP508-I-PT,LQFP80-0.50 PP
SRN2510F-1R0M,IND2 2.5x2x1.2 MAMK2520
B82498F1102J,0805-05
R536R-0402,R0402-03
R4K7-0402-AD,R0402-03
C1U-0402-50V-10P-X5R,C0402-05
DFLS2100,SOD123 POWERDI PP
ADP7142ACPZN5.0,UDFN6 2X2mm EP0.6 PP
MF-USML500-12-2,1210-H PP h=0.4 a 1.2
ADN8834ACPZ,QFN24-4x4x.75 0P5 PP
TPSM84209RKH,LGA9-4.5X4X2 RKH TPSM8420
R82R-1206,1206-05
SMBTA06E6327,SOT-23JEDEC
1210L005,1210-09 PP
BZX84-C36,SOT-23JEDEC
EEEFK1E471P,ALUG PP
BGA524N6E6327XTSA1,LGA6-1.1x.7x.375 0P4 TSNP
DT1042-04TS,SOT-23_6
EM6K7T2CR,SOT-666 PP
DFLT15A,SOD123 POWERDI PP
ISP1807-LR,MODULE ISP1807 LGA62-8x8-
74LVC32AT14,HTSSOP14 PP
TCAN1042HVD,SOIC8 PP
MMBTA56L,SOT-23JEDEC
LTC2662IUH-16,QFN32 5x5x08 0P5 PP
SMD075F-2,SMD075F-2 AUTO FUSIBLE
R0R05-2512-3W,R2512-06
C270P-0603-50V-5P-C0G,0603-05
B59707A120A062,1210-23 PP
SN74LVC1G3157DRY2,SON6-1.45x1x.6 0P5 PP
2SC5662T2LP,SOT-723 PP
ST1L05CPU33R,DFN6 3x3x.9 P95 PP
74AVC2T245GUX,QFN10 1.8x1.4x.5 0P4 PP
MAX17048G,SON8 2X2-0.75 PP
MCP73831-2ATI-MC,DFN8-2x3x.55 0P5 PP
MCP6441T-E-LT,SOT-323_SC-70_5 TEST
TCAN1042DQ1,SOIC8 PP
QBLP595-R,0402-05
PCA9306GF,XSON8-1.3x1 0P55 SOT1059
SARA-R510M8S-00B,LGA64-26x16x2.2 1P1 SARAd
LQG15HN39NJ02D,0402-05
C1N-0201-25V-10P-X7R,0201-05
B39162B8813P810,LGA5-1.1x.9x.45 0P385 B39
TPS72718DSE,WSON6 1.5x1.5x.75 0P5 PP
NJG1806K75-TE1,LGA6-1x1x.4 NJG1806K05
ESP32-C3-MINI-1-H4,MOD48-16x13 ESP-C3-MINI-1
ICM-20789,LGA24-4x4x1.3 0P5 ICM-207
24CW640T-I-SN,SOIC8 PP
24AA64T-I-MC,DFN8-2x3x.55 0P5 PP
TMP112AIDRLT,SOT-563 PP
0402HP-39NXGLW,0402-05
EQY-6-24,DFN8 2x2x.9 0P5 PP
EQY-10-63,DFN8 2x2x.9 0P5 PP
EQY-6-63,DFN8 2x2x.9 0P5 PP
EQY-2-24,DFN8 2x2x.9 0P5 PP
AVA-24,QFN8 3x3x.9 0P66 DQ849
EDZTE613.6B,SOD523 PP
OPA2141AID,SOIC8 PP
MAX3390EEUD,HTSSOP14 PP
EQY-8-453,DFN6 2x2x1 0P65 MC1630-1
MCP6001T-EOT,SOT-23_5 PP
TPS61040DBV,SOT-23_5 PP
C150N-0603-50V-10P-X7R,C0603-08
AstronodeS,MOD42-34x31x4 ASTRO DFN
2SC3838KT146P,SOT-23JEDEC
HMC994APM5E,QFN32 5x5xH 0P5 PP
LHA-83W,QFN12-3x3x.9 0P5 PP DQ122
HFCG-4400,0805-05
QBLP595-Y,0402-05
TGA2227-SM,QFN14-4X4-TGA2227
MMA02040C4703FB000,MELF0204 AUTO
EEE-FKC271XSL,ALUD8 PP
ZVP3310FTA,SOT-23JEDEC
MCP9700T-E-LT,SOT-353-1 PP
SODDB3T,SOD123W PP
MCP1642DT-ADJI-MC,DFN8-2x3x.55 0P5 PP
LSE63F-EAFB-1-1,LED4-3.4x3x3.8-PUCE-LSE63
B72650M0301K072,IND2-8x6.3xH-SMC B726
DF123.0-60DP-0.5V,CON60-18x5x2.2 DF123 DP
USBDF01W5,SOT-353-1 PP
AT24CS02-SSHM,SOIC8 PP
APDA3020LSECK-J3-PF,LED COUCHER APDA3020 AUT
APD3224QBC-D-F01,LED2 3.2x2.4x2.4 APD3224r
MIC5256-3.3YM5,SOT-23_5 PP
SI2307CDS,SOT-23JEDEC
UUD1A102MNL1GS,ALUG PP
MC011421,0603-06 PP
BGA576C80P24X24,BGA LIROC TB
DF123.0-80DS-0.5V,CON80-23.1x5.1x2.2 DF12
PIC18F45K20-I-ML,QFN44-0.65 Z PP
R470R-2512-1W,R2512-06
150141RS73100,LED2cr 3.5x2.8x1.9 LR T67
DMN2004DMK,SOT-26(5)
ISL21080CIH315Z,SOT-23JEDEC
DF123.0-60DS-0.5V,CON60-18.1x5.1x2.2 DF12
MCP6442-E-MS,MSOP8 PP
STLQ015M20R,SOT-23_5 PP
GSOT08C,SOT-23JEDEC
FMMT493,SOT-23JEDEC
BTS3408GXUMA2,SOIC8 PP
IR4427S,SOIC8 PP
MCP6032T-EMS,MSOP8 PP
SMBJ33CA,SMB PP
GF1D,SMA PP
BCX54-16,SOT-89JEDEC_SC-62
HSMF-C118,LED4 1210-11 HSMF C118 PU
KPTL-3216CGCK-01,1206-12 PP
MIC2005A-1YM5,SOT-23_5 PP
SN74LVC1G00MDCK,SOT-353-1 PP
IPB072N15N3,D2PAK
LM1117IMP-5.0,SOT-223JEDEC
ACP3225-102-2P,IND ACP3225-102-2P
PIC32MX775F512H-80I-PT,TQFP64-0.50
BZV55-C10,SOD-80
R2K-2512-1W,R2512-06
C2U2-2220-250V-10P-X7T,2220-25 PP
NLAST4599DF,SOT-323_SC-70_6 PP
C470P-1812-3KV-10P-X7R,1812-32 PP
SN74HCS02QPW,HTSSOP14 PP
SN74HCS174QPW,TSSOP16-0.65 PP
SN74HCS04QPW,HTSSOP14 PP
SN74HCS08PW,HTSSOP14 PP
SN74HCS74QPW,HTSSOP14 PP
R8K2-0805-25PPM,0805-05
AMC1301DWV,SOIC8 DWV PP
C100N-0805-250V-10P-X7T,0805-09 PP
SMBJ220CA,SMB PP
OPA189ID,SOIC8 PP
AP3211KTR-G1,SOT-23_6
24AA02E48T-IOT,SOT-23_5 PP
LM2703MF-ADJ,SOT-23_5 PP
MLP2520S100ST0S1,1008-09 PP
MLP2520S4R7ST0S1,1008-09 PP
TPS62203DBV,SOT-23_5 PP
MBR120VLSF,SOD123Flat PP
R27K4-1206,R1206-05
R390K-1206-25PPM,R1206-05
R51K1-1206-25PPM,R1206-05
C330N-1206-50V-10P-X7R,1206-14
R6R2-1206,1206-05
SN65MLVD202D,SOIC14 N 150 mil SL PP
EPM3256ATC144-10N,TQFP144-0.50
VM3000,LGA7-3.5x2.65x1.3 VM3000
MLP2012S1R0MT0S1,0805-09 PP
STM32H743IIK6,BGA176 10x10x.6 0P65 IIK
TXS0206AYFP,BGA20 1.95x1.5x.5 0P4 YFP
IS42S16320D-7BLI,TFBGA54 8x8x1.2 P0.8
MIC5504-3.0YMT-TZ,DFN4 1.2x1.2x.75 0P85 PP
NTD2955T4G,DPAK
MINISMDC110F-24-2,1813-3 PP fusible AUTO
HSMY-C280,0402-05
AP61100Z6,SOT-666 PP
C8P-0201-50V-0P1-C0G,0201-03 PP
NCP161ASN180,SOT-23_5 PP
DRV8846RGE,QFN24-4x4x.1 0P5 PP RGE
BLM15EG221SN1D,0402-05
MF-MSMF075-24-2,1812-09
R11K5-0805-10PPM,R0805-05
R4M3-0805,R0805-05
BC847BPDW1,SOT-323_SC-70_6
R620K-0603,0603-05
C4P7-0201-50V-0P25-C0G,0201-03 PP
C2U2-0201-10V-20P-X5R,0201-03 PP
