package,longueur_um,largeur_um,hauteur_um,surface_mm2,recuperable,poses,erreurs_pick,taux_pick_pct,source_sauvegarde
WDFN10,2231,979,750,2.184,false,0,0,,2026-08-19
LGA6-6x4x.4 0Pn PP,6000,4000,400,24.0,true,0,0,,2026-08-19
CBGA64-8x8-1.50,2300,2100,550,4.83,false,0,0,,2026-08-19
TESTE,1450,3050,700,4.423,false,0,0,,2026-08-19
BGA225-28x28x2.1 1P8 PP,28000,28000,2100,784.0,true,0,0,,2026-08-19
BGA64-x9-2.15,9000,9000,2150,81.0,true,0,0,,2026-08-19
DFN-8-3X3-0.8,3000,3000,800,9.0,true,0,0,,2026-08-19
SON6 1x1.5-0.4 Z PP,1500,1000,400,1.5,false,0,0,,2026-08-19
SOT-223 PP,6300,3200,1800,20.16,true,0,0,,2026-08-19
LGA16 3x3x1 0P5 PP AUTO,3202,3205,900,10.262,true,0,0,,2026-08-19
SIM68M ACTIA MODULE,10729,10338,2540,110.916,true,0,0,,2026-08-19
DFN8 PP,1950,2550,500,4.973,false,0,0,,2026-08-19
VSON8 3x3x1 0P65 DRB,3000,3000,1000,9.0,true,0,0,,2026-08-19
uQFN16-2.3X2.5-1.15 PP,2500,2300,1150,5.75,false,0,0,,2026-08-19
BGA9-1.6X1.6-0.625 PP,1600,1600,620,2.56,false,0,0,,2026-08-19
Intel1567,62500,55000,6000,3437.5,true,0,0,,2026-08-19
TQFP80-0.40,10000,10000,1000,100.0,true,0,0,,2026-08-19
SCT-595-5 Z PP,2900,1600,1100,4.64,false,0,0,,2026-08-19
QFN30-6x4x.8 0P5 NEW,6000,4000,800,24.0,true,0,0,,2026-08-19
BGA64-11x11-2.15,11000,11000,2150,121.0,true,0,0,,2026-08-19
1812-14,4500,3200,1400,14.4,true,0,0,,2026-08-19
QFN68-8x11x3 0P5 PP,8000,11000,3000,88.0,true,0,0,,2026-08-19
1825-09,4500,6400,900,28.8,true,0,0,,2026-08-19
1825-11,4500,6400,1100,28.8,true,0,0,,2026-08-19
1825-14,4500,6400,1400,28.8,true,0,0,,2026-08-19
1825-16,4500,6400,1600,28.8,true,0,0,,2026-08-19
2412-06,6300,3200,600,20.16,true,0,0,,2026-08-19
BGA64-13x13-2.15,13000,13000,2150,169.0,true,0,0,,2026-08-19
BGA729-35x35-2.15,35000,35000,2150,1225.0,true,0,0,,2026-08-19
BGA73-4x4-0.85 AP AUTO 2,4000,4000,850,16.0,true,0,0,,2026-08-19
BGA1024-32x32-1.0,33000,33000,2150,1089.0,true,0,0,,2026-08-19
LED KPTB-1612 PP,1250,1600,650,2.0,false,0,0,,2026-08-19
BGA81-10x10-2.15,10000,10000,2150,100.0,true,0,0,,2026-08-19
BGA81-12x12-2.15,12000,12000,2150,144.0,true,0,0,,2026-08-19
VQFN24 4x4x.75 0P5 PP,4000,4000,750,16.0,true,0,0,,2026-08-19
BGA1369-37x37-1.0,37500,37500,2150,1406.25,true,0,0,,2026-08-19
QFN30-6x4x.8 0P5 RNP,6000,4000,800,24.0,true,0,0,,2026-08-19
TAC5111IRGER,3994,3994,750,15.952,true,0,0,,2026-08-19
SON8 3.2X1.5,3200,1500,1100,4.8,false,0,0,,2026-08-19
RNC8-1206,3200,1600,600,5.12,false,0,0,,2026-08-19
EE TANTAL,7300,4300,4300,31.39,true,0,0,,2026-08-19
IND2 2.1x1.5x1.4 PP LQW2,2090,1530,1420,3.198,false,0,0,,2026-08-19
WQFN15-1.5X2X0.75,1996,1487,750,2.968,false,0,0,,2026-08-19
DSPIC33 CLIENT AUTO,4508,4339,550,19.56,true,0,0,,2026-08-19
TSSOP16-0.65 PP AUTO,4150,5150,1000,21.372,true,0,0,,2026-08-19
410501,17000,22000,2400,374.0,true,0,0,,2026-08-19
MLP55-27,5000,5000,800,25.0,true,0,0,,2026-08-19
SO8-5X6,5000,4000,1000,20.0,true,0,0,,2026-08-19
SSOP8 PP,2900,2800,1100,8.12,false,0,0,,2026-08-19
TO-252-5-11 DPAK-5 PP,6500,7200,2300,46.8,true,0,0,,2026-08-19
PowerModuleLGA12-4X5,3838,4817,720,18.488,true,0,0,,2026-08-19
QFN16 3.5x3.5x1.0,3500,3500,1000,12.25,true,0,0,,2026-08-19
1210-11,3200,2500,1100,8.0,false,0,0,,2026-08-19
0154002.DR fus valideAUTO,13204,7230,3810,95.465,true,0,0,,2026-08-19
NFE MECA PP,1449,3133,1600,4.54,false,0,0,,2026-08-19
RELAIS10ASYM 14.5x7.2xAl,7500,15000,10400,112.5,true,0,0,,2026-08-19
WE-LAN,12000,6000,6350,72.0,true,0,0,,2026-08-19
BGA153 13X11.5X1.2,13000,11500,1200,149.5,true,0,0,,2026-08-19
SCT-595-5 PP,2900,1600,1100,4.64,false,0,0,,2026-08-19
BGA784-28x28-1.0,29000,29000,2150,841.0,true,0,0,,2026-08-19
ECS-SR1 AUTO,7350,3400,2200,24.99,true,0,0,,2026-08-19
2010-06,5800,2500,630,14.5,true,0,0,,2026-08-19
R2010-06,5800,2500,630,14.5,true,0,0,,2026-08-19
BGA81-9x9-1.5,14000,14000,2150,196.0,true,0,0,,2026-08-19
BGA841-29x29-1.27,37500,37500,2150,1406.25,true,0,0,,2026-08-19
2512-06,6300,3200,630,20.16,true,0,0,,2026-08-19
R2512-06,6300,3200,630,20.16,true,0,0,,2026-08-19
R1812-06,4500,3200,600,14.4,true,0,0,,2026-08-19
BOITIER NEUTRE,1000,1000,1500,1.0,false,0,0,,2026-08-19
BGA900-30x30-1.0,31000,31000,2150,961.0,true,0,0,,2026-08-19
CBGA100-10x10-1.00,11000,11000,2000,121.0,true,0,0,,2026-08-19
CBGA100-10x10-1.27,13000,13000,2000,169.0,true,0,0,,2026-08-19
CBGA100-10x10-1.50,15000,15000,2000,225.0,true,0,0,,2026-08-19
CBGA1024-32x32-1.00,33000,33000,2000,1089.0,true,0,0,,2026-08-19
CBGA121-11x11-1.27,15000,15000,2000,225.0,true,0,0,,2026-08-19
CBGA121-11x11-1.50,17000,17000,2000,289.0,true,0,0,,2026-08-19
CBGA144-12x12-1.00,13000,13000,2000,169.0,true,0,0,,2026-08-19
CBGA144-12x12-1.50,19000,19000,2000,361.0,true,0,0,,2026-08-19
CBGA168-14x12-1.50,21000,18500,2000,388.5,true,0,0,,2026-08-19
CBGA169-13x13-1.27,17000,17000,2000,289.0,true,0,0,,2026-08-19
CBGA196-14x14-1.00,15000,15000,2000,225.0,true,0,0,,2026-08-19
CBGA196-14x14-1.27,18500,18500,2000,342.25,true,0,0,,2026-08-19
CBGA196-14x14-1.50,21000,21000,2000,441.0,true,0,0,,2026-08-19
CBGA224-16x14-1.27,21000,18500,2000,388.5,true,0,0,,2026-08-19
CBGA224-16x14-1.50,25000,21000,2000,525.0,true,0,0,,2026-08-19
CBGA225-15x15-1.27,19000,19000,2000,361.0,true,0,0,,2026-08-19
CBGA225-15x15-1.50,23000,23000,2000,529.0,true,0,0,,2026-08-19
CBGA256-16x16-1.00,17000,17000,2000,289.0,true,0,0,,2026-08-19
CBGA256-16x16-1.27,21000,21000,2000,441.0,true,0,0,,2026-08-19
CBGA256-16x16-1.50,25000,25000,2000,625.0,true,0,0,,2026-08-19
CBGA289-17x17-1.00,18500,18500,2000,342.25,true,0,0,,2026-08-19
CBGA304-19x16-1.27,25000,21000,2000,525.0,true,0,0,,2026-08-19
CBGA324-18x18-1.00,19000,19000,2000,361.0,true,0,0,,2026-08-19
CBGA324-18x18-1.27,23000,23000,2000,529.0,true,0,0,,2026-08-19
CBGA324-18x18-1.50,27000,27000,2000,729.0,true,0,0,,2026-08-19
CBGA336-21x16-1.50,32500,25000,2000,812.5,true,0,0,,2026-08-19
CBGA340-20x17-1.00,21000,18500,2000,388.5,true,0,0,,2026-08-19
CBGA361-19x19-1.27,25000,25000,2000,625.0,true,0,0,,2026-08-19
CBGA361-19x19-1.50,29000,29000,2000,841.0,true,0,0,,2026-08-19
CBGA400-20x20-1.00,21000,21000,2000,441.0,true,0,0,,2026-08-19
CBGA400-20x20-1.50,31000,31000,2000,961.0,true,0,0,,2026-08-19
CBGA441-21x21-1.27,27000,27000,2000,729.0,true,0,0,,2026-08-19
CBGA441-21x21-1.50,32500,32500,2000,1056.25,true,0,0,,2026-08-19
CBGA475-25x19-1.27,32500,25000,2000,812.5,true,0,0,,2026-08-19
CBGA480-24x20-1.00,25000,21000,2000,525.0,true,0,0,,2026-08-19
CBGA484-22x22-1.00,23000,23000,2000,529.0,true,0,0,,2026-08-19
HVQFN36 6x6x0.85 P0.5,6000,6000,850,36.0,true,0,0,,2026-08-19
CBGA484-22x22-1.50,33000,33000,2000,1089.0,true,0,0,,2026-08-19
CBGA49-7x7-1.50,11000,11000,2000,121.0,true,0,0,,2026-08-19
CBGA576-24x24-1.00,25000,25000,2000,625.0,true,0,0,,2026-08-19
CBGA576-24x24-1.27,31000,31000,2000,961.0,true,0,0,,2026-08-19
CBGA625-25x25-1.27,32500,32500,2000,1056.25,true,0,0,,2026-08-19
CBGA64-8x8-1.27,11000,11000,2000,121.0,true,0,0,,2026-08-19
0805-09,2000,1200,900,2.4,false,0,0,,2026-08-19
CBGA676-26x26-1.00,27000,27000,2000,729.0,true,0,0,,2026-08-19
CBGA676-26x26-1.27,33000,33000,2000,1089.0,true,0,0,,2026-08-19
CBGA744-31x24-1.00,32500,25000,2000,812.5,true,0,0,,2026-08-19
CBGA784-28x28-1.00,29000,29000,2000,841.0,true,0,0,,2026-08-19
CBGA900-30x30-1.00,31000,31000,2000,961.0,true,0,0,,2026-08-19
CCGA1088-33x33-1.27,43500,43500,7800,1892.25,true,0,0,,2026-08-19
CCGA1247-41x31-1.0,42000,32000,7800,1344.0,true,0,0,,2026-08-19
CCGA1657-41x41-1.0,42000,42000,8100,1764.0,true,0,0,,2026-08-19
CCGA2577-51x51-1.0,52500,52500,8000,2756.25,true,0,0,,2026-08-19
CCGA624-25x25-1.27,32300,32300,4300,1043.29,true,0,0,,2026-08-19
CCGA824-33x25-1.27,42500,32500,7800,1381.25,true,0,0,,2026-08-19
CQFP100-0.635,17280,17280,4420,298.598,true,0,0,,2026-08-19
CQFP100-1.27,32520,32520,4420,1057.55,true,0,0,,2026-08-19
CQFP132-0.635,22350,22350,4420,499.522,true,0,0,,2026-08-19
CQFP164-0.635,27440,27440,4420,752.954,true,0,0,,2026-08-19
CQFP196-0.635,32510,32510,4420,1056.9,true,0,0,,2026-08-19
CQFP36-1.27,12200,12200,4420,148.84,true,0,0,,2026-08-19
CQFP44-1.27,14740,14740,4420,217.268,true,0,0,,2026-08-19
CQFP52-1.27,17280,17280,4420,298.598,true,0,0,,2026-08-19
CQFP68-0.635,12200,12200,4420,148.84,true,0,0,,2026-08-19
CQFP68-1.27,22360,22360,4420,499.97,true,0,0,,2026-08-19
CQFP84-0.635,14730,14730,4420,216.973,true,0,0,,2026-08-19
CQFP84-1.27,27440,27440,4420,752.954,true,0,0,,2026-08-19
POWER33-WDFN8 3x3 0P65,3000,3000,800,9.0,true,0,0,,2026-08-19
HVQFN40 6x6x.85 P0.5 PP,6000,6000,850,36.0,true,0,0,,2026-08-19
DF12NB-3.0-60DS-0.5V-51,22000,4700,2200,103.4,true,0,0,,2026-08-19
FQFP100-0.40,12000,12000,2250,144.0,true,0,0,,2026-08-19
FQFP100-0.50-H:2.0,14000,14000,2250,196.0,true,0,0,,2026-08-19
FQFP100-0.50-H:2.7,14000,14000,2950,196.0,true,0,0,,2026-08-19
FQFP120-0.40-H:2.0,14000,14000,2250,196.0,true,0,0,,2026-08-19
FQFP120-0.40-H:2.7,14000,14000,2950,196.0,true,0,0,,2026-08-19
FQFP144-0.50-H:2.0,20000,20000,2500,400.0,true,0,0,,2026-08-19
BGA153 8x8x.9 0P5 PP,7340,6940,1290,50.94,true,0,0,,2026-08-19
FQFP144-0.50-H:2.7,20000,20000,3200,400.0,true,0,0,,2026-08-19
FQFP176-0.40-H:2.0,20000,20000,2500,400.0,true,0,0,,2026-08-19
FQFP176-0.40-H:2.7,20000,20000,3200,400.0,true,0,0,,2026-08-19
DF12NB-3.0-80DS-0.5V-51,22000,4700,2200,103.4,true,0,0,,2026-08-19
SOD323 1.2x2.5x1 SC-76,1250,1700,800,2.125,false,0,0,,2026-08-19
FQFP208-0.50,28000,28000,3900,784.0,true,0,0,,2026-08-19
FQFP216-0.40,24000,24000,3900,576.0,true,0,0,,2026-08-19
FQFP256-0.40,28000,28000,3900,784.0,true,0,0,,2026-08-19
FQFP272-0.50,36000,36000,4300,1296.0,true,0,0,,2026-08-19
FQFP296-0.40,32000,32000,3900,1024.0,true,0,0,,2026-08-19
FQFP304-0.50,40000,40000,4300,1600.0,true,0,0,,2026-08-19
FQFP336-0.40,36000,36000,4300,1296.0,true,0,0,,2026-08-19
FQFP376-0.40,40000,40000,4300,1600.0,true,0,0,,2026-08-19
FQFP64-0.50,10000,10000,2250,100.0,true,0,0,,2026-08-19
FQFP80-0.40,10000,10000,2250,100.0,true,0,0,,2026-08-19
FQFP80-0.50-H:2.0,12000,12000,2250,144.0,true,0,0,,2026-08-19
FQFP80-0.50-H:2.7,12000,12000,2950,144.0,true,0,0,,2026-08-19
Intel1071-19,25000,27000,1900,675.0,true,0,0,,2026-08-19
Intel951-19,27000,27000,1900,729.0,true,0,0,,2026-08-19
LBGA100-10x10-1.0,11000,11000,1400,121.0,true,0,0,,2026-08-19
ISO150AU,17900,7500,2500,134.25,true,0,0,,2026-08-19
LBGA100-10x10-1.27,13000,13000,2400,169.0,true,0,0,,2026-08-19
LBGA100-10x10-1.5,15000,15000,2400,225.0,true,0,0,,2026-08-19
LBGA1024-32x32-1.0,33000,33000,2400,1089.0,true,0,0,,2026-08-19
LBGA1156-34x34-1.0,35000,35000,2400,1225.0,true,0,0,,2026-08-19
LBGA121-11x11-1.27,15000,15000,2400,225.0,true,0,0,,2026-08-19
LBGA121-11x11-1.5,17000,17000,2400,289.0,true,0,0,,2026-08-19
LBGA1369-37x37-1.0,37500,37500,2400,1406.25,true,0,0,,2026-08-19
LBGA144-12x12-1.0,13000,13000,1400,169.0,true,0,0,,2026-08-19
LBGA144-12x12-1.5,19000,19000,2400,361.0,true,0,0,,2026-08-19
LBGA16-4x4-1.5,7000,7000,2400,49.0,true,0,0,,2026-08-19
LBGA169-13x13-1.27,17000,17000,2400,289.0,true,0,0,,2026-08-19
LBGA196-14x14-1.0,15000,15000,1400,225.0,true,0,0,,2026-08-19
LBGA196-14x14-1.27,19000,19000,2400,361.0,true,0,0,,2026-08-19
LBGA196-14x14-1.5,21000,21000,2400,441.0,true,0,0,,2026-08-19
LBGA225-15x15-1.5,23000,23000,2400,529.0,true,0,0,,2026-08-19
LBGA25-5x5-1.27,7000,7000,2400,49.0,true,0,0,,2026-08-19
XSON8 1x1x.3 0P3 SOT1116,1200,1000,350,1.2,false,0,0,,2026-08-19
LBGA256-16x16-1.27,21000,21000,2400,441.0,true,0,0,,2026-08-19
LBGA256-16x16-1.5,25000,25000,2400,625.0,true,0,0,,2026-08-19
LBGA324-18x18-1.0,19000,19000,1400,361.0,true,0,0,,2026-08-19
LBGA324-18x18-1.27,23000,23000,2400,529.0,true,0,0,,2026-08-19
LBGA324-18x18-1.5,27000,27000,2400,729.0,true,0,0,,2026-08-19
LBGA36-6x6-1.0,7000,7000,1400,49.0,true,0,0,,2026-08-19
LBGA36-6x6-1.27,9000,9000,2400,81.0,true,0,0,,2026-08-19
LBGA36-6x6-1.5,9000,9000,2400,81.0,true,0,0,,2026-08-19
LBGA361-19x19-1.27,25000,25000,2400,625.0,true,0,0,,2026-08-19
LBGA361-19x19-1.5,29000,29000,2400,841.0,true,0,0,,2026-08-19
LBGA400-20x20-1.0,21000,21000,2400,441.0,true,0,0,,2026-08-19
LBGA400-20x20-1.5,31000,31000,2400,961.0,true,0,0,,2026-08-19
LBGA441-21x21-1.27,27000,27000,2400,729.0,true,0,0,,2026-08-19
LBGA484-22x22-1.0,23000,23000,2400,529.0,true,0,0,,2026-08-19
LBGA484-22x22-1.27,29000,29000,2400,841.0,true,0,0,,2026-08-19
LBGA484-22x22-1.5,33000,33000,2400,1089.0,true,0,0,,2026-08-19
LBGA49-7x7-1.5,11000,11000,2400,121.0,true,0,0,,2026-08-19
LBGA529-23x23-1.5,35000,35000,2400,1225.0,true,0,0,,2026-08-19
LBGA576-24x24-1.0,25000,25000,2400,625.0,true,0,0,,2026-08-19
LBGA576-24x24-1.27,31000,31000,2400,961.0,true,0,0,,2026-08-19
LBGA625-25x25-1.27,33000,33000,2400,1089.0,true,0,0,,2026-08-19
LBGA625-25x25-1.5,37500,37500,2400,1406.25,true,0,0,,2026-08-19
LBGA64-8x8-1.0,9000,9000,1400,81.0,true,0,0,,2026-08-19
LBGA64-8x8-1.27,11000,11000,2400,121.0,true,0,0,,2026-08-19
LBGA64-8x8-1.5,13000,13000,2400,169.0,true,0,0,,2026-08-19
LBGA676-26x26-1.0,27000,27000,2400,729.0,true,0,0,,2026-08-19
LBGA729-27x27-1.27,35000,35000,2400,1225.0,true,0,0,,2026-08-19
LBGA784-28x28-1.0,29000,29000,2400,841.0,true,0,0,,2026-08-19
LBGA841-29x29-1.27,37500,37500,2400,1406.25,true,0,0,,2026-08-19
LBGA900-30x30-1.0,31000,31000,2400,961.0,true,0,0,,2026-08-19
LCC100-0.635-H:2.8,19050,19050,2800,362.902,true,0,0,,2026-08-19
LCC100-0.635-H:3.1,19050,19050,3100,362.902,true,0,0,,2026-08-19
LCC100-0.635-H:3.5,19050,19050,3500,362.902,true,0,0,,2026-08-19
LCC104-0.508-H:2.8,16510,16510,2800,272.58,true,0,0,,2026-08-19
LCC104-0.508-H:3.1,16510,16510,3100,272.58,true,0,0,,2026-08-19
LCC104-0.508-H:3.5,16510,16510,3500,272.58,true,0,0,,2026-08-19
LCC124-0.508-H:2.8,19050,19050,2800,362.902,true,0,0,,2026-08-19
LCC124-0.508-H:3.1,19050,19050,3100,362.902,true,0,0,,2026-08-19
LCC124-0.508-H:3.5,19050,19050,3500,362.902,true,0,0,,2026-08-19
LCC132-0.635-H:2.8,24130,24130,2800,582.257,true,0,0,,2026-08-19
LCC132-0.635-H:3.1,24130,24130,3100,582.257,true,0,0,,2026-08-19
LCC132-0.635-H:3.5,24130,24130,3500,582.257,true,0,0,,2026-08-19
LCC164-0.508-H:2.8,24130,24130,2800,582.257,true,0,0,,2026-08-19
LCC164-0.508-H:3.1,24130,24130,3100,582.257,true,0,0,,2026-08-19
LCC164-0.508-H:3.5,24130,24130,3500,582.257,true,0,0,,2026-08-19
LCC164-0.635-H:2.8,29210,29210,2800,853.224,true,0,0,,2026-08-19
LCC164-0.635-H:3.1,29210,29210,3100,853.224,true,0,0,,2026-08-19
LCC164-0.635-H:3.5,29210,29210,3500,853.224,true,0,0,,2026-08-19
LCC196-0.635-H:2.8,34290,34290,2800,1175.804,true,0,0,,2026-08-19
LCC196-0.635-H:3.1,34290,34290,3100,1175.804,true,0,0,,2026-08-19
LCC196-0.635-H:3.5,34290,34290,3500,1175.804,true,0,0,,2026-08-19
LCC204-0.508-H:2.8,29210,29210,2800,853.224,true,0,0,,2026-08-19
LCC204-0.508-H:3.1,29210,29210,3100,853.224,true,0,0,,2026-08-19
LCC204-0.508-H:3.5,29210,29210,3500,853.224,true,0,0,,2026-08-19
LCC244-0.508-H:2.8,34290,34290,2800,1175.804,true,0,0,,2026-08-19
LCC244-0.508-H:3.1,34290,34290,3100,1175.804,true,0,0,,2026-08-19
LCC244-0.508-H:3.5,34290,34290,3500,1175.804,true,0,0,,2026-08-19
LCC244-0.635-H:2.8,41910,41910,2800,1756.448,true,0,0,,2026-08-19
LCC244-0.635-H:3.1,41910,41910,3100,1756.448,true,0,0,,2026-08-19
LCC244-0.635-H:3.5,41910,41910,3500,1756.448,true,0,0,,2026-08-19
LCC264-0.508-H:2.8,36830,36830,2800,1356.449,true,0,0,,2026-08-19
LCC264-0.508-H:3.1,36830,36830,3100,1356.449,true,0,0,,2026-08-19
LCC264-0.508-H:3.5,36830,36830,3500,1356.449,true,0,0,,2026-08-19
LCC284-0.508-H:2.8,39370,39370,2800,1549.997,true,0,0,,2026-08-19
LCC284-0.508-H:3.1,39370,39370,3100,1549.997,true,0,0,,2026-08-19
LCC284-0.508-H:3.5,39370,39370,3500,1549.997,true,0,0,,2026-08-19
LCC304-0.508-H:2.8,41910,41910,2800,1756.448,true,0,0,,2026-08-19
LCC304-0.508-H:3.1,41910,41910,3100,1756.448,true,0,0,,2026-08-19
LCC304-0.508-H:3.5,41910,41910,3500,1756.448,true,0,0,,2026-08-19
LCC52-0.635-H:2.8,11430,11430,2800,130.645,true,0,0,,2026-08-19
LCC52-0.635-H:3.1,11430,11430,3100,130.645,true,0,0,,2026-08-19
LCC52-0.635-H:3.5,11430,11430,3500,130.645,true,0,0,,2026-08-19
LCC64-0.508-H:2.8,11430,11430,2800,130.645,true,0,0,,2026-08-19
LCC64-0.508-H:3.1,11430,11430,3100,130.645,true,0,0,,2026-08-19
LCC64-0.508-H:3.5,11430,11430,3500,130.645,true,0,0,,2026-08-19
LCC68-0.635-H:2.8,14220,14220,2800,202.208,true,0,0,,2026-08-19
LCC68-0.635-H:3.1,14220,14220,3100,202.208,true,0,0,,2026-08-19
LCC68-0.635-H:3.5,14220,14220,3500,202.208,true,0,0,,2026-08-19
LCC84-0.635-H:2.8,16510,16510,2800,272.58,true,0,0,,2026-08-19
LCC84-0.635-H:3.1,16510,16510,3100,272.58,true,0,0,,2026-08-19
LCC84-0.635-H:3.5,16510,16510,3500,272.58,true,0,0,,2026-08-19
LQFP100-0.40,12000,12000,1400,144.0,true,0,0,,2026-08-19
SOD323F NORMAL PP,1200,1500,500,1.8,false,0,0,,2026-08-19
LQFP100-0.65,20000,20000,1400,400.0,true,0,0,,2026-08-19
LQFP112-0.65,20000,20000,1400,400.0,true,0,0,,2026-08-19
LQFP120-0.40,14000,14000,1400,196.0,true,0,0,,2026-08-19
LQFP128-0.50,20000,20000,1400,400.0,true,0,0,,2026-08-19
SOT-553 PP DF5A6,1600,1200,550,1.92,false,0,0,,2026-08-19
RESO3-7.5x3.3x2.2 ECS-SR1,7500,3300,2200,24.75,true,0,0,,2026-08-19
LQFP176-0.40,20000,20000,1400,400.0,true,0,0,,2026-08-19
LQFP176-0.50,24000,24000,1400,576.0,true,0,0,,2026-08-19
LQFP20-0.65,4000,4000,1400,16.0,true,0,0,,2026-08-19
RESO3-ECS-SR1-7.5x3.3x2.2,7350,3400,2200,24.99,true,0,0,,2026-08-19
LQFP216-0.40,24000,24000,1400,576.0,true,0,0,,2026-08-19
LQFP24-0.50,4000,4000,1400,16.0,true,0,0,,2026-08-19
LQFP256-0.40,28000,28000,1400,784.0,true,0,0,,2026-08-19
LQFP32-0.40,4000,4000,1400,16.0,true,0,0,,2026-08-19
LQFP32-0.50,5000,5000,1400,25.0,true,0,0,,2026-08-19
SON8 2X2-0.85 PP,2000,2000,750,4.0,false,0,0,,2026-08-19
LQFP36-1.00,10000,10000,1400,100.0,true,0,0,,2026-08-19
LQFP40-0.40,5000,5000,1400,25.0,true,0,0,,2026-08-19
LQFP40-0.65,7000,7000,1400,49.0,true,0,0,,2026-08-19
SSOP20 PP,7200,5300,2000,38.16,true,0,0,,2026-08-19
LQFP44-1.00,12000,12000,1400,144.0,true,0,0,,2026-08-19
HX1260NL 13x7x6 1P27 Puls,12700,7100,5970,90.17,true,0,0,,2026-08-19
LQFP52-0.65,10000,10000,1400,100.0,true,0,0,,2026-08-19
LQFP52-0.80,12000,12000,1400,144.0,true,0,0,,2026-08-19
LQFP52-1.00,14000,14000,1400,196.0,true,0,0,,2026-08-19
LQFP64-0.40,7000,7000,1400,49.0,true,0,0,,2026-08-19
LQFP64-0.65,12000,12000,1400,144.0,true,0,0,,2026-08-19
LQFP64-0.80,14000,14000,1400,196.0,true,0,0,,2026-08-19
LQFP80-0.40,10000,10000,1400,100.0,true,0,0,,2026-08-19
DFN12-3x3x.75 0P45 PP,3000,3000,750,9.0,true,0,0,,2026-08-19
LQFP80-0.65,14000,14000,1400,196.0,true,0,0,,2026-08-19
LSOJ28-1.27,18400,10150,1650,186.76,true,0,0,,2026-08-19
LSOJ32-1.27,20950,10150,1650,212.643,true,0,0,,2026-08-19
LSOJ36-1.27,23500,10150,1650,238.525,true,0,0,,2026-08-19
LSOJ40-1.27,26050,10150,1650,264.408,true,0,0,,2026-08-19
LSOJ42-1.27,27300,10150,1650,277.095,true,0,0,,2026-08-19
LSOJ44-0.80,18400,10150,1650,186.76,true,0,0,,2026-08-19
LSOJ44-1.27,28600,10150,1650,290.29,true,0,0,,2026-08-19
LSOJ50-0.80,20950,10150,1650,212.643,true,0,0,,2026-08-19
LSOJ54-0.80,22250,10150,1650,225.838,true,0,0,,2026-08-19
LSOJ70-0.80,28600,10150,1650,290.29,true,0,0,,2026-08-19
M10857-58,10800,5700,5800,61.56,true,0,0,,2026-08-19
M20869-70,20800,6900,7000,143.52,true,0,0,,2026-08-19
M3216A,3200,1600,1600,5.12,false,0,0,,2026-08-19
M3224-22,3200,2400,2200,7.68,false,0,0,,2026-08-19
M3518-19,3500,1800,1900,6.3,false,0,0,,2026-08-19
M3528B,3500,2800,1900,9.8,true,0,0,,2026-08-19
M4532-32,4500,3200,3200,14.4,true,0,0,,2026-08-19
M4945-23,4900,4500,2300,22.05,true,0,0,,2026-08-19
M4955-23,4900,5500,2300,26.95,true,0,0,,2026-08-19
M5134-39,5100,3400,3900,17.34,true,0,0,,2026-08-19
M6235-35,6200,3450,3550,21.39,true,0,0,,2026-08-19
M7227-28,7200,2700,2800,19.44,true,0,0,,2026-08-19
M7243-28,7200,4500,2800,32.4,true,0,0,,2026-08-19
M7257-34,7200,5700,3400,41.04,true,0,0,,2026-08-19
M7343D,7300,4300,2800,31.39,true,0,0,,2026-08-19
M7350-30,7300,5000,3000,36.5,true,0,0,,2026-08-19
M7355-23,7300,5500,2300,40.15,true,0,0,,2026-08-19
M7365-35,7300,6500,3500,47.45,true,0,0,,2026-08-19
M7370-40,7300,7000,4000,51.1,true,0,0,,2026-08-19
M9675-45,9600,7500,4500,72.0,true,0,0,,2026-08-19
M9940-41,9900,4000,4100,39.6,true,0,0,,2026-08-19
XSON8 2x1x.5 0P5 SOT833-1,1950,1000,500,1.95,false,0,0,,2026-08-19
MELF3514-A12,3500,1400,1400,4.9,false,0,0,,2026-08-19
SOT-553 PP,1600,1200,550,1.92,false,0,0,,2026-08-19
MQFP100-30x20-0.65-H:2.7,20000,14000,2900,280.0,true,0,0,,2026-08-19
MQFP100-30x20-0.65-H:2.8,20000,14000,3200,280.0,true,0,0,,2026-08-19
MQFP112-0.65,20000,20000,2250,400.0,true,0,0,,2026-08-19
DFN16 5x3x-0.8 P0.5 PP,5000,3000,800,15.0,true,0,0,,2026-08-19
MQFP120-0.80,28000,28000,3900,784.0,true,0,0,,2026-08-19
MQFP128-0.80,28000,28000,3900,784.0,true,0,0,,2026-08-19
MQFP136-0.65,24000,24000,3800,576.0,true,0,0,,2026-08-19
MQFP144-0.65,28000,28000,3900,784.0,true,0,0,,2026-08-19
MQFP160-0.65,28000,28000,3900,784.0,true,0,0,,2026-08-19
MQFP184-0.65,32000,32000,3900,1024.0,true,0,0,,2026-08-19
MQFP232-0.65,40000,40000,4300,1600.0,true,0,0,,2026-08-19
MQFP36-1.00,10000,10000,2250,100.0,true,0,0,,2026-08-19
MQFP44-0.80-H:2.0,10000,10000,2250,100.0,true,0,0,,2026-08-19
MQFP44-0.80-H:2.7,10000,10000,3200,100.0,true,0,0,,2026-08-19
MQFP44-0.80-H:2.8,10000,10000,3200,100.0,true,0,0,,2026-08-19
MQFP52-0.65-H:2.0,10000,10000,2250,100.0,true,0,0,,2026-08-19
MQFP52-0.65-H:2.8,10000,10000,3200,100.0,true,0,0,,2026-08-19
MQFP52-1.00-H:2.0,14000,14000,2250,196.0,true,0,0,,2026-08-19
MQFP52-1.00-H:2.7,14000,14000,2950,196.0,true,0,0,,2026-08-19
MQFP52-1.00-H:2.8,14000,14000,3200,196.0,true,0,0,,2026-08-19
MQFP64-16x16-0.80-H:2.0,14000,14000,2250,196.0,true,0,0,,2026-08-19
MQFP64-16x16-0.80-H:2.7,14000,14000,2950,196.0,true,0,0,,2026-08-19
MQFP64-16x16-0.80-H:2.8,14000,14000,3200,196.0,true,0,0,,2026-08-19
MQFP64-19x13-1.00-H:2.7,20000,14000,2900,280.0,true,0,0,,2026-08-19
MQFP64-19x13-1.00-H:2.8,20000,14000,3200,280.0,true,0,0,,2026-08-19
MQFP76-1.00,20000,20000,2250,400.0,true,0,0,,2026-08-19
MQFP80-20x20-0.65-H:2.0,14000,14000,2250,196.0,true,0,0,,2026-08-19
MQFP80-20x20-0.65-H:2.7,14000,14000,2950,196.0,true,0,0,,2026-08-19
MQFP80-20x20-0.65-H:2.8,14000,14000,3200,196.0,true,0,0,,2026-08-19
MQFP80-24x16-0.80-H:2.7,20000,14000,2900,280.0,true,0,0,,2026-08-19
MQFP80-24x16-0.80-H:2.8,20000,14000,3200,280.0,true,0,0,,2026-08-19
MQFP88-0.65-H:2.0,16000,16000,2500,256.0,true,0,0,,2026-08-19
MQFP88-0.65-H:2.7,16000,16000,3200,256.0,true,0,0,,2026-08-19
MQFP88-0.80,20000,20000,2250,400.0,true,0,0,,2026-08-19
PLCC100-opt,34400,34400,4640,1183.36,true,0,0,,2026-08-19
PLCC100,34400,34400,4640,1183.36,true,0,0,,2026-08-19
PLCC124-opt,42010,42010,4640,1764.84,true,0,0,,2026-08-19
PLCC124,42010,42010,4640,1764.84,true,0,0,,2026-08-19
PLCC20-opt,9000,9000,4640,81.0,true,0,0,,2026-08-19
SC-70-6,1997,1605,950,3.205,false,0,0,,2026-08-19
PLCC20,9000,9000,4640,81.0,true,0,0,,2026-08-19
PLCC28-opt,11500,11500,4640,132.25,true,0,0,,2026-08-19
PLCC28,11500,11500,4640,132.25,true,0,0,,2026-08-19
PLCC32-opt,13700,11300,4640,154.81,true,0,0,,2026-08-19
PLCC32,13700,11300,4640,154.81,true,0,0,,2026-08-19
PLCC44-opt,16600,16600,4640,275.56,true,0,0,,2026-08-19
DFN1006-2 PP,1000,680,300,0.68,false,0,0,,2026-08-19
PLCC44,16600,16600,4640,275.56,true,0,0,,2026-08-19
PLCC52-opt,19100,19100,4640,364.81,true,0,0,,2026-08-19
PLCC52-socket,25740,25740,5000,662.548,true,0,0,,2026-08-19
PLCC52,19100,19100,4640,364.81,true,0,0,,2026-08-19
PLCC68-opt,24230,24230,4640,587.093,true,0,0,,2026-08-19
PLCC68-socket,30820,30820,4500,949.872,true,0,0,,2026-08-19
PLCC68,24230,24230,4640,587.093,true,0,0,,2026-08-19
PLCC84-opt,29000,29000,4640,841.0,true,0,0,,2026-08-19
PLCC84-socket,35900,35900,5000,1288.81,true,0,0,,2026-08-19
PLCC84,29300,29300,4640,858.49,true,0,0,,2026-08-19
PQFP100-0.635-H:2.9,19050,19050,2900,362.902,true,0,0,,2026-08-19
PQFP100-0.635-H:4.3,19100,19100,4300,364.81,true,0,0,,2026-08-19
PQFP132-0.635-H:3.1,24130,24130,3100,582.257,true,0,0,,2026-08-19
PQFP132-0.635-H:4.3,24120,24120,4300,581.774,true,0,0,,2026-08-19
PQFP164-0.635-H:3.1,29210,29210,3100,853.224,true,0,0,,2026-08-19
PQFP164-0.635-H:4.3,25400,25400,4300,645.16,true,0,0,,2026-08-19
PQFP196-0.635,34300,34300,4300,1176.49,true,0,0,,2026-08-19
PQFP244-0.635,41900,41900,4300,1755.61,true,0,0,,2026-08-19
PQFP28-1.27,11430,11430,4300,130.645,true,0,0,,2026-08-19
PQFP44-0.635,10160,10160,2300,103.226,true,0,0,,2026-08-19
PQFP44-1.27,16510,16510,4300,272.58,true,0,0,,2026-08-19
PQFP52-0.635-H:2.3,11430,11430,2300,130.645,true,0,0,,2026-08-19
PQFP52-0.635-H:4.3,11430,11430,4300,130.645,true,0,0,,2026-08-19
PQFP52-1.27,19050,19050,4300,362.902,true,0,0,,2026-08-19
PQFP68-0.635-H:2.3,13970,13970,2300,195.161,true,0,0,,2026-08-19
LFCSP10,3000,3050,800,9.15,true,0,0,,2026-08-19
PQFP68-0.635-H:4.3,14000,14000,4300,196.0,true,0,0,,2026-08-19
PQFP68-1.27,24130,24130,4300,582.257,true,0,0,,2026-08-19
PQFP84-0.635-H:2.9,16510,16510,2900,272.58,true,0,0,,2026-08-19
PQFP84-0.635-H:4.3,16500,16500,4300,272.25,true,0,0,,2026-08-19
PQFP84-1.27,29210,29210,4300,853.224,true,0,0,,2026-08-19
SO4-4.1x6.1x2.2 2P54 CPC1,4000,3800,2200,15.2,true,0,0,,2026-08-19
1206-11,3200,1600,1100,5.12,false,0,0,,2026-08-19
QFN24-0.8,6000,6000,800,36.0,true,0,0,,2026-08-19
LGA8-6x8,6000,8000,1750,48.0,true,0,0,,2026-08-19
1210-20 PP 2,2950,2450,2000,7.228,false,0,0,,2026-08-19
1206-08 PP,3200,1500,800,4.8,false,0,0,,2026-08-19
LED 3.4x3 SO4,3200,3000,3800,9.6,true,0,0,,2026-08-19
SO4 5X9.5-3.75 Z PP,4800,6300,3750,30.24,true,0,0,,2026-08-19
INDUCTENCE 4P PP,2500,3200,2000,8.0,false,0,0,,2026-08-19
QFN80-0.5,12000,12000,800,144.0,true,0,0,,2026-08-19
0805-LED,2000,1250,1100,2.5,false,0,0,,2026-08-19
RN10-1206,3200,1600,600,5.12,false,0,0,,2026-08-19
RN8-0603,2000,1000,600,2.0,false,0,0,,2026-08-19
RN8-1206,3200,1600,600,5.12,false,0,0,,2026-08-19
TLP2270-TP4E,5850,7200,1550,42.12,true,0,0,,2026-08-19
RNF4-2420,6400,3200,600,20.48,true,0,0,,2026-08-19
RNF6-1812,4400,3000,600,13.2,true,0,0,,2026-08-19
SOT-223-4 PP,6500,3500,1700,22.75,true,0,0,,2026-08-19
SO4-4.9x7x2.1 2P54 VOMA,4900,4570,2200,22.393,true,0,0,,2026-08-19
SO18,11550,7500,2500,86.625,true,0,0,,2026-08-19
SO24,15400,7500,2500,115.5,true,0,0,,2026-08-19
DFN14 4x3x.75 0P5 IDE LTe,4000,3000,750,12.0,true,0,0,,2026-08-19
SOJ14-BW:7.52,9000,7520,3300,67.68,true,0,0,,2026-08-19
SOJ16-BW:7.52,10300,7520,3300,77.456,true,0,0,,2026-08-19
SOJ18-BW:7.52,11540,7520,3300,86.781,true,0,0,,2026-08-19
SOJ20-BW:7.52,12800,7520,3300,96.256,true,0,0,,2026-08-19
QFN38-7X4-0.9 PP,4000,7000,900,28.0,true,0,0,,2026-08-19
DSBGA6-1.05x0.7 AUTO,1050,700,400,0.735,false,0,0,,2026-08-19
SOJ24-BW:7.52,15400,7520,3300,115.808,true,0,0,,2026-08-19
SOJ24-BW:7.62,15870,7620,3500,120.929,true,0,0,,2026-08-19
SOJ24-BW:8.38,15700,8380,3250,131.566,true,0,0,,2026-08-19
SOJ26-BW:7.62,17140,7620,3500,130.607,true,0,0,,2026-08-19
SOJ26-FOUR-LEAD-GROUPS,16800,7490,1780,125.832,true,0,0,,2026-08-19
SOJ28-BW:10.16,18410,10160,3510,187.046,true,0,0,,2026-08-19
SOJ28-BW:10.54,18540,10540,4010,195.412,true,0,0,,2026-08-19
SOJ28-BW:7.52,17900,7520,3300,134.608,true,0,0,,2026-08-19
SOJ28-BW:7.62,18410,7620,3500,140.284,true,0,0,,2026-08-19
SOJ28-BW:8.38,18240,8380,3250,152.851,true,0,0,,2026-08-19
SOJ28-BW:8.89,18410,8890,3500,163.665,true,0,0,,2026-08-19
SOJ32-BW:10.16,20950,10160,3510,212.852,true,0,0,,2026-08-19
SOJ32-BW:12.7,21000,12700,3510,266.7,true,0,0,,2026-08-19
SOJ32-BW:7.62,20960,7620,3500,159.715,true,0,0,,2026-08-19
SOJ32-BW:8.38,20780,8380,3250,174.136,true,0,0,,2026-08-19
SOJ34-BW:10.16,22220,10160,3510,225.755,true,0,0,,2026-08-19
SOJ34-BW:12.7,22250,12700,3510,282.575,true,0,0,,2026-08-19
SOJ36-BW:10.16,23490,10160,3510,238.658,true,0,0,,2026-08-19
SOJ36-BW:12.7,23500,12700,3510,298.45,true,0,0,,2026-08-19
SOJ36-BW:8.38,23300,8380,3250,195.254,true,0,0,,2026-08-19
SOJ40-BW:10.16,26030,10160,3510,264.465,true,0,0,,2026-08-19
SOJ40-BW:12.7,26000,12700,3510,330.2,true,0,0,,2026-08-19
SOJ42-BW:10.16,27300,10160,3510,277.368,true,0,0,,2026-08-19
SOJ44-BW:10.16,28570,10160,3510,290.271,true,0,0,,2026-08-19
SOJ50-BW:10.15,20950,10150,3500,212.643,true,0,0,,2026-08-19
SOJ64-BW:12.0,26300,12000,3400,315.6,true,0,0,,2026-08-19
SOJ70-BW:10.15,28600,10150,3500,290.29,true,0,0,,2026-08-19
SOJ70-BW:12.7,28600,12700,3510,363.22,true,0,0,,2026-08-19
MELF2012 PP,2000,1250,1250,2.5,false,0,0,,2026-08-19
QFN20-0.55 PP,4000,4000,500,16.0,true,0,0,,2026-08-19
TQFP52-0.65,11800,11800,1000,139.24,true,0,0,,2026-08-19
QZ 5X3.2 PP,5000,3200,700,16.0,true,0,0,,2026-08-19
HVQFN24 4x4x1 AUTO,2350,2350,1000,5.522,false,0,0,,2026-08-19
LFCSP88 12x12x.85 0P5 PP,12000,12000,800,144.0,true,0,0,,2026-08-19
SOT-323_SC-70_4,2550,900,900,2.295,false,0,0,,2026-08-19
SOT-89-E1JEDEC,4500,2500,1500,11.25,true,0,0,,2026-08-19
DSBGA6-1.05x0.7x.4 0P35 P,1050,700,400,0.735,false,0,0,,2026-08-19
QFN32 5x5x08 0P5 PP,5000,5000,800,25.0,true,0,0,,2026-08-19
SSOP28-0.50-BW:6.1,7800,6100,1900,47.58,true,0,0,,2026-08-19
SOIC15 D PP,9900,3900,1750,38.61,true,0,0,,2026-08-19
QFN24-5x5xH 0P65 PP,4935,4974,900,24.547,true,0,0,,2026-08-19
QFN56-8x8x.85 0P4 PP,8000,8000,800,64.0,true,0,0,,2026-08-19
SSOP30-0.65-BW:6.1,9700,6100,1900,59.17,true,0,0,,2026-08-19
SSOP32-0.65-BW:6.1,11000,6100,1900,67.1,true,0,0,,2026-08-19
SSOP32-0.65-BW:8.0,11000,8000,1900,88.0,true,0,0,,2026-08-19
SSOP36-0.40-BW:6.1,7800,6100,1900,47.58,true,0,0,,2026-08-19
SSOP36-0.50-BW:6.1,9700,6100,1900,59.17,true,0,0,,2026-08-19
SSOP36-0.50-BW:8.0,9700,8000,1900,77.6,true,0,0,,2026-08-19
SSOP36-0.65-BW:6.1,12500,6100,1900,76.25,true,0,0,,2026-08-19
SSOP36-0.65-BW:8.0,12500,8000,1900,100.0,true,0,0,,2026-08-19
SSOP40-0.50-BW:6.1,11000,6100,1900,67.1,true,0,0,,2026-08-19
SSOP40-0.50-BW:8.0,11000,8000,1900,88.0,true,0,0,,2026-08-19
SSOP40-0.65-BW:6.1,14000,6100,1900,85.4,true,0,0,,2026-08-19
SSOP40-0.65-BW:8.0,14000,8000,1900,112.0,true,0,0,,2026-08-19
SSOP44-0.50-BW:6.1,11000,6100,1900,67.1,true,0,0,,2026-08-19
SSOP48-0.40-BW:6.1,9700,6100,1900,59.17,true,0,0,,2026-08-19
SSOP48-0.40-BW:8.0,9700,8000,1900,77.6,true,0,0,,2026-08-19
SSOP48-0.50-BW:6.1,12500,6100,1900,76.25,true,0,0,,2026-08-19
SSOP48-0.50-BW:8.0,12500,8000,1900,100.0,true,0,0,,2026-08-19
SSOP52-0.40-BW:6.1,11000,6100,1900,67.1,true,0,0,,2026-08-19
SSOP52-0.40-BW:8.0,11000,8000,1900,88.0,true,0,0,,2026-08-19
SSOP56-0.40-BW:6.1,12500,6100,1900,76.25,true,0,0,,2026-08-19
SSOP56-0.40-BW:8.0,12500,8000,1900,100.0,true,0,0,,2026-08-19
SSOP56-0.50-BW:6.1,14000,6100,1900,85.4,true,0,0,,2026-08-19
SSOP56-0.50-BW:8.0,14000,8000,1900,112.0,true,0,0,,2026-08-19
SSOP60-0.40-BW:8.0,12500,8000,1900,100.0,true,0,0,,2026-08-19
SSOP64-0.40-BW:6.1,14000,6100,1900,85.4,true,0,0,,2026-08-19
SSOP64-0.40-BW:8.0,14000,8000,1900,112.0,true,0,0,,2026-08-19
SSOP64-0.50-BW:6.1,17000,6100,1900,103.7,true,0,0,,2026-08-19
SSOP68-0.40-BW:8.0,14000,8000,1900,112.0,true,0,0,,2026-08-19
TQFP100-0.50 PP,14000,14000,2350,196.0,true,0,0,,2026-08-19
QZ 3.2x2.5x.8 2P1 ASEM,3200,2500,850,8.0,false,0,0,,2026-08-19
QFN19 5x4x.75 0P5,5000,4000,750,20.0,true,0,0,,2026-08-19
TO-268,16000,15000,5000,240.0,true,0,0,,2026-08-19
TQFP100-0.50,14000,14000,1000,196.0,true,0,0,,2026-08-19
TQFP100-0.65,20000,20000,1000,400.0,true,0,0,,2026-08-19
TQFP112-0.65,20000,20000,1000,400.0,true,0,0,,2026-08-19
TQFP120-0.40,14000,14000,1000,196.0,true,0,0,,2026-08-19
QFN 4X4 SEFRAM1800-Z01,6736,5048,1620,34.003,true,0,0,,2026-08-19
TQFP128-0.50,20000,20000,1000,400.0,true,0,0,,2026-08-19
TQFP144-0.50,20000,20000,1000,400.0,true,0,0,,2026-08-19
TQFP176-0.40,20000,20000,1000,400.0,true,0,0,,2026-08-19
TQFP176-0.50,24000,24000,1000,576.0,true,0,0,,2026-08-19
TQFP20-0.65,4000,4000,1000,16.0,true,0,0,,2026-08-19
TQFP216-0.40,24000,24000,1000,576.0,true,0,0,,2026-08-19
TQFP24-0.50,4000,4000,1000,16.0,true,0,0,,2026-08-19
TQFP32-0.40,4000,4000,1000,16.0,true,0,0,,2026-08-19
TQFP32-0.80,7000,7000,1000,49.0,true,0,0,,2026-08-19
TQFP36-1.00,10000,10000,1000,100.0,true,0,0,,2026-08-19
TQFP40-0.40,5000,5000,1000,25.0,true,0,0,,2026-08-19
TQFP40-0.65,7000,7000,1000,49.0,true,0,0,,2026-08-19
TQFP44-1.00,12000,12000,1000,144.0,true,0,0,,2026-08-19
TQFP52-0.80,12000,12000,1000,144.0,true,0,0,,2026-08-19
TQFP52-1.00,14000,14000,1000,196.0,true,0,0,,2026-08-19
TQFP64-0.40,7000,7000,1000,49.0,true,0,0,,2026-08-19
NFM41 PP AUTO,4600,1550,1000,7.13,false,0,0,,2026-08-19
LED3.2X.5-1 PP,3200,500,1000,1.6,false,0,0,,2026-08-19
D2PAK,10000,9000,4400,90.0,true,0,0,,2026-08-19
TQFP64-0.65,12000,12000,1000,144.0,true,0,0,,2026-08-19
TQFP80-0.50,12000,12000,1000,144.0,true,0,0,,2026-08-19
TQFP80-0.65,14000,14000,1000,196.0,true,0,0,,2026-08-19
TSOP24-BW:12.4,6000,12400,1100,74.4,true,0,0,,2026-08-19
TSOP24-BW:14.4,6000,14400,1100,86.4,true,0,0,,2026-08-19
E 7.3x4.3x4.3 AVX=X KEMET,7300,4300,4200,31.39,true,0,0,,2026-08-19
TSOP24-BW:18.4,6000,18400,1100,110.4,true,0,0,,2026-08-19
TSOP32-BW:12.4,8000,12400,1100,99.2,true,0,0,,2026-08-19
TSOP32-BW:14.4,8000,14400,1100,115.2,true,0,0,,2026-08-19
TSOP32-BW:16.4,8000,16400,1100,131.2,true,0,0,,2026-08-19
TSOP32-BW:18.4,8000,18400,1100,147.2,true,0,0,,2026-08-19
TSOP40-BW:12.4,10000,12400,1100,124.0,true,0,0,,2026-08-19
TSOP40-BW:14.4,10000,14400,1100,144.0,true,0,0,,2026-08-19
TSOP40-BW:16.4,10000,16400,1100,164.0,true,0,0,,2026-08-19
TSOP40-BW:18.4,10000,18400,1100,184.0,true,0,0,,2026-08-19
TSOP48-BW:12.4,12000,12400,1100,148.8,true,0,0,,2026-08-19
TSOP48-BW:14.4,12000,14400,1100,172.8,true,0,0,,2026-08-19
TSOP48-BW:16.4,12000,16400,1100,196.8,true,0,0,,2026-08-19
TSOP48-BW:18.4,12000,18400,1100,220.8,true,0,0,,2026-08-19
TSOP56-BW:14.4,14000,14400,1100,201.6,true,0,0,,2026-08-19
TSOP56-BW:16.4,14000,16400,1100,229.6,true,0,0,,2026-08-19
TSOP56-BW:18.4,14000,18400,1100,257.6,true,0,0,,2026-08-19
TSSOP100-0.40-BW:6.1,20800,6100,1100,126.88,true,0,0,,2026-08-19
TSSOP24-0.65-BW:6.1,7800,6100,1100,47.58,true,0,0,,2026-08-19
TSSOP28-0.50-BW:6.1,7800,6100,1100,47.58,true,0,0,,2026-08-19
TSSOP28-0.65-BW:6.1,9700,6100,1100,59.17,true,0,0,,2026-08-19
TSSOP28-0.65-BW:8.0,9700,8000,1100,77.6,true,0,0,,2026-08-19
TSSOP32-0.65-BW:6.1,11000,6100,1100,67.1,true,0,0,,2026-08-19
TSSOP32-0.65-BW:8.0,11000,8000,1100,88.0,true,0,0,,2026-08-19
TSSOP36-0.40-BW:6.1,7800,6100,1100,47.58,true,0,0,,2026-08-19
TSSOP36-0.50-BW:6.1,9700,6100,1100,59.17,true,0,0,,2026-08-19
TSSOP36-0.50-BW:8.0,9700,8000,1100,77.6,true,0,0,,2026-08-19
TSSOP36-0.65-BW:6.1,12500,6100,1100,76.25,true,0,0,,2026-08-19
TSSOP36-0.65-BW:8.0,12500,8000,1100,100.0,true,0,0,,2026-08-19
TSSOP40-0.50-BW:6.1,11000,6100,1100,67.1,true,0,0,,2026-08-19
TSSOP40-0.50-BW:8.0,11000,8000,1100,88.0,true,0,0,,2026-08-19
TSSOP40-0.65-BW:6.1,14000,6100,1100,85.4,true,0,0,,2026-08-19
TSSOP40-0.65-BW:8.0,14000,8000,1100,112.0,true,0,0,,2026-08-19
TSSOP44-0.50-BW:6.1,11000,6100,1100,67.1,true,0,0,,2026-08-19
TSSOP48-0.40-BW:8.0,9700,8000,1100,77.6,true,0,0,,2026-08-19
DO-220AA - SMP,2000,4000,1000,8.0,false,0,0,,2026-08-19
TSSOP48-0.50-BW:6.1,12500,6100,1100,76.25,true,482,2,0.415,2026-08-19
TSSOP48-0.50-BW:8.0,12500,8000,1100,100.0,true,0,0,,2026-08-19
TSSOP52-0.40-BW:6.1,11000,6100,1100,67.1,true,0,0,,2026-08-19
TSSOP52-0.40-BW:8.0,11000,8000,1100,88.0,true,0,0,,2026-08-19
TSSOP56-0.40-BW:6.1,12500,6100,1100,76.25,true,0,0,,2026-08-19
TSSOP56-0.40-BW:8.0,12500,8000,1100,100.0,true,0,0,,2026-08-19
TSSOP56-0.50-BW:6.1,14000,6100,1100,85.4,true,0,0,,2026-08-19
TSSOP56-0.50-BW:8.0,14000,8000,1100,112.0,true,0,0,,2026-08-19
TSSOP60-0.40-BW:8.0,12500,8000,1100,100.0,true,0,0,,2026-08-19
TSSOP64-0.40-BW:6.1,14000,6100,1100,85.4,true,0,0,,2026-08-19
TSSOP64-0.40-BW:8.0,14000,8000,1100,112.0,true,0,0,,2026-08-19
TSSOP64-0.50-BW:6.1,17000,6100,1100,103.7,true,0,0,,2026-08-19
TSSOP68-0.40-BW:8.0,14000,8000,1100,112.0,true,0,0,,2026-08-19
TSSOP80-0.40-BW:6.1,17000,6100,1100,103.7,true,0,0,,2026-08-19
E 7.3x6.0x3.8 KEMET,7300,6000,3800,43.8,true,0,0,,2026-08-19
PAA140S,9600,9500,4400,91.2,true,0,0,,2026-08-19
LBGA484 23x23x1.7 1P0 PP,23000,23000,1700,529.0,true,0,0,,2026-08-19
C0201-03,630,330,300,0.208,false,0,0,,2026-08-19
TSSOP14,5000,4400,960,22.0,true,0,0,,2026-08-19
VQFN12 5x5x.85 0P8 PP,5000,5000,950,25.0,true,0,0,,2026-08-19
1812-32 PP,4500,3200,3200,14.4,true,0,0,,2026-08-19
VDFN14-4.5X3,4500,3000,750,13.5,true,0,0,,2026-08-19
POWER33 - SO8PwPd 3.2x3.2,3300,3300,720,10.89,true,0,0,,2026-08-19
M4945-23form,4900,4500,2300,22.05,true,0,0,,2026-08-19
MELF3514 PP,3500,1400,1400,4.9,false,0,0,,2026-08-19
CQFP84-0.635form,14730,14730,4420,216.973,true,0,0,,2026-08-19
SOD323F,1300,1700,750,2.21,false,0,0,,2026-08-19
DFN8-2x2x.75 0P45 DCB LTe,2000,3000,750,6.0,false,0,0,,2026-08-19
FBGA672-27x27x1.8 TEST FR,27000,27000,1800,729.0,true,0,0,,2026-08-19
QZ 3.2x2.5x.8 4Pins Ecs,3200,2500,800,8.0,false,0,0,,2026-08-19
M7343DNOIR,7300,4300,2800,31.39,true,0,0,,2026-08-19
M15072-70,13400,7200,7000,96.48,true,0,0,,2026-08-19
4X2SON 1X1-0.4 MECA PP,1000,1000,400,1.0,false,0,0,,2026-08-19
CONB-6C-125,8200,4000,4300,32.8,true,0,0,,2026-08-19
PQFP240-0.635,41900,41900,4000,1755.61,true,0,0,,2026-08-19
SO8LSC,4900,3900,1550,19.11,true,0,0,,2026-08-19
LEDB 3X2.5-1.4,2950,2400,1400,7.08,false,0,0,,2026-08-19
SSOP8 PP MXP,7110,10160,4100,72.238,true,0,0,,2026-08-19
LGA20-4.7x4.5x2.5 0P65 PP,4500,4700,2500,21.15,true,0,0,,2026-08-19
TLVM13640RDL,5000,5460,4000,27.3,true,0,0,,2026-08-19
QFN48-0.5 Z PP,6893,6932,800,47.782,true,0,0,,2026-08-19
SPBTLE-1S,13500,6580,2000,88.83,true,0,0,,2026-08-19
SRN3012TA,2820,2898,1120,8.172,false,0,0,,2026-08-19
IND2-3.2x2.5x2 WURTH,3200,2500,2000,8.0,false,0,0,,2026-08-19
SON8 3.3x3.3x1 MECA,3300,3300,1000,10.89,true,0,0,,2026-08-19
QFN48-0.5 PP,7000,7000,800,49.0,true,0,0,,2026-08-19
BGA6-1.15x0.79x.625 0P4 P,1260,860,620,1.084,false,0,0,,2026-08-19
SON6 2X2-0.75 PP,2000,2000,750,4.0,false,0,0,,2026-08-19
TSDSON8 3.2x3.2x1 AUTO,3300,2500,1000,8.25,false,0,0,,2026-08-19
IND 2.4X2.7-2.4 Z PP,2700,2400,2400,6.48,false,0,0,,2026-08-19
SOMFY 1X1.3-0.5,1550,1250,500,1.938,false,0,0,,2026-08-19
IHLP3232DZER2R2M51,8120,8120,3870,65.934,true,0,0,,2026-08-19
XQFN8,2080,2080,580,4.326,false,0,0,,2026-08-19
QFN3X5 SEFRAM 1800-Z01,13986,13461,1610,188.266,true,0,0,,2026-08-19
QFN40-0.65,5000,7000,900,35.0,true,0,0,,2026-08-19
QFN48-7x7x0.6 PP,7000,7000,900,49.0,true,0,0,,2026-08-19
QFN12 3x3x.8 0P5 DQ1225,3000,3000,900,9.0,true,0,0,,2026-08-19
4527-1.1,11600,6850,1100,79.46,true,0,0,,2026-08-19
WE-PBF,4000,3000,3100,12.0,true,0,0,,2026-08-19
LGA24-4x4x.96 0P5 PP,4000,4000,960,16.0,true,0,0,,2026-08-19
LGA25-6.25X6.25-1.8,6250,6250,1800,39.062,true,0,0,,2026-08-19
WDFN8-6x5x.75 1P27 SST26V,6000,5000,750,30.0,true,0,0,,2026-08-19
TRAD,1450,3050,700,4.423,false,0,0,,2026-08-19
TSSOP5 PP,1250,2050,600,2.562,false,0,0,,2026-08-19
MODULE2.5X2.0-1,2000,2500,1000,5.0,false,0,0,,2026-08-19
SON14-5X3-0.95 6P+1P PP,5000,3000,900,15.0,true,0,0,,2026-08-19
LFBGA672-27x27x1.8 TEST,27000,27000,1800,729.0,true,0,0,,2026-08-19
TSDSON8 3.2x3.2x1 0P65 PP,3200,3200,1000,10.24,true,0,0,,2026-08-19
TO-263-7EP,9800,10300,4570,100.94,true,0,0,,2026-08-19
LGA8-2.5X2.5-0.9,2500,2500,900,6.25,false,0,0,,2026-08-19
SOD128 PP,2500,3700,1000,9.25,true,0,0,,2026-08-19
IND2 2.5x2x1.2 TFM2520,2500,2000,1200,5.0,false,0,0,,2026-08-19
DFN6 1x1.5-0.5 Z PP,1500,1000,500,1.5,false,0,0,,2026-08-19
TFBGA54 8x8x1.2 P0.8,8000,8000,1200,64.0,true,0,0,,2026-08-19
SOD523 PP,800,1200,600,0.96,false,0,0,,2026-08-19
DFN-10 3x3x0.7 P0.5 AUTO,3010,3010,800,9.06,true,0,0,,2026-08-19
LQFP64 10X10,10000,10000,1600,100.0,true,452,3,0.664,2026-08-19
IND 12x12x7.5,12080,12080,7500,145.926,true,0,0,,2026-08-19
S1A PP,2700,4200,2350,11.34,true,0,0,,2026-08-19
UDFN4 1x1x0.5 PP,1000,1000,500,1.0,false,0,0,,2026-08-19
IND2 12.5x13.5x6.2 PP,12500,13500,6200,168.75,true,0,0,,2026-08-19
QZ6X3 PP,5000,3200,1000,16.0,true,0,0,,2026-08-19
LGA70-9X8-1.1 PP,9000,8000,1100,72.0,true,0,0,,2026-08-19
LQFP52-0.75 PP,9750,9750,2500,95.062,true,0,0,,2026-08-19
QFN28-5.5.x3.5x.8 0P5 RHR,5500,3500,800,19.25,true,0,0,,2026-08-19
QFN28-4x4x1 PP,4000,4000,1000,16.0,true,0,0,,2026-08-19
LGA14 5x3x0.95 P0.8 PP,5000,3000,800,15.0,true,0,0,,2026-08-19
LGA14 5x3x.95 0P8 ADXL375,5000,3000,800,15.0,true,0,0,,2026-08-19
QFN19 5x4x.75 0P5 PP,5000,3000,750,15.0,true,0,0,,2026-08-19
MCM16 PP,4000,4000,900,16.0,true,0,0,,2026-08-19
DFN6 2x1.25x.7 0P65 PP,2000,1250,700,2.5,false,0,0,,2026-08-19
LFCSP-6,2000,2000,550,4.0,false,0,0,,2026-08-19
DFN22 15x13x2.2 1P27 MODU,15000,13000,2000,195.0,true,0,0,,2026-08-19
SOD 80 PP,3500,1650,1650,5.775,false,0,0,,2026-08-19
S2751-46RPP,1400,2000,1400,2.8,false,0,0,,2026-08-19
BALUN,1500,1000,400,1.5,false,0,0,,2026-08-19
IND 6X6.45,5636,6380,4740,35.958,true,0,0,,2026-08-19
DLW21S,1200,2000,1000,2.4,false,0,0,,2026-08-19
IND 12x12x6 74477110AUTO,12080,12080,5720,145.926,true,0,0,,2026-08-19
IND 6x6x3 IHLP-2525 Vish,6600,6600,2900,43.56,true,0,0,,2026-08-19
QZ6X3 3X3-1.1 Z PP,3000,3000,1100,9.0,true,0,0,,2026-08-19
SON8 3X3-0.75 PP,3000,3000,750,9.0,true,0,0,,2026-08-19
QFN44-0.65,8000,8000,900,64.0,true,0,0,,2026-08-19
IND 4x4x2 2P37 XFL4020 Co,4000,4000,2100,16.0,true,0,0,,2026-08-19
QZ6X3 2.6X2.1-0.6 PP,2600,2050,600,5.33,false,0,0,,2026-08-19
VQFN32 5.2x5.2x080 0P5 PP,4150,4150,800,17.223,true,0,0,,2026-08-19
SON6 2X2-0.75 MECA PP,2000,2000,750,4.0,false,0,0,,2026-08-19
UDFN8-5x6x.6 1P27 PP,5000,6000,750,30.0,true,0,0,,2026-08-19
A04T PP,3940,3000,3100,11.82,true,0,0,,2026-08-19
BGA121-10x10 P0.8 E1.7mm,10000,10000,1700,100.0,true,0,0,,2026-08-19
LP0BA QZ BGA PP,7785,3975,560,30.945,true,0,0,,2026-08-19
VQFN32 4.2x4.2x080 0P5 PP,4150,4150,800,17.223,true,0,0,,2026-08-19
53261-0871,2200,15240,3400,33.528,true,0,0,,2026-08-19
TDSON8-4.8X5.7,11752,20310,1000,238.683,true,0,0,,2026-08-19
QFN24-0.4 Z PP,3000,3000,950,9.0,true,0,0,,2026-08-19
QFN44 7x7x.9 0P5,7000,7000,900,49.0,true,0,0,,2026-08-19
DFN4 1.2x1.2x.75 0P85 PP,1200,1200,750,1.44,false,0,0,,2026-08-19
SO20,12800,7500,2500,96.0,true,0,0,,2026-08-19
NVMFD5875NLT1G,3350,4650,1000,15.578,true,0,0,,2026-08-19
SOD523 Z PP,750,900,400,0.675,false,0,0,,2026-08-19
SSOP8-P-0.65 PP AP AUTO,8700,6700,4450,58.29,true,0,0,,2026-08-19
ETC1,2450,3500,2000,8.575,false,0,0,,2026-08-19
IND 12.5x12.5x7 2PAD PP,12500,12500,6800,156.25,true,0,0,,2026-08-19
LED4-3.2x2.8x1.9 ASMB,3200,2800,1900,8.96,false,0,0,,2026-08-19
TSOP5 ONSEMI PP,3000,1500,1000,4.5,false,0,0,,2026-08-19
1812-25,4500,3200,2500,14.4,true,0,0,,2026-08-19
IND4 2x1.2x1.2 PP ACE1V20,2000,1200,1200,2.4,false,0,0,,2026-08-19
TDFN-10 2.5x2x.8 asym 0P5,2500,2000,800,5.0,false,0,0,,2026-08-19
SON10 3X3-0.75 PP,3000,3000,750,9.0,true,0,0,,2026-08-19
QFN28-0.65,6000,6000,800,36.0,true,0,0,,2026-08-19
QFN64-0.4 Z PP,9000,9000,900,81.0,true,0,0,,2026-08-19
VFQFN12 2.60X3.10,2937,4935,900,14.494,true,0,0,,2026-08-19
VSONP-8 3x3x.9 0P65 Ti,3000,3000,900,9.0,true,0,0,,2026-08-19
B Z PP,3500,2700,1900,9.45,true,0,0,,2026-08-19
LGA12-4.3X2.3-1.6 PP,4400,2400,1000,10.56,true,0,0,,2026-08-19
QFN16-0.65 Z MECA PP,4000,4000,1000,16.0,true,0,0,,2026-08-19
SON8 1.8 PP,5250,6000,1100,31.5,true,0,0,,2026-08-19
POWERPAK SO-8 SINGLE AUTO,5953,4896,1060,29.146,true,0,0,,2026-08-19
DFN1010D-3,1000,1000,450,1.0,false,0,0,,2026-08-19
XQFN12 1.6x1.6x0.4 P0.4,1600,1600,500,2.56,false,0,0,,2026-08-19
SON6 1.6X1.6-0.6 Z PP,1600,1600,600,2.56,false,0,0,,2026-08-19
SON6-1.45x1x.5 0P5 SOT886,1450,1000,500,1.45,false,0,0,,2026-08-19
QFN285X5X0.8,5000,5000,900,25.0,true,0,0,,2026-08-19
1111-11 PP,2800,2800,1100,7.84,false,0,0,,2026-08-19
NVMFS5113PLT1G,8233,8937,1000,73.578,true,0,0,,2026-08-19
CRM200 al2,6300,2400,5500,15.12,true,0,0,,2026-08-19
TQFP100-14x14 PP AP AUTO,13900,13900,1100,193.21,true,0,0,,2026-08-19
SOIC6 PP,4500,6800,3100,30.6,true,0,0,,2026-08-19
TO-252 ST,9750,12200,4400,118.95,true,0,0,,2026-08-19
QFN16-MP4582GQVE,5850,3850,900,22.523,true,0,0,,2026-08-19
QFN20 4x4x075 0P75 PP,4000,4000,750,16.0,true,0,0,,2026-08-19
SON6 1.6x.8x.7 0P5 PP,1600,840,700,1.344,false,0,0,,2026-08-19
QFN32 5x5 AP AUTO LOCATS,3400,3400,880,11.56,true,0,0,,2026-08-19
SW4C,5200,5200,1200,27.04,true,0,0,,2026-08-19
IND 3.8X3.8-1.25 MECA PP,3750,3850,1250,14.438,true,0,0,,2026-08-19
CBGA484-22x22-1.27,6750,6850,5900,46.237,true,0,0,,2026-08-19
2010-06 EPAISSEUR,5000,2500,1070,12.5,true,0,0,,2026-08-19
GS61004B-TR,4345,4501,500,19.557,true,0,0,,2026-08-19
2225-25 PP,5720,6350,2540,36.322,true,0,0,,2026-08-19
SOT-143JEDEC,2920,1300,1000,3.796,false,204,0,0.0,2026-08-19
SOT883,600,1000,480,0.6,false,0,0,,2026-08-19
SON10 2X2-0.6 PP,2000,2000,600,4.0,false,0,0,,2026-08-19
LQFP48-7X7 AP AUTO,6800,6800,1500,46.24,true,0,0,,2026-08-19
LQFP32-0.80,7000,7000,1400,49.0,true,0,0,,2026-08-19
CSBGA6 2.1x1.5x0.6 PP,2100,1550,620,3.255,false,355,1,0.282,2026-08-19
LED4 1210-11 HSMF C155 PP,6331,5091,1100,32.231,true,0,0,,2026-08-19
HTSSOP20 PP TEST,6462,6488,1200,41.925,true,0,0,,2026-08-19
LQH43MN100K03L AUTO,11607,11134,2500,129.232,true,0,0,,2026-08-19
QZ7X5 8 PP,7000,5000,1650,35.0,true,0,0,,2026-08-19
SOT-323_SC-70,2000,1250,900,2.5,false,1123,6,0.534,2026-08-19
NTCS0805 bis,600,690,350,0.414,false,0,0,,2026-08-19
ALUF EEFK1V101P,8000,8000,10220,64.0,true,0,0,,2026-08-19
LGA16-3X3-0.95 MECA PP,3300,3000,1000,9.9,true,0,0,,2026-08-19
QZ2.5X2X1 PP,2500,2000,1000,5.0,false,0,0,,2026-08-19
LED CARRE 3X3-0.55 H PP,3000,3000,500,9.0,true,0,0,,2026-08-19
SO6-ASSR1611,9650,6350,4190,61.278,true,0,0,,2026-08-19
IND 4.8X4.8-3,4850,4850,3000,23.523,true,0,0,,2026-08-19
QFN16-5P+3P 3X3 MECA PP,3000,3000,900,9.0,true,0,0,,2026-08-19
TQFP32-0.50,5000,5000,1000,25.0,true,0,0,,2026-08-19
DFN6 2.4x2.4x.9 0P8 PP,2450,2450,900,6.003,false,0,0,,2026-08-19
BGA196-8x8x1 0P5 CPBGA XI,8000,8000,1200,64.0,true,0,0,,2026-08-19
BGA100-11x11x1.7 1P PP,11000,11000,1700,121.0,true,0,0,,2026-08-19
SO8 PP,4900,3900,1550,19.11,true,0,0,,2026-08-19
BGA48-9x8x1.2 FG48 XILINX,9000,8000,1200,72.0,true,0,0,,2026-08-19
MELF2012,2000,1250,1250,2.5,false,0,0,,2026-08-19
SO4-4.6x10.3x4.3 2P54 PP,4580,7620,4300,34.9,true,0,0,,2026-08-19
DFN-8-2X1-0.5 PP,1000,2000,500,2.0,false,0,0,,2026-08-19
DO-213AB,6200,2600,2170,16.12,true,0,0,,2026-08-19
PICOSTAR-3,730,640,360,0.467,false,0,0,,2026-08-19
VQFN20-3.5X5-0.9 PP,5000,3500,900,17.5,true,0,0,,2026-08-19
QFN18-3.5X3.5-0.9 PP,3500,3500,900,12.25,true,0,0,,2026-08-19
QFN64-0.5,10000,10000,800,100.0,true,0,0,,2026-08-19
QFN72-0.5,10000,10000,800,100.0,true,0,0,,2026-08-19
QFN40-0.5 Z PP,6000,6000,800,36.0,true,0,0,,2026-08-19
LBEE5PA1LD ALPES DEIS,9408,8440,1120,79.404,true,0,0,,2026-08-19
X1SON2-0.6x1 Z PP,600,1000,370,0.6,false,0,0,,2026-08-19
LQH43MN100K03L,4650,3450,2500,16.043,true,0,0,,2026-08-19
SOIC8-PP,2000,3000,550,6.0,false,0,0,,2026-08-19
QFN20-4x3x.8 0P5 PP,4000,3000,800,12.0,true,0,0,,2026-08-19
TS63Y102KT20,5000,6850,700,34.25,true,0,0,,2026-08-19
QZ3.2X2.5 0.7 standard PP,3200,2500,700,8.0,false,0,0,,2026-08-19
DFN6 2x2.1x.75 0P65 PP,2000,2100,750,4.2,false,0,0,,2026-08-19
DFN8-3x3x.75 0P65 AUTO,3028,3115,800,9.432,true,0,0,,2026-08-19
IND 7.3X7.3-4.25 Z PP,7300,7300,4250,53.29,true,0,0,,2026-08-19
LQFP80-0.50,12000,12000,1200,144.0,true,0,0,,2026-08-19
SON6 2X1.3-0.7 Z PP,1300,2100,700,2.73,false,0,0,,2026-08-19
SOIC16-D 10x8.9x2,9900,4900,1750,48.51,true,0,0,,2026-08-19
LQFP100-0.40 PP,12000,12000,1200,144.0,true,0,0,,2026-08-19
MSOP16 4x5x1 P.5 Linear,4000,3000,1100,12.0,true,0,0,,2026-08-19
DFN6 1x1.5x.5 0P5 PP,1500,1000,500,1.5,false,0,0,,2026-08-19
SON10 2X3-0.7 PP,3000,2000,700,6.0,false,0,0,,2026-08-19
LQFP56 8x8x.85 0P5 PP,8000,8000,900,64.0,true,0,0,,2026-08-19
UDFN8 3x2x055 0P5 PP,2000,3000,550,6.0,false,0,0,,2026-08-19
SOT-1061 AP AUTO,1150,2200,600,2.53,false,0,0,,2026-08-19
QZ6X3 2.1X1.7-0.6 PP,1700,2100,500,3.57,false,0,0,,2026-08-19
SOD323F AP AUTO,1200,1500,500,1.8,false,0,0,,2026-08-19
SOT-665 SC-88A,1600,1200,500,1.92,false,0,0,,2026-08-19
IND2 2512 1008CS SILH AUT,5391,4621,2200,24.912,true,0,0,,2026-08-19
LQFP100-0.55 PP,19750,13750,2800,271.562,true,0,0,,2026-08-19
DO-221AA-5.9X2.1,2600,4500,2750,11.7,true,0,0,,2026-08-19
TSSOP8 Z PP,3150,4200,1200,13.23,true,0,0,,2026-08-19
DFN-8-3X3-0.8 MECA Z PP,3000,3000,800,9.0,true,0,0,,2026-08-19
LED 1.6x1.6x.4 SO4 PP,1600,1600,400,2.56,false,0,0,,2026-08-19
SiT1618B 3.2x2.5x0.75 2P1,3200,2500,750,8.0,false,0,0,,2026-08-19
VQFN32 5.2x5.2x095 AUTO,3450,3450,950,11.902,true,0,0,,2026-08-19
DFN6 3x3x1.1 1P Sensirion,3700,3000,1100,11.1,true,0,0,,2026-08-19
QFN4-3x3x.9 P2 MS5637 Te,3000,3000,900,9.0,true,0,0,,2026-08-19
EYSNSNZWW,5500,3530,860,19.415,true,0,0,,2026-08-19
DO-214AC MECA PP,2650,4200,2200,11.13,true,0,0,,2026-08-19
VQFN14-3X2.5-0.9 PP,2500,3050,900,7.625,false,0,0,,2026-08-19
DFN6 2.7x2.7x1.1 0P8 PP,2650,2650,1100,7.022,false,0,0,,2026-08-19
C1808,4500,2000,2000,9.0,true,0,0,,2026-08-19
QFN12 4x4x.85 0P8 PP,4000,4000,950,16.0,true,0,0,,2026-08-19
BGA16 1.6x1.6x.6 0P35 GWE,1554,1572,640,2.443,false,0,0,,2026-08-19
QFN16 12+4 3.5x4x.9 RGY P,3500,4000,900,14.0,true,0,0,,2026-08-19
BGA304-31x31-1.5 PP,31000,31000,1500,961.0,true,0,0,,2026-08-19
SO6 - 1.4-1.6,1550,200,550,0.31,false,0,0,,2026-08-19
BGA32-15x11.2x3.4 1P27,15000,11200,3400,168.0,true,0,0,,2026-08-19
SOT-23_6_1.45,2900,1600,1450,4.64,false,0,0,,2026-08-19
SOT-223JEDEC,6500,3500,1600,22.75,true,0,0,,2026-08-19
SOD323F MECA,1700,1200,700,2.04,false,0,0,,2026-08-19
SWITCH 4.5X4.5-0.5PP,4500,4500,500,20.25,true,0,0,,2026-08-19
SON10 2X2.5-0.6 PP,2000,2450,600,4.9,false,0,0,,2026-08-19
QFN10 3x3,3000,3000,750,9.0,true,0,0,,2026-08-19
TSSOP16 PP,10300,7500,1650,77.25,true,0,0,,2026-08-19
CON BM29-B0-6-6 3x1.5x.6,3160,1500,600,4.74,false,0,0,,2026-08-19
QZ-3 CSTCR PP,4535,2264,1150,10.267,true,0,0,,2026-08-19
DFN-10 2.5x2.5x0.8 P0.5,2500,2500,800,6.25,false,0,0,,2026-08-19
IND-XAL60 6x6x6 2P8 Coil,6400,6500,6100,41.6,true,0,0,,2026-08-19
DTSM-3-6X3.5,6000,3500,3500,21.0,true,0,0,,2026-08-19
BGA9-1.47x1.47x.6 0P5 PP,1470,1470,620,2.161,false,0,0,,2026-08-19
SOT-23-5,2900,1600,1200,4.64,false,0,0,,2026-08-19
LGA16-4X4-1 PP,4000,4000,1000,16.0,true,0,0,,2026-08-19
1812-16 LSC,4500,3200,2500,14.4,true,0,0,,2026-08-19
IND2-6.7x6.7x3 CDRH6 MECA,6700,6700,2800,44.89,true,0,0,,2026-08-19
LGA10-2x2x1 0P45 PP AUTO,11675,11147,1000,130.141,true,0,0,,2026-08-19
TQFP128-14X14,16000,16000,1000,256.0,true,0,0,,2026-08-19
QFN20-5X5-0.9 PP,5000,5000,900,25.0,true,0,0,,2026-08-19
BGA546 23X23-3 PP,23000,23000,3000,529.0,true,0,0,,2026-08-19
SON10 2.5X1-0.5 PP,1000,2600,500,2.6,false,0,0,,2026-08-19
LED 5.1X2.8 1.8,3150,2800,1820,8.82,false,0,0,,2026-08-19
QFN24-0.5H Z PP,4000,4000,1800,16.0,true,0,0,,2026-08-19
LGA8-1.6X1.6-0.7 PP,1600,1600,700,2.56,false,0,0,,2026-08-19
PLCC32-opt PP,13700,11300,4640,154.81,true,0,0,,2026-08-19
CSS2725 6x6x1 Stackpole,6800,6450,800,43.86,true,0,0,,2026-08-19
TQFP128-16X16,16000,16000,1000,256.0,true,0,0,,2026-08-19
IND 9x9x3,8300,8900,2800,73.87,true,0,0,,2026-08-19
QFN76-9x9xH 0P4 PP,9000,9000,900,81.0,true,0,0,,2026-08-19
R1808,4500,2000,2000,9.0,true,0,0,,2026-08-19
TQFP72-0.65 PP,14000,14000,1000,196.0,true,0,0,,2026-08-19
TSNP-16-9,2400,2400,730,5.76,false,0,0,,2026-08-19
SOIC16 GOSMS ILL PP,10290,7520,2510,77.381,true,0,0,,2026-08-19
CDFN4 7x5x.85 PP,7000,5000,850,35.0,true,0,0,,2026-08-19
uMAX10 3x5 P0.5 E1 PP,2950,3000,1000,8.85,false,0,0,,2026-08-19
SOD123W PP,1700,2600,1000,4.42,false,0,0,,2026-08-19
VLCF5020T-220MR75-1,4739,5052,2000,23.941,true,0,0,,2026-08-19
TESTE0805,2000,900,900,1.8,false,0,0,,2026-08-19
SOT-23_5,1750,2950,700,5.162,false,0,0,,2026-08-19
NFE,1600,6600,1600,10.56,true,0,0,,2026-08-19
SOD323F Z PP,1200,1500,700,1.8,false,0,0,,2026-08-19
WSON2DXQ - 1.7x2.5x.8,1700,2500,800,4.25,false,0,0,,2026-08-19
CRM200,4000,6000,5000,24.0,true,0,0,,2026-08-19
DLP31SN221ML2L,2950,1550,1150,4.572,false,0,0,,2026-08-19
USON6 1.5xX1x0.55 P0.5 PP,1500,1000,550,1.5,false,0,0,,2026-08-19
SSOP20-5.6X7.5,7500,5000,2000,37.5,true,0,0,,2026-08-19
SRN8040-220M,8100,8000,3850,64.8,true,0,0,,2026-08-19
ALUG 8.6 PP,8600,8600,100000,73.96,true,0,0,,2026-08-19
LBGA896-30x30-1.0 PP,31000,31000,2400,961.0,true,0,0,,2026-08-19
ADXL362,3000,3300,1050,9.9,true,0,0,,2026-08-19
BGA4-.8x.8x.5 PP,800,800,550,0.64,false,0,0,,2026-08-19
QFN16-P0.5-E0.8MM,3000,3000,800,9.0,true,0,0,,2026-08-19
BGA11-1.6x1.6x.58,1600,1600,580,2.56,false,0,0,,2026-08-19
QFN16-0.5 PP,3000,3000,800,9.0,true,0,0,,2026-08-19
LGA12-5X2.5-1.6 PP,2500,5000,1600,12.5,true,0,0,,2026-08-19
S2761-46RPP,1200,800,1150,0.96,false,0,0,,2026-08-19
SPE QFN12 KAPTEUR,1000,1100,900,1.1,false,0,0,,2026-08-19
TDFN10 3x2x0.8-EP0.5AUTO,3000,2000,770,6.0,false,0,0,,2026-08-19
BGA10-1.5x2x.64 0P5 PP,1500,2000,640,3.0,false,0,0,,2026-08-19
TDFN10 3x2x0.8-EP0.5 PP,3000,2000,770,6.0,false,0,0,,2026-08-19
01005x01 PP,400,200,150,0.08,false,0,0,,2026-08-19
QFN38-9x7x1 0P65 PP,7000,9000,900,63.0,true,0,0,,2026-08-19
VLGA13,5000,5000,700,25.0,true,0,0,,2026-08-19
5015 PT SILOUHETTE,2630,1000,1520,2.63,false,0,0,,2026-08-19
NINA-B3x2,10000,15000,2230,150.0,true,0,0,,2026-08-19
MOD24 16x12.2x2.4 1P1 NEO,16000,12200,2400,195.2,true,0,0,,2026-08-19
744773047,4229,3994,3500,16.891,true,0,0,,2026-08-19
LGA141-15x15x2.82 1P27 BS,15000,15000,2800,225.0,true,0,0,,2026-08-19
SOIC16,10200,6050,1750,61.71,true,0,0,,2026-08-19
VSMB2020X01,2300,2300,2800,5.29,false,0,0,,2026-08-19
MELF3514,3500,1400,1400,4.9,false,0,0,,2026-08-19
MELF5922,5900,2200,2200,12.98,true,0,0,,2026-08-19
1612-23 PP,4000,3000,2230,12.0,true,0,0,,2026-08-19
QFN44-0.65 Z PP,8000,8000,900,64.0,true,0,0,,2026-08-19
SOT-89-B1JEDEC,4500,2500,1500,11.25,true,0,0,,2026-08-19
UMLP24 3.4x2.5x0.55 PP,3400,2500,550,8.5,false,0,0,,2026-08-19
QFN20- 3x3x0.55 P0.4 PP,3000,3000,800,9.0,true,0,0,,2026-08-19
SSOP8-P-0.65 PP,2900,2800,1100,8.12,false,0,0,,2026-08-19
DFN-10-4x3x0.8 P0.5 PP,3000,4000,800,12.0,true,0,0,,2026-08-19
QZ3.2x1.5 2PIN PP,3200,1500,900,4.8,false,0,0,,2026-08-19
BGA MAUD BE AP AUTO,23020,23020,1900,529.92,true,0,0,,2026-08-19
QFN14-2.5x2.5,2500,2500,600,6.25,false,0,0,,2026-08-19
X1SON2-0.6x1,600,1000,370,0.6,false,0,0,,2026-08-19
SOT-23-8 2.8X1.75X1.45 MY,3100,1600,1000,4.96,false,0,0,,2026-08-19
LARA-R6-26X24,26000,24000,2500,624.0,true,0,0,,2026-08-19
TQFP64 14x14x1.4 0P8 PP,14000,14000,1000,196.0,true,0,0,,2026-08-19
BGA20 2.5x1.75x0.55 P0.4,2500,2060,550,5.15,false,0,0,,2026-08-19
XCL219 PP,2500,2000,1000,5.0,false,0,0,,2026-08-19
DFN-10 TPS63031DSK,2700,2050,800,5.535,false,0,0,,2026-08-19
MODULE EN63A0QI,10000,11000,3000,110.0,true,0,0,,2026-08-19
SOT-223-5 PP,6500,3500,1700,22.75,true,0,0,,2026-08-19
MTRC2387 LED3.5x2.8x0.75,3500,2800,750,9.8,true,0,0,,2026-08-19
PLCC-3335-5x5x0.88,5000,5000,900,25.0,true,0,0,,2026-08-19
DXP18BN5014T,1600,800,500,1.28,false,0,0,,2026-08-19
BGA324-19x19x2 0P8 484lac,19000,19000,2000,361.0,true,0,0,,2026-08-19
LED KPHBM-0805 PP,1250,2000,450,2.5,false,0,0,,2026-08-19
D TANTAL,7300,4300,2800,31.39,true,0,0,,2026-08-19
LFBGA223-12x12x1.3 0P4 PP,12000,12000,1300,144.0,true,0,0,,2026-08-19
IND 3x3 PP SNR3015,3000,3000,1500,9.0,true,0,0,,2026-08-19
451 - FUSIBLE LITTLEFUSE,5950,2570,2600,15.291,true,0,0,,2026-08-19
BGA6-1.26x0.86,1260,860,620,1.084,false,0,0,,2026-08-19
LED CARRE 5X5-0.7,5000,5000,2900,25.0,true,0,0,,2026-08-19
VQFN48 PP,6000,6000,850,36.0,true,0,0,,2026-08-19
VFLGA4 1.6x1.2x.4 PP DSC6,1600,1200,840,1.92,false,0,0,,2026-08-19
LGA50-11.3X9.5-2.8 PP,11360,9500,2800,107.92,true,0,0,,2026-08-19
BGA28-6.25x4x2.2 0P8 PP,6250,4000,2220,25.0,true,0,0,,2026-08-19
LGA64-6x6x1 0P65 PP,6000,6000,1050,36.0,true,0,0,,2026-08-19
SO16 HYDRA,9900,3900,1550,38.61,true,0,0,,2026-08-19
ALUF-17X17,17000,17000,10290,289.0,true,0,0,,2026-08-19
QZ CSTCR SERIES,3250,1450,750,4.713,false,0,0,,2026-08-19
DFN6 2x1.3x.7 0P65 PP,2000,1300,700,2.6,false,0,0,,2026-08-19
SOICB8 PP 208miles,5280,5280,2160,27.878,true,0,0,,2026-08-19
BGA45 11x9x5 1P3 PP,11250,9000,4920,101.25,true,0,0,,2026-08-19
LGA141-15x15x2.82 P1.27,15000,15000,2800,225.0,true,0,0,,2026-08-19
74404024150,2500,2000,1200,5.0,false,0,0,,2026-08-19
LQH32CN AP AUTO,3500,2900,2000,10.15,true,0,0,,2026-08-19
TPS54020RUW,3500,3500,900,12.25,true,0,0,,2026-08-19
DFN10-2.7x1x.5 0P5 PP,2700,1000,500,2.7,false,0,0,,2026-08-19
SOD123 EP ONSEMI,1780,2800,1000,4.984,false,0,0,,2026-08-19
SOD123 08-16 PP,800,1000,1000,0.8,false,0,0,,2026-08-19
QZ7X5 PP,7000,5000,1300,35.0,true,0,0,,2026-08-19
DFN16 3.3x1.3.x.5 0P4 PP,3300,1200,500,3.96,false,0,0,,2026-08-19
LQFP48-0.50 AP AUTO,7000,7000,1400,49.0,true,0,0,,2026-08-19
DFN8-1.6X.1.2,1600,1200,900,1.92,false,0,0,,2026-08-19
WSON6 1.5x1.5x.75 0P5 PP,1500,1500,750,2.25,false,0,0,,2026-08-19
UDFN6 2X2mm EP0.6 PP,2000,2000,600,4.0,false,0,0,,2026-08-19
BGA 100 11x11x0.7,11000,11000,700,121.0,true,0,0,,2026-08-19
LGA21-6.25X6.25-2.3 PP,6500,6500,2300,42.25,true,0,0,,2026-08-19
PVQFN24 3.5x5.5x.9 0P5 PP,5500,3500,900,19.25,true,0,0,,2026-08-19
POINT TEST TRAPZ 1206,2540,1000,1400,2.54,false,0,0,,2026-08-19
HVQFN24 4x4x1 0P5 PP,4000,4000,1000,16.0,true,0,0,,2026-08-19
VQFN16 6+2 4x3.5x0.9 P0.5,4000,3500,800,14.0,true,0,0,,2026-08-19
BGA6-1.5x1x.63 0P5 PP,1500,1000,630,1.5,false,0,0,,2026-08-19
DFN6 3x3x1.21 1P0 PP,3000,3000,1210,9.0,true,0,0,,2026-08-19
NFBGA337 16x16x1.4 0P8 PP,16000,16000,1400,256.0,true,0,0,,2026-08-19
LGA16 3x3x1 0P5 PP 6+10,3000,3000,900,9.0,true,0,0,,2026-08-19
LFCSP-VQ 64 9x9x0.9,9000,9000,900,81.0,true,0,0,,2026-08-19
0604,5480,5088,4470,27.882,true,0,0,,2026-08-19
IND4 2x1.4x1.2 PP SRF2012,2000,1400,1200,2.8,false,0,0,,2026-08-19
DFN24 7x4x.75 0P5 PP,7000,4000,750,28.0,true,0,0,,2026-08-19
DSBGA8-1.5X0.8,1500,800,400,1.2,false,0,0,,2026-08-19
QFN10-2P+3P 1.8X1.3-0.5 b,1400,1800,550,2.52,false,0,0,,2026-08-19
HVSON8 3x3x0.85 P0.65,3000,3000,800,9.0,true,0,0,,2026-08-19
SON8 3.3X3.3-0.75 Z PP,3300,3300,750,10.89,true,0,0,,2026-08-19
DO-214AC PP BIS,2650,4200,2200,11.13,true,0,0,,2026-08-19
VFQFN32 5x5x0.5 PP,3700,3700,500,13.69,true,0,0,,2026-08-19
TQFP64-0.50 A24 PP,10000,10000,1000,100.0,true,0,0,,2026-08-19
QFN40 5x5x.85 0P4 PP,5000,5000,850,25.0,true,0,0,,2026-08-19
1206-12 PP,3200,1600,1200,5.12,false,0,0,,2026-08-19
SOIC14 8.9x3.9x1.7 1P2 To,8650,3900,1750,33.735,true,0,0,,2026-08-19
LGA5 3x4x1.2 0P7 IM69D120,3000,4000,1200,12.0,true,0,0,,2026-08-19
BGA 100 11x11x0.7 AUTO,11000,11000,700,121.0,true,0,0,,2026-08-19
1210-H PP h=0.4 a 1.2,3200,2500,800,8.0,false,0,0,,2026-08-19
LQFP48- AP AUTO,6950,6950,1400,48.303,true,0,0,,2026-08-19
SO11 10.2x11.7 1P78 PP,10160,8890,2250,90.322,true,0,0,,2026-08-19
BGA9 1.2x1.2x0.7 0P4 PP,1200,1200,700,1.44,false,0,0,,2026-08-19
SO16 PP,9900,3900,1550,38.61,true,0,0,,2026-08-19
DFN6 2x3-0.8 PP,1950,3000,800,5.85,false,0,0,,2026-08-19
SOT-26,3000,1600,1000,4.8,false,0,0,,2026-08-19
SRP3020TA,3000,3000,1120,9.0,true,0,0,,2026-08-19
WQFN16-2.4x3.4,3400,2400,750,8.16,false,0,0,,2026-08-19
CT0805,2050,1350,1500,2.768,false,0,0,,2026-08-19
1812-27 PP,4500,3200,2700,14.4,true,0,0,,2026-08-19
VDFN6 2x2x0.75 0P75 PP,2000,2000,750,4.0,false,0,0,,2026-08-19
DLW43SH510XK2L PP,4500,3250,2700,14.625,true,0,0,,2026-08-19
QFN64-0.4 PP,9000,9000,900,81.0,true,0,0,,2026-08-19
DFN1006-3,670,670,480,0.449,false,0,0,,2026-08-19
FUSIBLE BIG PP,10000,3250,2560,32.5,true,0,0,,2026-08-19
1106 x1 ant M310220 PP,3000,1500,1000,4.5,false,0,0,,2026-08-19
1411 PP AUTO,3500,2800,1900,9.8,true,0,0,,2026-08-19
IND 12x10x5-AUTO,7600,10000,5000,76.0,true,0,0,,2026-08-19
QZ6X3 0.8 PP,3150,1550,800,4.883,false,0,0,,2026-08-19
MSOP8,5000,6200,1750,31.0,true,0,0,,2026-08-19
MOD64 11x7x.75 LT8194UKJ,11000,7000,750,77.0,true,0,0,,2026-08-19
SOD123 H093 PP,1600,3400,930,5.44,false,0,0,,2026-08-19
LQFP100-0.50,14000,14000,1400,196.0,true,0,0,,2026-08-19
QZ3.2X2.5 3 PP,3200,2500,1000,8.0,false,0,0,,2026-08-19
SPCAP 7.3x4.3x1.1 Pana,4300,4300,5500,18.49,true,0,0,,2026-08-19
M3528T PP,3500,2800,1200,9.8,true,0,0,,2026-08-19
IND 11.3x10x10 PP,11500,10100,10000,116.15,true,0,0,,2026-08-19
XSON6-1x1x.35 0P35 PPAUTO,970,950,350,0.921,false,0,0,,2026-08-19
LTR10EVHFLR510,1250,2000,500,2.5,false,0,0,,2026-08-19
TDFN8 5.2X6.3-1 PP,5300,6000,1000,31.8,true,0,0,,2026-08-19
PG-SCT-595-5,2900,1600,1000,4.64,false,0,0,,2026-08-19
DFN10-2.6x1.3x.5 0P5 PP,2600,1350,500,3.51,false,0,0,,2026-08-19
QFN24-4x4x.75 0P5 PP,4000,4000,750,16.0,true,0,0,,2026-08-19
IPZ40,3270,3270,1000,10.693,true,0,0,,2026-08-19
USON10-2.5x1x.5 0P5 PP,2500,1000,500,2.5,false,0,0,,2026-08-19
V8KM60DUHM3,5555,6510,1000,36.163,true,0,0,,2026-08-19
SOT-89JEDEC_SC-62,4500,2500,1500,11.25,true,0,0,,2026-08-19
LGA9-4.5X4X2 RKH TPSM8420,4961,4895,4000,24.284,true,0,0,,2026-08-19
LFBGA128-12x12x1 0P5 PP,12000,12000,1000,144.0,true,0,0,,2026-08-19
BGA28-3x1.9x.5 0P4 PP,3000,1900,500,5.7,false,0,0,,2026-08-19
SON6 3X3-1.20 PP,2900,2900,1200,8.41,false,0,0,,2026-08-19
DPAK,6500,7200,2300,46.8,true,0,0,,2026-08-19
VQFN9 2x2x1 0P5 RWL Ti,2500,2500,1000,6.25,false,0,0,,2026-08-19
QFN 6+4 1.3x1.6x.55 0P4 P,1300,1600,550,2.08,false,0,0,,2026-08-19
DFN6 B3717 PP Pin1-long,3000,3000,1100,9.0,true,0,0,,2026-08-19
QFN20 4.5x4.7x2.5 0P65 PP,4500,4700,2500,21.15,true,0,0,,2026-08-19
QFN-6 1X1,1000,1000,500,1.0,false,0,0,,2026-08-19
SO28,18200,7400,2500,134.68,true,0,0,,2026-08-19
LQH32CN,3200,2500,2000,8.0,false,0,0,,2026-08-19
BGA28-3.7x2.4x.6 0P5 PP,3500,2450,600,8.575,false,0,0,,2026-08-19
QFN16-5P+3P 3X3 PP,3000,3000,900,9.0,true,0,0,,2026-08-19
HTSSOP28-7x4.7x1.2 0P65,7000,2700,1200,18.9,true,0,0,,2026-08-19
QFN16 5x5x.8 0P8 PP,5000,5000,800,25.0,true,0,0,,2026-08-19
VQFP64 12x12x1.2 0P5 PP,10000,10000,1200,100.0,true,0,0,,2026-08-19
QFN20-0.3 Z PP,3000,3000,800,9.0,true,0,0,,2026-08-19
MLP6 2x2x.65 AP AUTO,2350,1600,700,3.76,false,0,0,,2026-08-19
SOIC4 7x4x2.7 2P7 MB10S,4950,4100,2500,20.295,true,0,0,,2026-08-19
SMD1006,1000,600,220,0.6,false,0,0,,2026-08-19
LGA10-2x2x.8 0P5 PP,2000,2000,800,4.0,false,0,0,,2026-08-19
LGA10-3x3x1.2 0P65 RECOM,3000,3000,1200,9.0,true,0,0,,2026-08-19
QFN44 6ES7.195OBD AUTO,9750,9750,1000,95.062,true,0,0,,2026-08-19
POINT TEST 1206,2100,1600,2000,3.36,false,0,0,,2026-08-19
QFN16 3x3x075 0P5 PP,3000,3000,750,9.0,true,0,0,,2026-08-19
SLP1006P2,600,1000,500,0.6,false,0,0,,2026-08-19
H1102NL,11000,6800,5970,74.8,true,0,0,,2026-08-19
SMA PP,2700,4400,2500,11.88,true,591,2,0.338,2026-08-19
SOP6 PP,6400,4400,2100,28.16,true,0,0,,2026-08-19
IND4 14x14x6.4 CTX AUTO.,11400,11400,6000,129.96,true,0,0,,2026-08-19
WQFN32 5x5x08 0P5 PP,5000,5000,800,25.0,true,0,0,,2026-08-19
WSON8 6x5x0.75 P1.27,5000,6000,750,30.0,true,0,0,,2026-08-19
LQFP80-0.50 PP,12000,12000,1200,144.0,true,0,0,,2026-08-19
QFN16-0.65 REPERE PP,4000,4000,1000,16.0,true,0,0,,2026-08-19
1008-09 PP,2500,2000,900,5.0,false,0,0,,2026-08-19
MO-153 JEDEC PP,7800,4400,1200,34.32,true,0,0,,2026-08-19
BGA337-16x16x1.4 PP,16000,16000,1400,256.0,true,0,0,,2026-08-19
B TANTAL,3500,2700,1900,9.45,true,0,0,,2026-08-19
VQFN-HR 2x2x.9 RPE TI,2000,2000,900,4.0,false,0,0,,2026-08-19
QFN 2+6 1.6x1.6x.5 0P5 PP,1600,1600,500,2.56,false,0,0,,2026-08-19
SPH0641LM4H1 AUTO,3500,200,1000,0.7,false,0,0,,2026-08-19
SPH0641LM4H1,3500,2650,1000,9.275,true,0,0,,2026-08-19
BGA25 2.3x2.1x.54 0P4 PP,2300,2100,550,4.83,false,0,0,,2026-08-19
SOT-1061 2X2-0.7 Z PP,2000,2000,600,4.0,false,0,0,,2026-08-19
TQFP32-0.80 PP,7000,7000,1000,49.0,true,0,0,,2026-08-19
MO-229 PPJ,3000,3000,800,9.0,true,0,0,,2026-08-19
SOT-650 PP,3000,3000,800,9.0,true,0,0,,2026-08-19
UFDFPN8 3x2x.55 0P5 PP,2000,3000,550,6.0,false,0,0,,2026-08-19
DFN12-3.5x3.5x.9 0P5+3 PP,3500,3500,900,12.25,true,0,0,,2026-08-19
SOIC-16,10100,7600,2650,76.76,true,0,0,,2026-08-19
SO8 - MOCD223M,4900,3900,3600,19.11,true,0,0,,2026-08-19
MO-153 JEDEC PP AUTO,8150,4200,1200,34.23,true,0,0,,2026-08-19
QZ3.2x5 2PIN PP,5000,3200,900,16.0,true,0,0,,2026-08-19
RR22R-1506,3800,1600,450,6.08,false,0,0,,2026-08-19
QZ1.2x2 2PIN PP,2000,1200,900,2.4,false,0,0,,2026-08-19
XQFN12 2x1.8x0.5 P0.4,2000,1800,500,3.6,false,0,0,,2026-08-19
QFN20 5x4x.75 0P5 PP,5000,4000,750,20.0,true,0,0,,2026-08-19
SSOP16-6.1X4.9,4900,3900,1750,19.11,true,0,0,,2026-08-19
G6K-2F-Y MECQAUTO,10150,4250,5200,43.138,true,0,0,,2026-08-19
DIP8 9.5x9.6x4.4 0P25 PP,9652,6350,4445,61.29,true,0,0,,2026-08-19
MCZ1210AH900 PP,1250,1000,500,1.25,false,0,0,,2026-08-19
CRM100 MECA,4780,5700,1180,27.246,true,0,0,,2026-08-19
MO-203 PPJ,1250,2050,600,2.562,false,0,0,,2026-08-19
WSON6 2.5x2.2x.8 0P65 PP,2200,2500,800,5.5,false,0,0,,2026-08-19
HVSON10 3x3x.85 0P5 PP,3000,3000,800,9.0,true,0,0,,2026-08-19
DO-216AA PPJ,2050,2080,1150,4.264,false,0,0,,2026-08-19
LMZM33604RLXR,16000,10000,2800,160.0,true,0,0,,2026-08-19
PDIP6 8.5x6.3x4.8 2P5 OnS,6736,6350,4000,42.774,true,0,0,,2026-08-19
LED2-1206-18rond SMLS14,3200,1600,1800,5.12,false,0,0,,2026-08-19
SIM7000,24000,24000,2600,576.0,true,0,0,,2026-08-19
WLP25-2.1x2.1x.6 0P4 PP,2100,2100,640,4.41,false,0,0,,2026-08-19
CSS2725 FT3,6800,6450,800,43.86,true,0,0,,2026-08-19
QFN16 3x3x.7 0P5 PP,3000,3000,750,9.0,true,0,0,,2026-08-19
WLCSP100-4.4x4.4x.6 0P4 P,4400,4400,600,19.36,true,0,0,,2026-08-19
SOT-523 PP,1600,800,800,1.28,false,0,0,,2026-08-19
DFN-12-3X4-0.75,4000,3000,750,12.0,true,0,0,,2026-08-19
74X-16 3.95x1.6x.45 Cts,1600,3950,450,6.32,false,0,0,,2026-08-19
IND0805PS 3.4x3x2x P2 Pc,2900,3000,2000,8.7,false,0,0,,2026-08-19
WE-CNSW,1600,3200,1800,5.12,false,0,0,,2026-08-19
QFN14-4X4-TGA2227,4000,4000,2200,16.0,true,0,0,,2026-08-19
POWERMITE,1960,1900,1150,3.724,false,0,0,,2026-08-19
VFQFN48 7x7x0.9 P0.5,7000,7000,550,49.0,true,0,0,,2026-08-19
QFN12-3x3x.9 0P5 PP DQ122,3000,3000,900,9.0,true,0,0,,2026-08-19
ASMB-MTB0-0B3A2,3450,2760,1760,9.522,true,0,0,,2026-08-19
LQH31,3015,1175,1200,3.543,false,0,0,,2026-08-19
A TANTAL,3200,1700,1000,5.44,false,970,2,0.206,2026-08-19
4-PLCC,2623,3289,1800,8.627,false,0,0,,2026-08-19
DFN8-3x3x.75 0P5 PP,3000,3000,800,9.0,true,0,0,,2026-08-19
X2QFN12 1.6x1.6x.35 0P4a,1600,1600,350,2.56,false,0,0,,2026-08-19
LED 1.6x1.6x.4 SO4AUTO 2,1750,1750,400,3.062,false,0,0,,2026-08-19
LBGA70-15x9x4.3 1P27 PP,15000,9000,4920,135.0,true,0,0,,2026-08-19
2220-34 PP,5700,5000,3300,28.5,true,0,0,,2026-08-19
POINT TEST 5019,3800,2000,2230,7.6,false,0,0,,2026-08-19
MODULE ISP1807 LGA62-8x8-,8000,8000,1000,64.0,true,0,0,,2026-08-19
HG2CC PP,5450,3000,1100,16.35,true,0,0,,2026-08-19
QFN36 6x6x1 0P5 IM2 MICRO,6000,6000,900,36.0,true,0,0,,2026-08-19
SRP5030,5200,5700,2800,29.64,true,0,0,,2026-08-19
1210-14,3200,2500,1400,8.0,false,0,0,,2026-08-19
IND 4X4-1.8,3750,4000,1800,15.0,true,0,0,,2026-08-19
G6K-2F-Y MECA,10000,6500,5200,65.0,true,0,0,,2026-08-19
LGA10-2x2x.8 0P5 PP ICP10,2000,2000,800,4.0,false,0,0,,2026-08-19
IND 4x4x2 hexago PP,3750,4000,1900,15.0,true,0,0,,2026-08-19
BGA1156-34x34-1.0,35000,35000,2150,1225.0,true,0,0,,2026-08-19
LQFP100-0.51 PP,14000,14000,1400,196.0,true,0,0,,2026-08-19
T TANTAL,3200,1600,1200,5.12,false,0,0,,2026-08-19
RR EXB2HV330JV,3800,1600,460,6.08,false,0,0,,2026-08-19
BGA5 1.4x.9x.5 0P5 YZP,1370,861,500,1.18,false,0,0,,2026-08-19
SCT-595-5,2900,1600,1100,4.64,false,0,0,,2026-08-19
HVQFN28 6x6x1 0P65 PP,6000,6000,1000,36.0,true,0,0,,2026-08-19
ALUD7.7 PP,6600,6600,7700,43.56,true,0,0,,2026-08-19
BGA72 4.4x3.8x.55 0P4 PP,3750,4400,555,16.5,true,0,0,,2026-08-19
DFN4 2x2x.75 1P0 PP,2000,2000,750,4.0,false,0,0,,2026-08-19
PBGA484-27x27x2.36 1P0 PP,27000,27000,2150,729.0,true,0,0,,2026-08-19
SC-110A,2400,3800,850,9.12,true,0,0,,2026-08-19
X1,1000,680,300,0.68,false,0,0,,2026-08-19
LGA6-1.1x.7x.375 0P4 TSNP,1100,700,375,0.77,false,0,0,,2026-08-19
LGA64-26x16x2.2 1P1 SARA-,26000,16000,2200,416.0,true,0,0,,2026-08-19
SOD123_SC-110A,2400,3800,850,9.12,true,0,0,,2026-08-19
QFN36 6x6x1 0P5 PP,6000,6000,900,36.0,true,0,0,,2026-08-19
IPJ,7000,7000,3500,49.0,true,0,0,,2026-08-19
AD4PS-1 PP,9780,7870,5460,76.969,true,0,0,,2026-08-19
ADP-2-1W PP,7870,5590,4110,43.993,true,0,0,,2026-08-19
ADTT1-1 PP,7870,5590,2810,43.993,true,0,0,,2026-08-19
1210-20 DIODE PP,3200,2500,2000,8.0,false,0,0,,2026-08-19
IND 12x12x8 PP,12000,12000,8000,144.0,true,0,0,,2026-08-19
IND 11x10x9 PP,10000,11000,9300,110.0,true,0,0,,2026-08-19
BGA224-13x13x1.4 PP,12900,12900,1250,166.41,true,0,0,,2026-08-19
UDFN9-3.8x1x0.55 PP,3642,940,500,3.423,false,0,0,,2026-08-19
ABLJO-V-100,14300,8700,5500,124.41,true,0,0,,2026-08-19
MLP8-6x8x.85 1P27 PP,6000,8000,750,48.0,true,0,0,,2026-08-19
LGA71-15x9x3.4 1P27 PP,15000,9000,3400,135.0,true,0,0,,2026-08-19
QFN12 3x3x.8 0P5 LCC AnDe,2900,2900,800,8.41,false,0,0,,2026-08-19
X2QFN12 1.6x1.6x.35 0P4,1600,1600,350,2.56,false,0,0,,2026-08-19
QFN16-0.65 PP,4000,4000,1000,16.0,true,0,0,,2026-08-19
QFN16 4x4x075 P065 PP,4000,4000,750,16.0,true,0,0,,2026-08-19
SOT-963 PP,1000,800,370,0.8,false,0,0,,2026-08-19
SDR0302,3000,2800,2500,8.4,false,0,0,,2026-08-19
DFN6 1.8x2x.6 0P5 PP,1800,2000,700,3.6,false,244,13,5.328,2026-08-19
LTST,2700,3200,1100,8.64,false,0,0,,2026-08-19
QFN44 8x8x0.9 MY,8000,8000,900,64.0,true,0,0,,2026-08-19
HLQFP176-26x26x1.6 0P5 PP,24000,24000,1600,576.0,true,0,0,,2026-08-19
QFN16-2.6x1.8x.8 0P4 PP,2600,1800,800,4.68,false,0,0,,2026-08-19
DSON8 3.2X3.2-1 PP,3300,3300,1000,10.89,true,0,0,,2026-08-19
SOD-882L PP,1000,600,450,0.6,false,0,0,,2026-08-19
minismdc150f,4550,3200,380,14.56,true,0,0,,2026-08-19
QFN28-5X5X0.5 0P4 UQFN,3800,3800,500,14.44,true,0,0,,2026-08-19
SOD-882 PP,600,1000,450,0.6,false,0,0,,2026-08-19
DSBGA4-0.88X0.88,700,700,400,0.49,false,0,0,,2026-08-19
WQFN28-5x5x.8 0P5 PP RSG,5000,5000,800,25.0,true,0,0,,2026-08-19
VFBGA153 - 11.5x13,13000,11500,900,149.5,true,0,0,,2026-08-19
QFN32 5x5x09 0P5 PP,5000,5000,900,25.0,true,0,0,,2026-08-19
SOT-323_SC-70 PP OPTIQUE,2000,1250,900,2.5,false,0,0,,2026-08-19
DF40C-100DS-0.4V PP CON,22600,2880,1500,65.088,true,0,0,,2026-08-19
TFBGA121 10X10,10000,10000,1200,100.0,true,0,0,,2026-08-19
DFN8-2.5x1.2x1.2 0P5 CMX8,2500,1200,500,3.0,false,0,0,,2026-08-19
1410 PP AUTO,2050,2600,1900,5.33,false,0,0,,2026-08-19
BGA1153-35x35xX 1P PP,35000,35000,3050,1225.0,true,0,0,,2026-08-19
ISO150AU PP,18700,7500,2280,140.25,true,0,0,,2026-08-19
QFN10-2P+3P 1.8X1.3-0.5PP,1400,1800,550,2.52,false,0,0,,2026-08-19
SOD323 PP DIODE BAT54WS,1300,1700,900,2.21,false,2248,29,1.29,2026-08-19
QFN28- Si2177-A30-GM,4500,4472,800,20.124,true,0,0,,2026-08-19
MT47H64M16NF,12500,8000,1200,100.0,true,0,0,,2026-08-19
DO-214AB PP,7000,6000,2500,42.0,true,0,0,,2026-08-19
SSOP16,6450,5200,1550,33.54,true,0,0,,2026-08-19
LED4 1.5x1.5 ASMB,1500,1600,550,2.4,false,0,0,,2026-08-19
ABS06,1950,1150,600,2.243,false,0,0,,2026-08-19
ALU-UBC1H330MNS1GS,6750,6850,5900,46.237,true,0,0,,2026-08-19
QFN8-3x3x.9 0P66 PP DQ849,3000,3000,900,9.0,true,0,0,,2026-08-19
WSON8 4x4x.8 0P8 PP,4000,4000,750,16.0,true,0,0,,2026-08-19
QFN12 2x2x1 0P5 PP,2000,2000,950,4.0,false,0,0,,2026-08-19
LGA12 2x2x1 0P5 PP,2000,2000,950,4.0,false,0,0,,2026-08-19
SSOP8- OAA,9700,6250,4300,60.625,true,0,0,,2026-08-19
WQFN12-2x2.5x1 0P5,2000,2500,750,5.0,false,0,0,,2026-08-19
MODULE POINT-CORE,13882,13087,1600,181.674,true,0,0,,2026-08-19
QFN32-0.5,5000,5000,800,25.0,true,0,0,,2026-08-19
RALENTIR,2000,2000,1000,4.0,false,0,0,,2026-08-19
SO-8C 4.9x6x1.75 1P27,4900,3900,1750,19.11,true,0,0,,2026-08-19
TQFP64-0.80,14000,14000,1000,196.0,true,0,0,,2026-08-19
QZ 1.2X1.6 x.5-2P,1097,1958,500,2.148,false,0,0,,2026-08-19
UQFN10 2x1.5x.6 0P5 PP,2000,1500,550,3.0,false,0,0,,2026-08-19
MOD32-25x18x3 ESP-WROOM32,19500,18000,3100,351.0,true,0,0,,2026-08-19
CMWX1ZZABZ-078 MODULE PP,13882,13087,1600,181.674,true,0,0,,2026-08-19
BGA4-.76x.76x.5 0P4 PP,760,760,500,0.578,false,0,0,,2026-08-19
2211-22 H PP,5796,2781,2200,16.119,true,0,0,,2026-08-19
QFN44 5x5 LANCEY AUTO PP,5560,5260,700,29.246,true,0,0,,2026-08-19
VDFN6 5x3.2x0.75 0P75 PP,3200,5000,750,16.0,true,0,0,,2026-08-19
IN-S85TATRGB-2X1.5,1292,1997,700,2.58,false,0,0,,2026-08-19
MicroSOP8 PP,3150,2850,1200,8.977,false,0,0,,2026-08-19
BGA4-1.1x1x.6 0P5 YZR,1062,1077,620,1.144,false,0,0,,2026-08-19
NX3215SA,1500,3200,800,4.8,false,0,0,,2026-08-19
XQAGRN,1600,1600,1600,2.56,false,0,0,,2026-08-19
QZ2.6X2-0.6 PP,2600,2050,600,5.33,false,0,0,,2026-08-19
SON6 2x2x.75 0P65 PP,2000,2000,750,4.0,false,0,0,,2026-08-19
X9SON 2.5x2x.5 PP,2500,2000,500,5.0,false,0,0,,2026-08-19
BGA24-8x6x1 1P PP,8000,6000,1000,48.0,true,0,0,,2026-08-19
UDFN8-5x5x.6 1P27 PP,5000,5000,600,25.0,true,0,0,,2026-08-19
X2DFN-1x0.6x.5 1P1 PP,600,1000,500,0.6,false,0,0,,2026-08-19
SOT-23-5 2.9x2.9x1 0P95,1500,2900,1200,4.35,false,0,0,,2026-08-19
DFN8-2x1.5x.85 0P5 PP,2000,1500,800,3.0,false,0,0,,2026-08-19
UCSP4-1x1x.62 0P5 PP,1000,1000,620,1.0,false,0,0,,2026-08-19
UDFN6 1.7X1mm EP0.6 PP,1350,1400,600,1.89,false,0,0,,2026-08-19
BM29B0.6-6 3x1.5x.6,3160,1500,600,4.74,false,0,0,,2026-08-19
B3QFN-5.1X5.6,5150,4895,4000,25.209,true,0,0,,2026-08-19
UDFN8-4x4x1 0P8 PP,4000,4000,1000,16.0,true,0,0,,2026-08-19
BGA4-1x1x.62 0P5 PP,1000,1000,620,1.0,false,0,0,,2026-08-19
KPBA-3010ESGC PP,2900,1000,1000,2.9,false,0,0,,2026-08-19
TQFP144-16x16x1 0P4 PP,16000,16000,1200,256.0,true,0,0,,2026-08-19
LED-0603 1.6x0.8x0.4 Wurt,1600,800,450,1.28,false,0,0,,2026-08-19
BGA256-17x17x2.1 P1 PP,17020,17020,2150,289.68,true,0,0,,2026-08-19
BGA5 1.4x1x.6 0P43/5 MECA,1380,1050,600,1.449,false,0,0,,2026-08-19
HVQFN32 7x7x.85 0P65 PP,7000,7000,850,49.0,true,0,0,,2026-08-19
QFN12 3x3x1 0P5 PP,3000,3000,950,9.0,true,0,0,,2026-08-19
VQFN24 4x4x.9 0P5 PP,4000,4000,900,16.0,true,0,0,,2026-08-19
CDFN4 2.5x2x.85 PP,2500,2000,850,5.0,false,0,0,,2026-08-19
HVSSOP8 DGN = VSSOP8PwPd,3000,3000,1100,9.0,true,0,0,,2026-08-19
RSL10SIP 6x8x1,6000,8000,750,48.0,true,0,0,,2026-08-19
ANT44-34x14x2.5 1P45asym,20700,14700,2500,304.29,true,0,0,,2026-08-19
TQFP100-23x17x3 0P65 PP,20000,14000,3000,280.0,true,0,0,,2026-08-19
UQFN32 5.2x5.2x.6 0P5 PP,5150,5150,550,26.523,true,0,0,,2026-08-19
UQFN32 5x5x.6 0P5 PP,5000,5000,550,25.0,true,0,0,,2026-08-19
IND 2x1.6x1 PP,2000,1600,1000,3.2,false,0,0,,2026-08-19
VDFN6 3.2x2.5 DSC,3200,2500,850,8.0,false,0,0,,2026-08-19
VDFPN8-8x6x.93 1P27 PP,6000,8000,850,48.0,true,0,0,,2026-08-19
BM29B0.6-6DS/2.0 3x1.5x.6,3160,1500,600,4.74,false,0,0,,2026-08-19
UQFN16 2x1.8x.5 0P4 RSVTi,2600,1800,500,4.68,false,0,0,,2026-08-19
UDFN-2 0201,300,600,310,0.18,false,0,0,,2026-08-19
QFN56-7x7x1 0P4 RSH,7000,7000,1000,49.0,true,0,0,,2026-08-19
QFN16-6P+2P 4X3.5 PP,4000,3500,900,14.0,true,0,0,,2026-08-19
QFN14- 3.5X3.5 PP 4+10PIN,3500,3500,900,12.25,true,0,0,,2026-08-19
QFN20 3.5x3.5x.9 0P5 PP,3500,3500,900,12.25,true,0,0,,2026-08-19
QFN20-5x5x.9 0P65 PP,5000,5000,900,25.0,true,0,0,,2026-08-19
CDFN6 3.2x2.5 DSC1104,3200,2500,850,8.0,false,0,0,,2026-08-19
DFN6 1x1.5-0.5 PP,1500,1000,500,1.5,false,0,0,,2026-08-19
BGA132-7x7x.6 0P5 PP,7000,7000,600,49.0,true,0,0,,2026-08-19
LGA24-4x4x1.3 0P5 ICM-207,4000,4000,1300,16.0,true,0,0,,2026-08-19
SOD123 08-16 PP PLATEAU,800,1000,1000,0.8,false,0,0,,2026-08-19
SOT-346,2900,1600,1100,4.64,false,0,0,,2026-08-19
SOIC16 17.4X10.4x2.65,10400,14000,2500,145.6,true,0,0,,2026-08-19
RR1206-3X1.6,3200,1600,460,5.12,false,0,0,,2026-08-19
CRF03-1A,4385,8536,3500,37.43,true,0,0,,2026-08-19
BGA 31X31 EASII PROMOAUTO,31000,31000,1590,961.0,true,0,0,,2026-08-19
LGA64-26x16x2.2 1P1 SARAd,26000,16000,2200,416.0,true,0,0,,2026-08-19
LGA6-2x2x.9 1P0 PP,2000,2000,900,4.0,false,0,0,,2026-08-19
DPAK-6.4X9.35,6400,9350,2300,59.84,true,0,0,,2026-08-19
NFM41 PP,4500,1600,1000,7.2,false,0,0,,2026-08-19
LFBGA760-23X23 PP,23360,23360,1800,545.69,true,0,0,,2026-08-19
LED4 1616 APTF MARKcpst=P,1600,1600,700,2.56,false,0,0,,2026-08-19
NLCV32,3200,2500,2300,8.0,false,0,0,,2026-08-19
LGA46- 7x5 Pad latter PP,7000,5000,1100,35.0,true,0,0,,2026-08-19
VQFN32-4x4x1 0P4 PP,4000,4000,1000,16.0,true,0,0,,2026-08-19
IND2-32x25 NLCV32,3200,2500,2300,8.0,false,0,0,,2026-08-19
QFN10-2P+3P 1.3X1.8-0.5PP,1800,1300,500,2.34,false,0,0,,2026-08-19
QFN32-6x4x.9 0P5 PP,6000,4000,950,24.0,true,0,0,,2026-08-19
SM453229-381N7Y AUTO,7741,5796,2750,44.867,true,0,0,,2026-08-19
XQFN12 2x1.7x0.5 P0.4,2000,1700,500,3.4,false,0,0,,2026-08-19
QFN8-3x3x.9 0P66 AUTO,3402,3500,900,11.907,true,0,0,,2026-08-19
QFN24-3x3x1 0P4 PP,3000,3000,1000,9.0,true,0,0,,2026-08-19
SON6 1.5x1-0.75 PP,1500,1000,750,1.5,false,0,0,,2026-08-19
WQFN12-3.3x3.3x.75 PP,3300,3300,750,10.89,true,0,0,,2026-08-19
FSV1060V,5996,8327,1100,49.929,true,0,0,,2026-08-19
LQFP64-0.50,10000,10000,1400,100.0,true,0,0,,2026-08-19
LGA49-19x15x2.2 1P8 PP,19000,15000,2200,285.0,true,0,0,,2026-08-19
MBS,4900,3900,1550,19.11,true,0,0,,2026-08-19
MBS PP,4900,5000,2900,24.5,true,0,0,,2026-08-19
CMB0207 PP,5800,2200,2200,12.76,true,0,0,,2026-08-19
SM8 PP,2950,2800,1300,8.26,false,0,0,,2026-08-19
SON6 2x2x.6 0P65 LED PP,2000,2000,600,4.0,false,0,0,,2026-08-19
SON8 2.5X2.5-1 PP,2500,2500,1050,6.25,false,0,0,,2026-08-19
QFN48-6X6X0.85,6000,6000,850,36.0,true,0,0,,2026-08-19
MOD48-16x13 ESP-C3-MINI-1,11200,13200,2400,147.84,true,0,0,,2026-08-19
QFN48 6x6x.5 0P4 PP,6000,6000,850,36.0,true,0,0,,2026-08-19
BGA4-.64x.64x.44 0P35 PP,645,645,445,0.416,false,0,0,,2026-08-19
QFN40 5x5x.5 0P4 PP,5000,5000,500,25.0,true,0,0,,2026-08-19
uMAX8 PP,3000,3000,1000,9.0,true,0,0,,2026-08-19
PLCC-2,1958,1370,1800,2.682,false,0,0,,2026-08-19
V8KM60DU 6x5x1x 1P27 Via,4900,5900,990,28.91,true,0,0,,2026-08-19
QFN16-5P+3P 3.3X2.3 PP,3300,2300,900,7.59,false,0,0,,2026-08-19
SOT-363 PP,2000,1250,1000,2.5,false,0,0,,2026-08-19
0402-05,1000,600,500,0.6,false,1469,8,0.545,2026-08-19
LED3.2x2.8x1.9 PP,3200,2800,1900,8.96,false,0,0,,2026-08-19
DFN1006-3 PLATEAU,600,1000,480,0.6,false,0,0,,2026-08-19
UDFDFPN-8 2x3x0.53 PP,2050,3000,530,6.15,false,0,0,,2026-08-19
VSONK-3x2x.75 0P5 PP,2000,3000,750,6.0,false,0,0,,2026-08-19
XQFN10 2x1.7x.5 0P4 PP,2000,1700,500,3.4,false,0,0,,2026-08-19
DLP11S AUTO,1450,1150,800,1.667,false,0,0,,2026-08-19
TQFP208-30x30x1.6 0P5 PP,28000,28000,1600,784.0,true,0,0,,2026-08-19
LBGA256-16x16-1.0,17000,17000,1400,289.0,true,0,0,,2026-08-19
BGA1152-34x34xX 1P PP,35000,35000,2150,1225.0,true,0,0,,2026-08-19
1808,4500,2000,2000,9.0,true,0,0,,2026-08-19
TVSOP-24,4900,4600,1200,22.54,true,0,0,,2026-08-19
DFN6 2.5x2x1 0P55 PP,2500,2000,1040,5.0,false,0,0,,2026-08-19
LBGA70-15x9x4.3 1P27AUTO,15190,10110,4900,153.571,true,0,0,,2026-08-19
DTD113ZK TEST AUTO,2800,1100,1000,3.08,false,0,0,,2026-08-19
LQFP208-0.50,28000,28000,1400,784.0,true,0,0,,2026-08-19
PFL3215-102MEB AUTO,7036,5248,1410,36.925,true,0,0,,2026-08-19
LC760Z00AAMD,10100,9674,2400,97.707,true,0,0,,2026-08-19
SRP4030,4100,4100,2800,16.81,true,0,0,,2026-08-19
WSON10-3X2x0.8,2583,1957,800,5.055,false,0,0,,2026-08-19
A7672X,24000,24000,2400,576.0,true,0,0,,2026-08-19
VSSOP10 PP,3000,3000,1100,9.0,true,0,0,,2026-08-19
LED3.5X2.8-1.75 Z PP,3500,2800,750,9.8,true,0,0,,2026-08-19
WSON12 3x3x.75 0P5 PP,3000,3000,750,9.0,true,0,0,,2026-08-19
QFN64-9x9x.85 0P5 PP,9000,9000,850,81.0,true,0,0,,2026-08-19
1218-06 PP,3100,4600,600,14.26,true,0,0,,2026-08-19
DSBGA8-1.9X0.9,1900,900,400,1.71,false,0,0,,2026-08-19
2220-25 PP,5700,5000,3000,28.5,true,0,0,,2026-08-19
SM91072AL-E-12X9,8900,6900,5650,61.41,true,0,0,,2026-08-19
MSOP10,2800,2700,1200,7.56,false,0,0,,2026-08-19
IND2 7.9x8.4x7.2 74433402,7900,8400,7200,66.36,true,0,0,,2026-08-19
RELAIS 7x14 test,18140,13733,9950,249.117,true,0,0,,2026-08-19
QFN32 5x5x09 0P5 AP AUTO,5034,5096,900,25.653,true,0,0,,2026-08-19
SMLP39 LED6 MECA,1500,1000,250,1.5,false,0,0,,2026-08-19
BGA73-7x7 AP AUTO,7000,7000,850,49.0,true,0,0,,2026-08-19
WPDFN8-8x6x.93 1P27 PP,6000,8000,850,48.0,true,0,0,,2026-08-19
BGA325-11x11,11000,11000,1340,121.0,true,0,0,,2026-08-19
VSON10 3x3x1 0P65 DRB,3211,3250,900,10.436,true,0,0,,2026-08-19
SMD10,7753,6290,4100,48.766,true,0,0,,2026-08-19
NFBGA361-13x13x1.3 0P65 P,13000,13000,1300,169.0,true,0,0,,2026-08-19
WLP30-2.7x2.9x.6 0P5 PP,2740,2926,640,8.017,false,0,0,,2026-08-19
BGA9-1.9x1.6x.6 0P5 PP,1870,1650,600,3.086,false,0,0,,2026-08-19
DFN8-2.5x2x.95 0P65 PP,2500,2000,900,5.0,false,0,0,,2026-08-19
USON8-2x3x.55 0P5 PP,2000,3000,550,6.0,false,0,0,,2026-08-19
DO-214AA,3300,5100,2200,16.83,true,0,0,,2026-08-19
TFBGA144 7x7x1 P0.5,7000,7000,1000,49.0,true,0,0,,2026-08-19
ISO HORIBA,21665,13185,2270,285.653,true,0,0,,2026-08-19
WLCSP4-.64x.64x.3 0P35 PP,640,640,350,0.41,false,0,0,,2026-08-19
TSSOP8 1.2,3000,4400,1200,13.2,true,1135,23,2.026,2026-08-19
SOT-23_5 3x3x1.2 0P95 DBV,1750,2950,1200,5.162,false,0,0,,2026-08-19
QFN32 5.2x5.2x095 AUTO,3500,3500,950,12.25,true,0,0,,2026-08-19
IND2 3.2x2.5x2.2 NLCVpad2,2500,3200,2200,8.0,false,0,0,,2026-08-19
QFN56-7x7x.85 0P4 PP,7000,7000,800,49.0,true,0,0,,2026-08-19
QFN32 6x6xH 0P65 PP,6000,6000,800,36.0,true,0,0,,2026-08-19
BGA38 11x9x5 1P3 PP,11250,9000,4920,101.25,true,0,0,,2026-08-19
L3BQFN42,10000,10000,4100,100.0,true,0,0,,2026-08-19
B0QFN30-6X4X1.8,6000,4000,1800,24.0,true,0,0,,2026-08-19
SMD-4 2X1.6,2000,1600,650,3.2,false,0,0,,2026-08-19
EXC24C,1000,1250,500,1.25,false,0,0,,2026-08-19
LGA10-2.5x2.5x.75 0P6 PP,2500,2500,800,6.25,false,0,0,,2026-08-19
DFN6 1.6x1.6x.6 0P5 PP,1600,1600,600,2.56,false,0,0,,2026-08-19
TDFN4-1.2x1.6x.55 0P5 PP,1200,1600,550,1.92,false,0,0,,2026-08-19
BGA LOCATIS DX19,4500,4500,470,20.25,true,0,0,,2026-08-19
MLP6 2x2x.65 0P65 PP,2000,2000,700,4.0,false,0,0,,2026-08-19
TO-252_DPAK PP OPTIQUE,6500,7200,2300,46.8,true,0,0,,2026-08-19
HVSON14-4.5x3x.85 0P65 PP,4500,3000,850,13.5,true,0,0,,2026-08-19
1206-09,3200,1600,900,5.12,false,0,0,,2026-08-19
VDFN8-5x6x.75 1P27 PP,5000,6000,750,30.0,true,0,0,,2026-08-19
DHVQFN20-2.5x4.5x.85 0P5,2500,4500,850,11.25,true,0,0,,2026-08-19
MODULE LR9110C1-EUX,28500,28500,2340,812.25,true,0,0,,2026-08-19
QFN32 5x5x.9 0P5,5000,5000,900,25.0,true,0,0,,2026-08-19
LGA144-15x15x2.8 1P27 PP,15000,15000,2800,225.0,true,0,0,,2026-08-19
DFN6-2x1.25x.9 0P65 GE080,2000,1250,950,2.5,false,0,0,,2026-08-19
QFN28-5x4x.75 0P5 PP,5000,4000,750,20.0,true,0,0,,2026-08-19
B1QFN47,15000,9000,2800,135.0,true,0,0,,2026-08-19
QFN36 5x4x.75,5100,4100,750,20.91,true,0,0,,2026-08-19
LGA144-15x15x4.4 1P27 PP,15000,15000,4400,225.0,true,0,0,,2026-08-19
CSD25402Q3A PPTEST,4340,5044,810,21.891,true,0,0,,2026-08-19
TSSOP8 POWER PAD PP,4340,5044,810,21.891,true,0,0,,2026-08-19
RXM-GPS-RM,14950,11850,2260,177.157,true,0,0,,2026-08-19
1208 LED,3053,1096,500,3.346,false,0,0,,2026-08-19
X2SON8-1.8x1.2x.37 0P4 PP,1800,1200,370,2.16,false,0,0,,2026-08-19
TSOP28-8x13.4x1.2 PP,6000,16400,1100,98.4,true,0,0,,2026-08-19
DSN2-.44x.2 0P27 PP,230,435,185,0.1,false,0,0,,2026-08-19
TSOP24-BW:16.4,8000,11800,1200,94.4,true,0,0,,2026-08-19
WLCSP2 .6x.3x.275 PP,300,600,275,0.18,false,0,0,,2026-08-19
SO4-6.5x10.16x3.5 2P54 PP,6500,7620,3500,49.53,true,0,0,,2026-08-19
SOD923 PP,600,800,370,0.48,false,0,0,,2026-08-19
QZ 3.2x2.5x0.7 PP,3200,2500,700,8.0,false,0,0,,2026-08-19
FBGA1152-35x35xX,35000,35000,2400,1225.0,true,0,0,,2026-08-19
QFN64 9x9x0.9 P0.5,9000,9000,900,81.0,true,0,0,,2026-08-19
IND2 6.6x7.3x2.8 SRP7028A,6600,7300,2800,48.18,true,0,0,,2026-08-19
QFN28-5x6 75 0P5 PP,6000,5000,750,30.0,true,0,0,,2026-08-19
QFN8 1.90X2.10X0.60,1600,1997,600,3.195,false,0,0,,2026-08-19
SFH7776,3720,1880,1100,6.994,false,0,0,,2026-08-19
QZ 5X12X4 2Pins MSMSérie,4830,11400,4200,55.062,true,0,0,,2026-08-19
XF2J-2824-11A silouhette,18500,4000,4150,74.0,true,0,0,,2026-08-19
FTSH-105-01-F- silouhette,6350,5800,6000,36.83,true,0,0,,2026-08-19
POWERMITE AUTO,4273,6760,1150,28.885,true,0,0,,2026-08-19
DFN6 1.1x1x.4 0P35 PP,1100,1000,370,1.1,false,0,0,,2026-08-19
QFNa14 4x4x1.2 0P56 TGA22,4000,4000,1200,16.0,true,0,0,,2026-08-19
SON16 4X2-0.7 PP,3950,2000,750,7.9,false,0,0,,2026-08-19
QFN14-5.8x6x2.2 1P27 8+6,5800,6000,2200,34.8,true,0,0,,2026-08-19
TS53YL202MR10,9799,5925,2880,58.059,true,0,0,,2026-08-19
MSOP10 Z PP,3050,2700,1200,8.235,false,0,0,,2026-08-19
SOT-666 PP PLATEAU,1600,1200,500,1.92,false,0,0,,2026-08-19
LED2 1.25x3.2x.7 598-81,1250,2000,700,2.5,false,0,0,,2026-08-19
1206-15 PP,3200,1600,1500,5.12,false,0,0,,2026-08-19
SMD-4 3.2x2.5,2500,3200,1800,8.0,false,0,0,,2026-08-19
WSON8 4x4x.8 0P8 PP LM487,4000,4000,750,16.0,true,0,0,,2026-08-19
ALUD8 PP,5800,6300,7700,36.54,true,0,0,,2026-08-19
B0QFN30-6X4X1.8 AA,6000,4000,1800,24.0,true,0,0,,2026-08-19
TO-252_DPAK,6500,7200,2300,46.8,true,0,0,,2026-08-19
BGA625-21x21x1.5 0P8 PP,21000,21000,1500,441.0,true,0,0,,2026-08-19
BGA419-23x23x2.4 0P5 PP,23000,23000,2400,529.0,true,0,0,,2026-08-19
BGA64-13x11x1.3 1P0 PP,13000,11000,1300,143.0,true,0,0,,2026-08-19
QFN24-4x6x1.1 0P65 PP,4000,6000,1100,24.0,true,0,0,,2026-08-19
VSSOP8 DCU PP,2000,2300,750,4.6,false,742,3,0.404,2026-08-19
FBGA24-8x6x1.2 1P PP,8000,6000,1200,48.0,true,0,0,,2026-08-19
BGA169-11x11xX 0P8 PP,11000,11000,2500,121.0,true,0,0,,2026-08-19
RSL10SIP 6x8x1.46 5P3 OnS,6000,8000,1460,48.0,true,0,0,,2026-08-19
G6K-2F-Y,10000,6500,5200,65.0,true,0,0,,2026-08-19
QFN68-8x11x3 0P5 AUTO,12834,12534,3000,160.861,true,0,0,,2026-08-19
LQFP32-0.80 PP,7000,7000,1400,49.0,true,0,0,,2026-08-19
QZ 1.2X1.6 x.5 PP,1527,1175,500,1.794,false,0,0,,2026-08-19
DO-214AB PP AP AUTO,8100,5950,2500,48.195,true,0,0,,2026-08-19
BGA9 2.3x2.9 0P8 module P,2300,2900,1100,6.67,false,0,0,,2026-08-19
LGA12-2x2x1 0P5 PP,2000,2000,1000,4.0,false,0,0,,2026-08-19
BGA96 13x9x1.2 0P8 PP,13000,9000,1200,117.0,true,0,0,,2026-08-19
LQH43PN8R2M26L,4400,3160,2560,13.904,true,176,0,0.0,2026-08-19
1206-05,3200,1600,1700,5.12,false,0,0,,2026-08-19
PAK SC-70-6,1997,1605,950,3.205,false,0,0,,2026-08-19
BGA8,1000,1000,1000,1.0,false,0,0,,2026-08-19
BGA96 14x8x1.1 0P8 PP,14000,8000,1100,112.0,true,0,0,,2026-08-19
TO-252 3-DPAK,6220,6700,2520,41.674,true,0,0,,2026-08-19
XSON8 1.3x1 0P55 SOT1059,1350,1000,500,1.35,false,0,0,,2026-08-19
DFN8 2x2x.9 0P5 PP,2000,2000,900,4.0,false,0,0,,2026-08-19
BGA25-6.25x6.25x5 1P27 PP,6250,6250,5000,39.062,true,0,0,,2026-08-19
TSSOP8 DP SOT505-2 NEXPER,3000,3000,1100,9.0,true,0,0,,2026-08-19
0201-05,630,330,300,0.208,false,0,0,,2026-08-19
VDFN8-4x4x.75 1P27 PP,4000,4000,1000,16.0,true,0,0,,2026-08-19
DFN6 2x2x1 0P65 MC1630-1,2000,2000,1000,4.0,false,0,0,,2026-08-19
QFN8 3x3x.9 0P66 DQ849,3000,3000,900,9.0,true,0,0,,2026-08-19
WSON10 4x4x.8 0P8 LM51 Ti,4000,4000,750,16.0,true,0,0,,2026-08-19
X2SON4-.6x.6 0P4 PP,600,600,320,0.36,false,0,0,,2026-08-19
DFN4-.8x.8x.35 0P48 PP,800,800,350,0.64,false,0,0,,2026-08-19
LGA4 .5x.5x.2 LDBL20 AUTO,500,500,300,0.25,false,0,0,,2026-08-19
LGA4 .5x.5x.2 LDBL20,470,470,300,0.221,false,0,0,,2026-08-19
QFN14-5.8x6x2.2 1P27AUTO,4000,4000,2200,16.0,true,0,0,,2026-08-19
WBC1-1TLC,3759,3955,3050,14.867,true,0,0,,2026-08-19
QZ 7.5x5.2x1.4 XBRD3V136,7200,5200,1300,37.44,true,996,5,0.502,2026-08-19
TPD8S009DSMR,6400,2400,700,15.36,true,0,0,,2026-08-19
SMC PP,7714,6000,2250,46.284,true,0,0,,2026-08-19
SOIC16 9X7.5,10450,4200,1750,43.89,true,0,0,,2026-08-19
TSSLP-2-1,620,320,300,0.198,false,0,0,,2026-08-19
QFN44-0.5,7000,7000,800,49.0,true,0,0,,2026-08-19
WFBGA35-2.83X2.03,2000,2850,640,5.7,false,0,0,,2026-08-19
LFPAK SOT669,5000,4000,1100,20.0,true,0,0,,2026-08-19
SON10 3X3-0.9 P0.5 PP,3000,3000,900,9.0,true,0,0,,2026-08-19
DFN10-2.5x1x.4 0P5 8+2 PP,2500,1000,400,2.5,false,0,0,,2026-08-19
VSSOP8 DGK PP,3150,2850,1200,8.977,false,0,0,,2026-08-19
DFN8 2x2x.75 0P45 PP,2000,2000,750,4.0,false,0,0,,2026-08-19
HVSON8-3x3x1 0P5 SOT908-1,3000,3000,1000,9.0,true,0,0,,2026-08-19
QFN10-3+2 2x3x.75 0P5 PP,2000,3000,750,6.0,false,0,0,,2026-08-19
BGA88-15x11.2x3.4 1P27 PP,15000,11250,3480,168.75,true,0,0,,2026-08-19
BGA50-11.2x9x3.4 1P27 PP,11250,9000,4920,101.25,true,0,0,,2026-08-19
1813-3 PP,4500,3200,2700,14.4,true,0,0,,2026-08-19
BGA73-8x8 SOFTBANK,7500,7500,1270,56.25,true,0,0,,2026-08-19
QFN28-5x5x.9 0P5 PP,5000,5000,900,25.0,true,0,0,,2026-08-19
TFBGA100 8x8x1 P0.5,8000,8000,1000,64.0,true,0,0,,2026-08-19
SRP2512,2000,2500,1200,5.0,false,0,0,,2026-08-19
UDFN6 1.2X1mm EP0.6 PP,1200,1000,600,1.2,false,0,0,,2026-08-19
IND 5x5x5 3P5 so4 PP,5000,5000,5000,25.0,true,0,0,,2026-08-19
QFN40-4x7x1.8 0P5 PP,4000,7000,1800,28.0,true,0,0,,2026-08-19
QFN28-4x4x.6 0P5 PP,4000,4000,600,16.0,true,0,0,,2026-08-19
USON6 1.5x1x0.4 0P5 PP,1450,1000,400,1.45,false,0,0,,2026-08-19
QFN12 3x3x.8 0P5 PP HMC,3000,3000,950,9.0,true,0,0,,2026-08-19
UDFN9-3.8x1x0.55 0P8 0P9,3800,1000,500,3.8,false,0,0,,2026-08-19
SON6-1.45x1x.6 0P5 PP,1450,1000,600,1.45,false,0,0,,2026-08-19
HLQFP176-26x26x1.6 0P5 Ti,24000,24000,1600,576.0,true,0,0,,2026-08-19
TFP128-22x16x1.4 0P5 PP,20000,14000,1400,280.0,true,0,0,,2026-08-19
QFN12 3x3x.8 0P5 LHA AUTO,12824,11801,950,151.336,true,0,0,,2026-08-19
DFN8 3x3x.8 0P65 PP,3000,3000,800,9.0,true,0,0,,2026-08-19
QFN24-4x4x.1 0P5 PP RGE,4000,4000,1000,16.0,true,0,0,,2026-08-19
LFCSP20-4x4x.75 0P5 PP,4000,4000,750,16.0,true,0,0,,2026-08-19
SOT-723 PP,1200,800,500,0.96,false,0,0,,2026-08-19
SC79 PP,800,1200,1550,0.96,false,0,0,,2026-08-19
LQFP44-12x12x1.6 0P8 PP,10000,10000,1600,100.0,true,0,0,,2026-08-19
SO14,8650,3900,1550,33.735,true,0,0,,2026-08-19
QFN28-4x4x.6 0P5 PP AUTO,3150,3150,600,9.922,true,0,0,,2026-08-19
DO-214AB,6600,5500,2600,36.3,true,0,0,,2026-08-19
749020111A,16500,9600,2350,158.4,true,0,0,,2026-08-19
VSON14 4x3x.9 0P5 PP,4000,3000,900,12.0,true,0,0,,2026-08-19
QFN32-5x5x.9 0P5 PP,5000,5000,900,25.0,true,0,0,,2026-08-19
SIMID-1812-C,3200,4500,3200,14.4,true,0,0,,2026-08-19
0805-05 AUTO,2120,1400,1250,2.968,false,0,0,,2026-08-19
DFN8-2x3x.55 0P5 PP,2000,3000,700,6.0,false,0,0,,2026-08-19
SOT-23-6L-1.5X2.8,2800,1500,1450,4.2,false,0,0,,2026-08-19
SOT-343 PP,2000,1250,900,2.5,false,0,0,,2026-08-19
QFN52-8x7x.75 0P5 PP,8000,7000,750,56.0,true,0,0,,2026-08-19
BGA353-12x12x1.2 0P5 PP,12000,12000,1200,144.0,true,0,0,,2026-08-19
WSON10 3x2x.75 0P5 PP,3000,2000,750,6.0,false,0,0,,2026-08-19
LED inverse 2.3x2.3x1.65,2300,2300,1650,5.29,false,0,0,,2026-08-19
LGA16-3x3x1 QFN 0P5PPAUTO,3000,3000,1000,9.0,true,0,0,,2026-08-19
IND 7x7x4.5 SSR70 PP,7000,7000,4500,49.0,true,0,0,,2026-08-19
DFN-12-4x3x.75 0P5 PP,4000,3000,750,12.0,true,0,0,,2026-08-19
BGA119-22x14x2.4 1P27 PP,22000,14000,2400,308.0,true,0,0,,2026-08-19
B82498F,1957,1292,4500,2.528,false,0,0,,2026-08-19
HTQFP48-8x8 PP,8000,8000,850,64.0,true,0,0,,2026-08-19
VDFN6 3.2x2.5 DSC1104,3200,2500,850,8.0,false,0,0,,2026-08-19
WFBGA36-3.21X3.26,3200,3200,640,10.24,true,0,0,,2026-08-19
LGA77-15X9-4.3,15000,9000,4300,135.0,true,0,0,,2026-08-19
IND2-8x6.3xH-SMC B726,7000,6300,3800,44.1,true,0,0,,2026-08-19
LGA16-4x4x1.5 0P65 PP LIS,4000,4000,1500,16.0,true,0,0,,2026-08-19
LED4 3.2x2.4x2.4 KPBD3224,3200,2400,2400,7.68,false,0,0,,2026-08-19
SOIC4 3.8X4.65X2.5,4650,3800,2500,17.67,true,0,0,,2026-08-19
LED2 3.2x2.4x2.4 APD3224r,3200,2400,2400,7.68,false,0,0,,2026-08-19
LGA16-3x3x.9 0P5 PP,2900,2900,1000,8.41,false,0,0,,2026-08-19
LGA16-3X3-0.95 PP,3000,3000,1000,9.0,true,0,0,,2026-08-19
LGA16 3x3x.9 0P5 index PP,3000,3000,1000,9.0,true,0,0,,2026-08-19
LGA16-3x3x1 QFN 0P5PPAUT+,3081,3159,900,9.733,true,0,0,,2026-08-19
IND2 1206 B72520T0140K062,3200,1600,1400,5.12,false,0,0,,2026-08-19
FBGA896 31x31 P1 E2.25 PP,31000,31000,2100,961.0,true,0,0,,2026-08-19
1206-18 PP,3200,1600,1800,5.12,false,0,0,,2026-08-19
QFN24-4x4x.75 0P5 PP ADR,4000,4000,750,16.0,true,0,0,,2026-08-19
V8KM60DUHM3 TEST,5207,6216,1000,32.367,true,0,0,,2026-08-19
QFN32 5x5x06 0P5 PP,5000,5000,600,25.0,true,0,0,,2026-08-19
QFN24-0.55 8P CACHER Z PP,3800,3800,1400,14.44,true,0,0,,2026-08-19
FQFP128-38x26-0.50,20000,14000,2950,280.0,true,0,0,,2026-08-19
BM29B-6DP-2-0.35V,1810,910,410,1.647,false,0,0,,2026-08-19
DFN12-3x3x.75 0P45 PAD PP,3000,3000,750,9.0,true,0,0,,2026-08-19
BGA54-8x8-0.95,8000,8000,950,64.0,true,0,0,,2026-08-19
HTQFP48-7X7PP,7000,7000,850,49.0,true,0,0,,2026-08-19
BGA84 12.5x8x1.2 0P8 PP,12500,8000,1100,100.0,true,0,0,,2026-08-19
QFN68-8x8x.85 0P4 PP,8000,8000,850,64.0,true,0,0,,2026-08-19
WSON10-2x2x.75 0P4 PP PLT,2000,2000,750,4.0,false,0,0,,2026-08-19
QZ CSTCE SERIES,4550,2000,1200,9.1,true,0,0,,2026-08-19
IND2-3x3.2x1.5 SPM3015 PP,3000,3200,1500,9.6,true,0,0,,2026-08-19
LGA48-7x7x.7 0P5 ADF4371B,7000,7000,700,49.0,true,0,0,,2026-08-19
BGA 31X31 TRAD SBGA31,31000,31000,1590,961.0,true,0,0,,2026-08-19
IND 3x3 PP SNR3015 AUTO,4761,6291,1500,29.951,true,0,0,,2026-08-19
DFN6 3x3x.9 P95 PP,3000,3000,1000,9.0,true,0,0,,2026-08-19
LQFP48-0.65 PP,7000,7000,1400,49.0,true,0,0,,2026-08-19
LGA14-4.8x2.4 0P8 PP,4800,2400,1560,11.52,true,0,0,,2026-08-19
MSOP8G PP,3000,3000,1100,9.0,true,0,0,,2026-08-19
BGA38 11x9x5 1P3 PP AUTO,11360,10090,4920,114.622,true,0,0,,2026-08-19
2920 PP,7380,5120,800,37.786,true,0,0,,2026-08-19
VDFN6 5X3.2X1,5000,3200,850,16.0,true,0,0,,2026-08-19
SMC,6700,5700,2400,38.19,true,0,0,,2026-08-19
TC33X-2-103E,3000,3839,1000,11.517,true,0,0,,2026-08-19
QFN24-5x4x.75 0P5 PP,5000,4000,750,20.0,true,0,0,,2026-08-19
FI-W15P-HFE-E1500 con 15P,12350,5400,2850,66.69,true,0,0,,2026-08-19
SOD323HE PP DIODE,1300,1850,650,2.405,false,0,0,,2026-08-19
QZ6-7x5x1.6 2P54 SI59nxD,7000,5000,1300,35.0,true,0,0,,2026-08-19
BGA133-15x15x4.9 1P27 PP,15000,15000,4900,225.0,true,0,0,,2026-08-19
BGA6-1.05x0.7x.4 0P35 P,1050,700,400,0.735,false,0,0,,2026-08-19
BGA676-26x26-1.0,27000,27000,2150,729.0,true,0,0,,2026-08-19
SON12-2.5x4x.9 0P4 PP,2500,4000,900,10.0,true,0,0,,2026-08-19
TFBGA80 7x7x1 P0.5,6500,6500,1000,42.25,true,0,0,,2026-08-19
SOD523 PP PLATEAU,800,1200,600,0.96,false,0,0,,2026-08-19
01005-02,400,200,200,0.08,false,0,0,,2026-08-19
QFN48-6X6X0.9 AUTO,4350,4350,900,18.922,true,0,0,,2026-08-19
LGA16-3x3x.9 0P5 AUTO,2050,2050,1000,4.202,false,0,0,,2026-08-19
LGA16-3x3x1 QFN 0P5 AUTO,2100,2100,1000,4.41,false,0,0,,2026-08-19
LGA16-3x3x1 QFN 0P5 PP,3000,3000,1000,9.0,true,0,0,,2026-08-19
LED4 1.5x1.6 LTST-C195 P2,1729,1642,550,2.839,false,0,0,,2026-08-19
LGA16-4x4x1.5 0P65 AUTO,12852,13373,1500,171.87,true,0,0,,2026-08-19
LGA64-9x9x1 0P5 PP,9000,9000,1050,81.0,true,0,0,,2026-08-19
DO-214BA,2600,4500,2750,11.7,true,0,0,,2026-08-19
LGA8-2.5x2x.9 0P65 Detrom,2349,2349,900,5.518,false,0,0,,2026-08-19
FCBGA-441 17.2x17.2,17100,17100,2657,292.41,true,0,0,,2026-08-19
NC0603,1550,850,630,1.317,false,0,0,,2026-08-19
SSOP80-0.40-BW:6.1,5700,4600,1900,26.22,true,0,0,,2026-08-19
MODULE 16x12x2.4 AUTO,16750,12450,2500,208.537,true,0,0,,2026-08-19
MODULE 16x12x2.4 NEO-M8U,16300,10350,2500,168.705,true,0,0,,2026-08-19
LED LG Y876 PP,1200,1900,1100,2.28,false,0,0,,2026-08-19
LED LRTB GVTV SERIE,3300,3300,1800,10.89,true,0,0,,2026-08-19
LED-KPD 3224 MECA PP,3200,2400,1000,7.68,false,0,0,,2026-08-19
DSPIC33 CLIENT TEST,4508,4339,550,19.56,true,0,0,,2026-08-19
MT47H64M16NF AUTO,12500,8000,1200,100.0,true,0,0,,2026-08-19
IND2 5.7x5.7x2.9 PP CDRH5,5700,5700,2900,32.49,true,0,0,,2026-08-19
CDRH5 AUTO,8525,6971,2900,59.428,true,0,0,,2026-08-19
TSOP6 PP,3100,1500,1000,4.65,false,0,0,,2026-08-19
SM-LP-5001,12800,7500,7500,96.0,true,0,0,,2026-08-19
SC-74 PP,3100,1500,1000,4.65,false,0,0,,2026-08-19
NC0805,2000,1250,600,2.5,false,0,0,,2026-08-19
CAY16330,15654,12925,450,202.328,true,0,0,,2026-08-19
QFN14-4X4,4000,4000,2200,16.0,true,0,0,,2026-08-19
DFN1006-3 AP AUTO,600,1000,480,0.6,false,0,0,,2026-08-19
XDFN10-2.2x1.5x.45 EMI813,2200,1350,450,2.97,false,0,0,,2026-08-19
SOD123 PP,2600,1500,1150,3.9,false,0,0,,2026-08-19
DBV0006A 3x3x1.4 0P95 Ti,2900,1600,1450,4.64,false,0,0,,2026-08-19
LGA133-15x15x2.8 1P27AUTO,15000,15000,2800,225.0,true,0,0,,2026-08-19
LGA133-15x15x2.8 1P27 PP,15000,15000,2800,225.0,true,0,0,,2026-08-19
NC1206,3200,1600,500,5.12,false,0,0,,2026-08-19
MODULE NETRISK,24030,26040,2540,625.741,true,0,0,,2026-08-19
TSDSON8 FORME AUTO,3300,3300,1000,10.89,true,0,0,,2026-08-19
2220-16,6200,5150,5320,31.93,true,0,0,,2026-08-19
OCL-480 XE650BR-XD-T,5913,4542,1500,26.857,true,0,0,,2026-08-19
IND 4.5X3.2-2.5,3150,2350,2500,7.402,false,0,0,,2026-08-19
IND 4.5x3.2x2.6 74404 PP,3200,3600,2500,11.52,true,0,0,,2026-08-19
LGA16-2.4x2.4x.7 0P5 PP,2400,2400,730,5.76,false,0,0,,2026-08-19
KAAF-3529,2800,3200,1800,8.96,false,0,0,,2026-08-19
KAAF-3529 MECA TEST PP,2800,3200,1800,8.96,false,0,0,,2026-08-19
SOIC16 D PP,9900,3900,1750,38.61,true,0,0,,2026-08-19
VFBGA90-13x8x1 0P8 PP,13000,8000,1000,104.0,true,0,0,,2026-08-19
BGA63-11x9x1 0P8 PP,11000,9000,1000,99.0,true,0,0,,2026-08-19
LED 4 PIN ROBOTEQ APHBM,2150,1450,600,3.118,false,0,0,,2026-08-19
QFN8-1.2x1.4x.5 1-3-1-3,1600,1600,500,2.56,false,0,0,,2026-08-19
ACM7060-301-2PL-TL01,7000,6000,3500,42.0,true,0,0,,2026-08-19
LED 4 PIN APHBM AUTO,2150,1450,600,3.118,false,0,0,,2026-08-19
BGA400-17x17x1.5 0P8 PP,17000,17000,2500,289.0,true,0,0,,2026-08-19
IND OCTO 10x10x3.8 PP 744,10000,10000,3800,100.0,true,0,0,,2026-08-19
74438335220,3000,3000,1500,9.0,true,0,0,,2026-08-19
U PP,7300,6100,4100,44.53,true,0,0,,2026-08-19
QFN20-0.5 H PP,4000,4000,800,16.0,true,0,0,,2026-08-19
VQFN20-4.5x3.5x1 0P5 PP,4500,3500,1000,15.75,true,0,0,,2026-08-19
BGA56-7x4.5x1 0P65 PP,7000,4500,1000,31.5,true,0,0,,2026-08-19
QFN20-3.5x3.5x.9 0P5 PP,3500,3500,900,12.25,true,0,0,,2026-08-19
VFQFN35 5X5x0.9 P0.5,5000,5000,550,25.0,true,0,0,,2026-08-19
UDFN4 1x3 AP AUTO,1000,1000,500,1.0,false,0,0,,2026-08-19
ESD7016MUTAG TK 8 AUTO,14770,10798,500,159.486,true,0,0,,2026-08-19
LED4 1.5x1.6 LTST-C195 PP,1500,1600,550,2.4,false,0,0,,2026-08-19
QFN14- 3.5X3.5 PL 4+10PIN,3500,3500,900,12.25,true,0,0,,2026-08-19
UQFN10 2x1.5x.6 0P5 PPLAT,2000,1500,550,3.0,false,0,0,,2026-08-19
LMZM23601V5SIL Module PP,3100,3700,1420,11.47,true,0,0,,2026-08-19
SOP8 PP 200mil,5230,5280,1950,27.614,true,0,0,,2026-08-19
CON40-10x20 - 502430 PP,10000,1540,800,15.4,true,0,0,,2026-08-19
VFQFN36 6x6x0.9 P0.5,6000,6000,550,36.0,true,0,0,,2026-08-19
QFN32 5.2x5.2x095 0P5 PP,5150,5150,950,26.523,true,0,0,,2026-08-19
CON60-18.1x5.1x2.2 DF12,18100,3600,2200,65.16,true,0,0,,2026-08-19
QZ 7x5x1.6 8PINS Si570,7000,5000,1650,35.0,true,0,0,,2026-08-19
BGA4-.64x.64x.33 0P35 PP,640,640,330,0.41,false,0,0,,2026-08-19
WLCSP4-.78x.78x.3 0P4 PP,780,780,300,0.608,false,0,0,,2026-08-19
QZ 7x5x1.6 6PINS Si530,7000,5000,1650,35.0,true,0,0,,2026-08-19
BGA TWISE CAM,12500,12500,1500,156.25,true,0,0,,2026-08-19
BGA160 MSD7R4DZ1-IC1 AUTO,12500,12500,1500,156.25,true,0,0,,2026-08-19
WDFN8-3.30 X3.30,3382,3512,800,11.878,true,0,0,,2026-08-19
IND4-.65x.5 0P45 NFP0QS,650,500,330,0.325,false,0,0,,2026-08-19
UDFN9-3.8x1x0.55 PP AUTO,3893,1157,500,4.504,false,0,0,,2026-08-19
UDFN9-3.8x1x0.55 PP AUTO1,4032,1345,500,5.423,false,0,0,,2026-08-19
CON60-18x5x2.2 DF123 DP,18100,3600,2200,65.16,true,0,0,,2026-08-19
HUSON3 2X2,12198,11235,620,137.045,true,0,0,,2026-08-19
LED-KPF BI PP,3200,3600,900,11.52,true,0,0,,2026-08-19
QFN44 8x8x0.9 P0.65,8000,8000,900,64.0,true,0,0,,2026-08-19
ABS07 PP,3200,1500,600,4.8,false,0,0,,2026-08-19
XQFN16 2.6x1.8x0.5 P0.4,2976,2976,500,8.857,false,0,0,,2026-08-19
WQFN8-TPS22992RXPR,1500,1250,750,1.875,false,0,0,,2026-08-19
01005-012,400,200,120,0.08,false,0,0,,2026-08-19
WSON6 3X3x0.8 1P0 HDC1080,4400,3000,750,13.2,true,0,0,,2026-08-19
SOT-323_SC-75A PP,1575,750,800,1.181,false,0,0,,2026-08-19
USON8-4x4x.55 0P8 PP,4000,4000,550,16.0,true,0,0,,2026-08-19
DFN20 3.5X4.5-0.9 16+4 PP,3500,4500,900,15.75,true,0,0,,2026-08-19
SON8 5x3x1.1 1P25 PP,5000,3000,1100,15.0,true,0,0,,2026-08-19
LED4 2.4x3.2x2.4 1P4 APBD,2400,3200,2400,7.68,false,0,0,,2026-08-19
LED4 2.4x3.2x2.4 1P4 AUTO,5939,4072,2400,24.184,true,0,0,,2026-08-19
TSSOP8 PP,3150,4200,1200,13.23,true,0,0,,2026-08-19
MELF MMB0207 PP,5800,2200,2200,12.76,true,0,0,,2026-08-19
1206-07 PP fusible,3200,1650,650,5.28,false,0,0,,2026-08-19
SMF DO-219AB PP,1800,2800,980,5.04,false,0,0,,2026-08-19
744764133,3400,2500,2300,8.5,false,0,0,,2026-08-19
DFN8 2x2x.55 0P5 PP,2000,2000,550,4.0,false,0,0,,2026-08-19
WDFN16-4x2 0P5 asym PP,4000,2000,700,8.0,false,0,0,,2026-08-19
QFN72 10x10x.9 0P5 PP LFC,10000,10000,800,100.0,true,0,0,,2026-08-19
SSOP28-0.65-BW:8.0,10000,7000,1900,70.0,true,0,0,,2026-08-19
LED 4 PIN APHBM,2000,1250,450,2.5,false,0,0,,2026-08-19
RELAIS 7X4 PP,22600,2880,1500,65.088,true,0,0,,2026-08-19
SOIC16 10x11x2.6 1P2 DWTi,10300,7500,2500,77.25,true,0,0,,2026-08-19
SOT1202 PP - XSON6-1x1,1000,1000,350,1.0,false,0,0,,2026-08-19
LED4-3.4x3x3.8 LSE63F-EAF,3000,3400,3800,10.2,true,0,0,,2026-08-19
QZ5X3.2 PP X053 2P54,5000,3200,700,16.0,true,0,0,,2026-08-19
CLA4610-085LF,2000,2000,900,4.0,false,0,0,,2026-08-19
B82793,5835,7000,4500,40.845,true,0,0,,2026-08-19
ALUD PP,6600,6600,5800,43.56,true,0,0,,2026-08-19
SO8 PS,5200,5300,2000,27.56,true,0,0,,2026-08-19
MODULE ME910G1-WW,28500,28500,2550,812.25,true,0,0,,2026-08-19
VQFN16 3x3x1 0.5P PP,3000,3000,1000,9.0,true,0,0,,2026-08-19
SOIC16 10x7x2.5 1P2 AduM,10500,7500,2500,78.75,true,0,0,,2026-08-19
VQFN32 5.2x5.2x095 0P5 PP,5150,5150,950,26.523,true,0,0,,2026-08-19
CRM100 AUTO,8525,7128,1180,60.766,true,0,0,,2026-08-19
LED4-3.4x3x3.8-PUCE-LSE63,3400,3100,3800,10.54,true,0,0,,2026-08-19
WLR089U0-I/RM,17200,13500,2800,232.2,true,0,0,,2026-08-19
PowerPAK-1212-8,3000,3000,1040,9.0,true,0,0,,2026-08-19
ADT2-1T,7870,5590,2840,43.993,true,0,0,,2026-08-19
0805-05,1900,1350,500,2.565,false,0,0,,2026-08-19
SON8 2X2-0.75 PP,2000,2000,750,4.0,false,0,0,,2026-08-19
SOIC8 PP H3.3 L5.2,5200,3900,3300,20.28,true,0,0,,2026-08-19
SON8 2X2-0.75 PP AUTO,14727,11322,750,166.739,true,0,0,,2026-08-19
BGA88-11.2x9x3.3 1P0 LTM,11250,9000,3320,101.25,true,0,0,,2026-08-19
QFN 2+6 1.6x1.6x.5 AUTO,1000,1000,500,1.0,false,0,0,,2026-08-19
MODULE NAVOCAP,16750,10450,2360,175.037,true,0,0,,2026-08-19
QFN24-0.5 AUTO,2300,2300,900,5.29,false,0,0,,2026-08-19
QFN32-0.45 PP,4000,4000,900,16.0,true,0,0,,2026-08-19
SSOP24-0.65-BW:6.1,7800,6100,1900,47.58,true,0,0,,2026-08-19
SOP28 PP,18100,8560,3050,154.936,true,0,0,,2026-08-19
XDFN4-1x1x.4 0P65 PP,1000,1000,400,1.0,false,0,0,,2026-08-19
X3DFN2-.62x.32x.28 PP,320,620,290,0.198,false,0,0,,2026-08-19
TSSOP20-0.65 PP,6500,4400,1100,28.6,true,0,0,,2026-08-19
QFN24-0.5 Z PP,4000,4000,900,16.0,true,477,3,0.629,2026-08-19
QFN24 4x4x1+COINS,4000,4000,1000,16.0,true,0,0,,2026-08-19
DFN2-1x1.6x.5 1P1 PP,1000,1600,500,1.6,false,0,0,,2026-08-19
1206-14,3200,1600,1400,5.12,false,0,0,,2026-08-19
SO4-4.55X2.6,2600,4550,2100,11.83,true,0,0,,2026-08-19
LED3.2X.5-1 PP AUTO,5861,3759,1000,22.031,true,0,0,,2026-08-19
IND2 4.4x6.6x2.9 - 744552,4400,4320,2800,19.008,true,0,0,,2026-08-19
MODULE LOCATIS,16702,13395,2140,223.723,true,0,0,,2026-08-19
2220-25 PP HAUTEUR,5700,5000,5370,28.5,true,0,0,,2026-08-19
DFN6 2x3x.75 0P5 PP,2000,3000,800,6.0,false,0,0,,2026-08-19
LQH43,4500,3200,2500,14.4,true,0,0,,2026-08-19
DFN8 3x3x.8 0P5 PP,3000,3000,800,9.0,true,0,0,,2026-08-19
DFN6 2x2x.75 0P5 PP,2000,2000,750,4.0,false,0,0,,2026-08-19
QFN38-7x5x.75 0P5 PP,7000,5000,750,35.0,true,0,0,,2026-08-19
QFN20 4x4x.9 0P5 PP,4000,4000,900,16.0,true,0,0,,2026-08-19
UDFN8-2x3x.55 0P5 PP,2000,3000,550,6.0,false,0,0,,2026-08-19
4257-24 PP,11560,6980,2400,80.689,true,0,0,,2026-08-19
QFN40-0.5,6000,6000,800,36.0,true,0,0,,2026-08-19
CON80-23.1x5.1x2.2 DF12,23100,3600,2200,83.16,true,0,0,,2026-08-19
FH12-30S-0.5SH CON PP,5600,18100,1550,101.36,true,0,0,,2026-08-19
HTSSOP28-10x6.5x1.2 0P65,9700,4400,1200,42.68,true,0,0,,2026-08-19
SMD-6-12.5x9.5,12500,8600,3000,107.5,true,0,0,,2026-08-19
TLVM13660RDL,5000,5460,4000,27.3,true,0,0,,2026-08-19
LP5907UVX-3.0/NOPB,3300,3300,550,10.89,true,0,0,,2026-08-19
EN5339QI,4515,6500,1100,29.348,true,0,0,,2026-08-19
RPM5.0-6.0,12500,12500,3800,156.25,true,0,0,,2026-08-19
C TANTAL,5900,3050,2500,17.995,true,0,0,,2026-08-19
MELF0204 AUTO,3550,1500,1400,5.325,false,0,0,,2026-08-19
LGA52 ENW C9B01,15600,8700,1560,135.72,true,0,0,,2026-08-19
LGA52 ENW C9B01 AUTO,16000,9000,1560,144.0,true,0,0,,2026-08-19
TSSOP8 BW:3 PP LM75BDP,3000,3000,1200,9.0,true,0,0,,2026-08-19
SOD123 POWERDI PP,1780,2800,1000,4.984,false,0,0,,2026-08-19
SOT-323_SC-70_5,2000,1250,900,2.5,false,0,0,,2026-08-19
SOIC16 DW PP - WB ONSEMI,10300,7500,2500,77.25,true,0,0,,2026-08-19
IND4-1x1.25x.3 0P55 PP,1000,1250,300,1.25,false,0,0,,2026-08-19
LCC44 PP,16530,16530,3050,273.241,true,0,0,,2026-08-19
SOT-353-1 PP,1250,2050,600,2.562,false,0,0,,2026-08-19
LGA144-15x15x2.8 1P27AUTO,16840,16840,2800,283.586,true,0,0,,2026-08-19
INDUCTOR 4X4,4000,4000,1770,16.0,true,0,0,,2026-08-19
BFCN-2555+,3200,1600,350,5.12,false,0,0,,2026-08-19
QFN16 3x3x0.85,2976,2937,850,8.741,false,0,0,,2026-08-19
LFCSP8-3X2,3000,2000,800,6.0,false,0,0,,2026-08-19
NFE 31 PP,1600,6600,1600,10.56,true,0,0,,2026-08-19
SOIC8 DWV PP,5850,7500,2800,43.875,true,0,0,,2026-08-19
TO-263-5 KTT PP,10000,9900,4400,99.0,true,0,0,,2026-08-19
P PP Tantal0805-15,2050,1350,1500,2.768,false,0,0,,2026-08-19
SOT-663 PP,1600,1200,500,1.92,false,0,0,,2026-08-19
PQFP148-0.635,26670,26670,3100,711.289,true,0,0,,2026-08-19
DFN8-5x6x.6 1P27 PP MO229,5000,6000,600,30.0,true,0,0,,2026-08-19
FQFP240-0.50,32000,32000,3900,1024.0,true,0,0,,2026-08-19
BGA MSD7R124DZ1 CLIENT,12500,12500,1500,156.25,true,0,0,,2026-08-19
SOT-953 PP,1000,800,370,0.8,false,0,0,,2026-08-19
XSON6 1x1 PP,1000,1000,400,1.0,false,0,0,,2026-08-19
LED4 1210-11 HSMF C118 PU,3200,2700,1100,8.64,false,0,0,,2026-08-19
SFH6156-4,4700,6640,3700,31.208,true,0,0,,2026-08-19
XSON6-1.1x.7x.4 0P4 PP,1100,700,400,0.77,false,0,0,,2026-08-19
DFN14-3x3x.75 0P4 PP,3000,3000,750,9.0,true,0,0,,2026-08-19
VQFN32 5x5x095 0P5 PP,4950,4950,950,24.503,true,0,0,,2026-08-19
TO-277B,3327,6458,1100,21.486,true,1626,28,1.722,2026-08-19
IND 5x5x2,5000,5000,4470,25.0,true,0,0,,2026-08-19
WSON12 4x4x.75 0P5 PP,4000,4000,750,16.0,true,0,0,,2026-08-19
IND2 5x5.7x4.7 LQH55DN,5000,5700,4700,28.5,true,0,0,,2026-08-19
ML865C1-EA ACTIA MODULE,24480,24500,2540,599.76,true,0,0,,2026-08-19
WSON6 2x2x.75 0P65 AUTO,2000,2000,750,4.0,false,0,0,,2026-08-19
FBGA484-23x23x3.2 1P0 PP,23000,23000,3200,529.0,true,0,0,,2026-08-19
VQFN32 5x5x1 0P5 PP,5000,5000,1000,25.0,true,0,0,,2026-08-19
VQFN20-4.5x2.5x1 0P5 PP,4500,2500,1000,11.25,true,0,0,,2026-08-19
QFN16 2.6x1.8x.55 0P4 PP,2600,1800,550,4.68,false,0,0,,2026-08-19
TSSLP-2-20 ESD103 1x06,1000,600,300,0.6,false,0,0,,2026-08-19
VQFN24 5.5x3.5x.9 0P5 RGY,5500,3500,900,19.25,true,0,0,,2026-08-19
IND4 5x4.7x2.3 3P0 DLW5BT,3500,4700,2350,16.45,true,0,0,,2026-08-19
IND4 2.5x3.2x1.9 1P2 ACP3,2500,3200,1900,8.0,false,0,0,,2026-08-19
SS4-20-3.00-LDK AUTO40MOD,19800,4000,3000,79.2,true,0,0,,2026-08-19
BGA42-6x5x1.3 0P8 LTC,6000,5000,1300,30.0,true,0,0,,2026-08-19
WLCSP4-.96x.96x.5 0P5 PP,960,960,500,0.922,false,0,0,,2026-08-19
CC10U-D6X5.4-63V-20P,12677,7755,6000,98.31,true,0,0,,2026-08-19
53261-0571,2200,8000,3400,17.6,true,0,0,,2026-08-19
53261-0371,2200,8000,3400,17.6,true,0,0,,2026-08-19
PQFP128-23.2x17.2x3.4 0P5,20000,14000,2950,280.0,true,0,0,,2026-08-19
UQFN10 1.4X1.8,1400,1800,550,2.52,false,0,0,,2026-08-19
QFN10-2P+3P 1.8X1.3-0.5PL,1400,1800,550,2.52,false,0,0,,2026-08-19
IND4 6x9x5 2P5 PP AUTO,6100,5900,5000,35.99,true,0,0,,2026-08-19
53261-0271,2200,8000,3400,17.6,true,0,0,,2026-08-19
VQFN16 4x4x1 PP,4000,4000,1000,16.0,true,0,0,,2026-08-19
PBGA-304-1.27 CLIENT EASI,31000,31000,1620,961.0,true,0,0,,2026-08-19
BGA UNIQUE TWISE AUTO,13000,13000,1480,169.0,true,0,0,,2026-08-19
QFN28-6x6x.9 0P65 PP,6000,6000,900,36.0,true,0,0,,2026-08-19
WSON6 2X2x0.8 P0.85,2000,2000,750,4.0,false,0,0,,2026-08-19
1812-09,4500,3200,2500,14.4,true,0,0,,2026-08-19
LED4-2.2x2x1.9 ASMB,2000,2200,1900,4.4,false,0,0,,2026-08-19
BGA9-1.9x1.6x.6 0P5 AUTO,2020,2020,600,4.08,false,0,0,,2026-08-19
H.FL-R-SMT AUTO COMPLET,9998,8527,1750,85.253,true,0,0,,2026-08-19
EMI4192MTTAG AUTO,5121,5342,750,27.356,true,0,0,,2026-08-19
53261-0571 AUTO,7898,8460,3400,66.817,true,0,0,,2026-08-19
53261-0471 AUTO,7585,7520,3400,57.039,true,0,0,,2026-08-19
ATP108-TL-H AUTO,9829,6755,1540,66.395,true,0,0,,2026-08-19
1812-05,5174,4569,500,23.64,true,0,0,,2026-08-19
1812-09 MR,4581,3289,500,15.067,true,0,0,,2026-08-19
SOT-723 FL - SOT-9X3 DRT,1000,800,440,0.8,false,848,3,0.354,2026-08-19
QFN126,29000,29000,3400,841.0,true,0,0,,2026-08-19
QFN8X4 ACL420H CLIENTAUTO,7000,7000,1050,49.0,true,0,0,,2026-08-19
QFN32 ACL420H AUTO,5100,5100,1060,26.01,true,0,0,,2026-08-19
UQFN12 2x1.7x.5 0P4 PP,2000,1700,500,3.4,false,0,0,,2026-08-19
LED INVERSE 2x5.8 AM2520Q,2000,2500,2800,5.0,false,0,0,,2026-08-19
LED2 3.6x2.9 JK2835AWT,2900,3600,750,10.44,true,0,0,,2026-08-19
LED3.5X2.8-0.75,3500,2800,750,9.8,true,0,0,,2026-08-19
20033093-50,3300,3300,2650,10.89,true,0,0,,2026-08-19
DFN4 1x1x.55 0P65 Micrel,1000,1000,550,1.0,false,0,0,,2026-08-19
LGA7-3.5x2.65x1.3 VM3000,3500,2650,1300,9.275,true,0,0,,2026-08-19
DEX AUTO,13695,7676,2200,105.123,true,0,0,,2026-08-19
BGA484-19x19x17 0P8 PP,19000,19000,1700,361.0,true,0,0,,2026-08-19
QFN48-9x5x.75 0P5 PP IUHH,9000,5000,750,45.0,true,0,0,,2026-08-19
BGA324-15x15x1.1 P0.8,15000,15000,1200,225.0,true,0,0,,2026-08-19
BGA176 10x10x.6 0P65 IIK,10000,10000,600,100.0,true,0,0,,2026-08-19
BGA20 1.95x1.5x.5 0P4 YFP,1950,1500,500,2.925,false,0,0,,2026-08-19
SOIC24 15x10x2 1P27 PP,15300,7000,1750,107.1,true,0,0,,2026-08-19
APDS-9008-020,1605,1449,550,2.326,false,0,0,,2026-08-19
SOIC24 10X15X2.65,15200,9970,2650,151.544,true,0,0,,2026-08-19
DSN2-1.6X0.8,800,1600,250,1.28,false,0,0,,2026-08-19
IND2 5.5X5.15X2.8,5150,5500,2800,28.325,true,0,0,,2026-08-19
53261-0671 AUTO,7757,10017,3450,77.702,true,0,0,,2026-08-19
KAAF-3529 AUTO,3041,3625,1800,11.024,true,0,0,,2026-08-19
IND4 1x1.25x.5 MCZ1210 PP,1250,1000,500,1.25,false,0,0,,2026-08-19
GAN3R2 3.5X2.13,3500,2130,500,7.455,false,0,0,,2026-08-19
DFN8 1.7x1.5x.55 0P4 PP,1700,1500,500,2.55,false,0,0,,2026-08-19
WQFN24 4x4x.8 0P5 Ti,4000,4000,750,16.0,true,0,0,,2026-08-19
X2SON4-1.1x1.4x.4 DMR,1100,1400,400,1.54,false,0,0,,2026-08-19
UCC21550CDWKR,10350,7400,1750,76.59,true,0,0,,2026-08-19
QZ 3.2x2.5x.75 PP siT8924,3200,2500,700,8.0,false,0,0,,2026-08-19
STMITE FLAT SOD,1900,2950,850,5.605,false,0,0,,2026-08-19
XQFN12 AUTO,1600,700,500,1.12,false,0,0,,2026-08-19
DFN8-3x2x.75 0P5 DDB,3000,2000,700,6.0,false,0,0,,2026-08-19
SO8W,5300,5300,1800,28.09,true,0,0,,2026-08-19
QFN10 1.8x1.4x.5 0P4 PP,1800,1400,550,2.52,false,0,0,,2026-08-19
LQFP100-0.50 PP,14000,14000,1400,196.0,true,0,0,,2026-08-19
DSN2-.435x.23x1.8 0P27 PP,230,435,180,0.1,false,0,0,,2026-08-19
IND4-1.2x2x1.2 0P85 PP,1200,2000,1200,2.4,false,0,0,,2026-08-19
MSOP8 PP,2800,2700,1200,7.56,false,0,0,,2026-08-19
VEML3328,2000,1250,1000,2.5,false,0,0,,2026-08-19
DFN8-3x3x.75 0P65 PP,3000,3000,800,9.0,true,0,0,,2026-08-19
SOT-143 PP,2900,1300,1000,3.77,false,0,0,,2026-08-19
IND2 10x10.7x4 SPM10040,10000,10700,4000,107.0,true,0,0,,2026-08-19
MSOP8 PP ROHM,2900,2800,900,8.12,false,0,0,,2026-08-19
IND2 12x12x6 SRR1260,12500,12500,6000,156.25,true,0,0,,2026-08-19
IND2 12x12x8 SRR1280,12500,12500,8000,156.25,true,0,0,,2026-08-19
LED2-CARRE-LS T67K AUTO,3000,3750,2100,11.25,true,0,0,,2026-08-19
LQFP160-0.65,28000,28000,1400,784.0,true,0,0,,2026-08-19
SO8 6x6x3.3 1P27 ILD206T,5900,3900,3300,23.01,true,0,0,,2026-08-19
SOIC8 6x6x3.3 ILD206T,5900,3900,3300,23.01,true,0,0,,2026-08-19
ESH1PD,6253,3289,1000,20.566,true,0,0,,2026-08-19
STMITE FLAT SOD APP AUTO,1900,2950,850,5.605,false,0,0,,2026-08-19
SC70-3,1250,2100,900,2.625,false,0,0,,2026-08-19
QFN89-10X10,10000,10000,900,100.0,true,0,0,,2026-08-19
QZ 5X3.2 PP XLH536,5000,3200,1100,16.0,true,0,0,,2026-08-19
QFN88-10X10,10000,10000,800,100.0,true,0,0,,2026-08-19
WQFN16 LMH0002SQ-NOPB,5500,4500,800,24.75,true,0,0,,2026-08-19
BUK7M27,3477,3284,860,11.418,true,0,0,,2026-08-19
LBGA196-15x15-1.5,15000,15000,1500,225.0,true,0,0,,2026-08-19
IND2-3x3x2 IHLP1212,3000,3000,2000,9.0,true,0,0,,2026-08-19
POWERPAK SO-8 SINGLE,4942,5913,1060,29.222,true,0,0,,2026-08-19
LED4 KPBD3224 AUTO,3300,2550,2400,8.415,false,0,0,,2026-08-19
BGA LIROC TB,20000,20000,1390,400.0,true,0,0,,2026-08-19
DFN8 3.2x1.5x.8 0P9 PP,3200,1500,800,4.8,false,0,0,,2026-08-19
LGA16-3x3x.9 0P5 pin1 PP,2900,2900,1000,8.41,false,0,0,,2026-08-19
LGA16 3x3x1 0P5 5_3 LIS3D,3000,3000,900,9.0,true,0,0,,2026-08-19
1210-09,3200,2500,900,8.0,false,0,0,,2026-08-19
SI7655ADN,3431,3473,700,11.916,true,0,0,,2026-08-19
SXR4G008,6000,4000,400,24.0,true,0,0,,2026-08-19
SR4G008,7150,2450,400,17.517,true,0,0,,2026-08-19
ISP1807,8020,8020,1090,64.32,true,0,0,,2026-08-19
QFN40-0.4,5000,5000,800,25.0,true,0,0,,2026-08-19
ISP1807 CLIENT,8680,9330,1090,80.984,true,0,0,,2026-08-19
DFN-10 2X1.5-0.4 AUTO,1050,750,350,0.787,false,0,0,,2026-08-19
DFN-10 2X1.5-0.4,2000,1500,350,3.0,false,0,0,,2026-08-19
VQFN16 4x4x1 P0.65 PP,4000,4000,1000,16.0,true,0,0,,2026-08-19
QFN16 4x4x.9 0P65 +4coins,4000,4000,900,16.0,true,0,0,,2026-08-19
HCLGA4 4x3x1 0P85 StM,3000,4000,800,12.0,true,0,0,,2026-08-19
DO-219AD,1200,2300,700,2.76,false,0,0,,2026-08-19
MOD 10x15x2.23 NINA-B302,10000,15000,2230,150.0,true,0,0,,2026-08-19
RR0603,1600,800,460,1.28,false,0,0,,2026-08-19
QZ 2X1.6 x.5 MECA,2000,1600,500,3.2,false,0,0,,2026-08-19
LED2-3.4x3x2.1 - LS T67K,3000,3400,2000,10.2,true,0,0,,2026-08-19
UQFN36 5x5x.55 0P4 PP,5000,5000,550,25.0,true,0,0,,2026-08-19
LED2-3.4x3x2.1 - LS T67F,3550,3100,1860,11.005,true,0,0,,2026-08-19
LED DOM 4.2X4.2-6.8PP,4200,4200,6500,17.64,true,0,0,,2026-08-19
MF-MSMF110 FUS,4550,3240,2000,14.742,true,0,0,,2026-08-19
SOT-763 PP,2900,1500,1000,4.35,false,0,0,,2026-08-19
SC-74A - SOT753 - NEXPERI,2900,1500,1000,4.35,false,0,0,,2026-08-19
SOT-753 - NEXPERIA SC-74A,2900,1500,1000,4.35,false,0,0,,2026-08-19
LGA16 171031801 AUTO ILL,9000,9000,2700,81.0,true,0,0,,2026-08-19
QFN28-4x4x.8 0P5 PP,4000,4000,800,16.0,true,0,0,,2026-08-19
QFN20-5X5-0.8 0P5 PP,5000,5000,800,25.0,true,0,0,,2026-08-19
LED4 0603 APHF PP,1600,800,550,1.28,false,0,0,,2026-08-19
LGA8-2.5x2x.9 0P65 DNF,2500,2000,900,5.0,false,0,0,,2026-08-19
LED4 -X-Y-Z-APHBM-AUTO,2150,1450,600,3.118,false,0,0,,2026-08-19
TPS2051BDGN,2400,1650,1000,3.96,false,0,0,,2026-08-19
LGA14-3X2.5-0.85 PP,2311,2820,850,6.517,false,0,0,,2026-08-19
LED3-3x2x1 couché APA3010,3000,1000,2000,3.0,false,0,0,,2026-08-19
DFN1006-3 CSD F4 YJC,600,1000,480,0.6,false,0,0,,2026-08-19
SO4-4.8x9.5x3.3 2P54 CPC,4800,6300,3300,30.24,true,0,0,,2026-08-19
RPM2.0 12x12x4 2P29 Recom,12200,12200,3800,148.84,true,0,0,,2026-08-19
LED2-1.6x3.2x1.8 DOM-APTD,1600,3200,1860,5.12,false,0,0,,2026-08-19
FUSE-0885 10x4x4 LittleF,10860,4780,4780,51.911,true,0,0,,2026-08-19
BGA16 1.25,13540,6540,1250,88.552,true,0,0,,2026-08-19
SC89-3 PATTES PLUS LARGES,1600,850,700,1.36,false,0,0,,2026-08-19
SC89-3 PP,1600,850,700,1.36,false,0,0,,2026-08-19
SC89-3 PP BAT54CXV,1600,850,700,1.36,false,0,0,,2026-08-19
IND6-6.6x8.2x5.4DA2319AL,17038,16734,5400,285.114,true,0,0,,2026-08-19
WQFN10-2x2x.8 0P5 PP Asym,2000,2000,750,4.0,false,0,0,,2026-08-19
IND2 8x8x4 PP SRN8040,8000,8000,4000,64.0,true,0,0,,2026-08-19
ABS25 PP RESO 8.4x3.8,8400,3800,2500,31.92,true,0,0,,2026-08-19
BGA AUTO 5X5,5020,5020,960,25.2,true,0,0,,2026-08-19
NXJ2 PP,16000,14480,3160,231.68,true,0,0,,2026-08-19
4-SMD,2741,3250,1850,8.908,false,0,0,,2026-08-19
1210-05,3200,2500,2500,8.0,false,334,0,0.0,2026-08-19
IND4-3.2x1.6x1.8 1206 WEE,3300,1650,1800,5.445,false,0,0,,2026-08-19
MODULE LMZ34002RKG,11637,9626,2850,112.018,true,0,0,,2026-08-19
A TANTAL PP,2000,1000,1000,2.0,false,0,0,,2026-08-19
BGA1440 39x39xH 1P0 P,40180,40180,3000,1614.432,true,0,0,,2026-08-19
BGA240-25x25xH 1P27 PP,25000,25000,2500,625.0,true,0,0,,2026-08-19
BGA240-25x25x2 1P27 PP,25000,25000,2000,625.0,true,0,0,,2026-08-19
RR10-3.2x1.6x.5 - YC158,3200,1600,460,5.12,false,0,0,,2026-08-19
NINA-B302 AUTOM,20127,10899,2250,219.364,true,0,0,,2026-08-19
NINA-B302,15000,10899,2250,163.485,true,0,0,,2026-08-19
BGAPC28F,9000,10000,1110,90.0,true,0,0,,2026-08-19
RR0804 PUCE,3200,1600,460,5.12,false,0,0,,2026-08-19
RR0804 PUCE AUTO,3200,1600,460,5.12,false,0,0,,2026-08-19
DFN6 1.2x1,1200,1000,450,1.2,false,0,0,,2026-08-19
1210-06 FUSIBLE,3200,2500,600,8.0,false,0,0,,2026-08-19
DFN8-2x2x.9 0P5 PP,2000,2000,900,4.0,false,0,0,,2026-08-19
SON6 1.45x1x0.6 0P5 DRY,1450,1000,600,1.45,false,0,0,,2026-08-19
LED4-2.8x3.2x1.9 1P5 SFH,2850,3200,1900,9.12,true,0,0,,2026-08-19
SOT-23_5 3x3x.9 0p95 mic,1600,2900,1175,4.64,false,0,0,,2026-08-19
QFN10-2P+3P 2x2x.9 0P65,2100,2100,900,4.41,false,0,0,,2026-08-19
LEDBi 2x1.2x.45 1P5 King,2000,1250,450,2.5,false,0,0,,2026-08-19
1210-16,3200,2500,1600,8.0,false,0,0,,2026-08-19
IND2 8x8x4 PP SRN8040 AU.,11502,9008,4000,103.61,true,0,0,,2026-08-19
LG M676,2400,1350,1300,3.24,false,0,0,,2026-08-19
IND 5X5 TSE050,14988,14203,4610,212.875,true,0,0,,2026-08-19
TSSOP24-PWP 7x6x1P.65 Ti,7800,4400,1200,34.32,true,0,0,,2026-08-19
LED4 SFH4250-Z AUTO,3550,3100,2400,11.005,true,0,0,,2026-08-19
QZ2-5X3.2 PP,5000,3200,1200,16.0,true,0,0,,2026-08-19
G6SU-2F PP,14800,7300,9200,108.04,true,0,0,,2026-08-19
LED DOM 4.2X4.2-6.8 2 PP,4800,4300,6800,20.64,true,0,0,,2026-08-19
QFN 4X4 SEFRAM1800-Z01 2,4168,4284,1620,17.856,true,0,0,,2026-08-19
MELF0204 SMM0040C2613FB30,3650,1550,1400,5.657,false,0,0,,2026-08-19
R TANTAL POINTU 20H,6200,6000,2000,37.2,true,0,0,,2026-08-19
BGA153 8x8x.9 0P5 AUTO FA,7460,8045,1290,60.016,true,0,0,,2026-08-19
LED3.5x2.8x1.75,3500,2800,1750,9.8,true,0,0,,2026-08-19
LGA8-3x2.8x1.5 0P69 SIL,3000,2800,1500,8.4,false,0,0,,2026-08-19
LED2 1210-18 HSMC A101,6331,5091,1800,32.231,true,0,0,,2026-08-19
APF3236LSEEZGKQBKC,3524,3132,1100,11.037,true,0,0,,2026-08-19
TDFN6 2x2x0.75 P0.95,2000,2000,750,4.0,false,0,0,,2026-08-19
PBRC8.00HR50X000,2898,5913,1900,17.136,true,0,0,,2026-08-19
VQFN16 4x3.5x.9 0P5 PP,4000,3500,900,14.0,true,0,0,,2026-08-19
VQFN-15-HR 2.6x3.1x.9 MY,2600,3054,900,7.94,false,0,0,,2026-08-19
LGA10-2x2x1 0P45 PP AGMV,2000,2000,1000,4.0,false,0,0,,2026-08-19
LGA10-2x2x1 0P45 detromp,2000,2000,1000,4.0,false,0,0,,2026-08-19
LGA10-2x2x1 0P45,2000,2000,1000,4.0,false,0,0,,2026-08-19
MODULE-3C 11x9 RN4870,7500,9000,2100,67.5,true,0,0,,2026-08-19
ABS07 PP AUTO,3300,1600,600,5.28,false,0,0,,2026-08-19
BGA84-15x9x4.2 1P27,15000,9000,4200,135.0,true,0,0,,2026-08-19
QFN16 2+14 3x3x1.1 0P5,3000,3000,1100,9.0,true,0,0,,2026-08-19
QZ6 2.5X2X1 0P9625 ASG2,2500,2000,1000,5.0,false,0,0,,2026-08-19
BGA84-15x9x4.2 1P27 AUTO,16340,10000,4200,163.4,true,0,0,,2026-08-19
QFN10- MP3437GRPALPES AUT,3500,2690,500,9.415,true,0,0,,2026-08-19
H.FL-R-SMT AUTO,5057,4540,1750,22.959,true,0,0,,2026-08-19
IND 15x15x4.3P,15000,15000,4300,225.0,true,0,0,,2026-08-19
SOP16 10x8x2 1P27 Ti,10200,5300,2000,54.06,true,0,0,,2026-08-19
SOIC18 DW,10500,7500,2500,78.75,true,0,0,,2026-08-19
BGA133-15x15x4.32 1P27 LT,15000,15000,4320,225.0,true,0,0,,2026-08-19
TSSOP24 PW PP,7800,4400,1200,34.32,true,0,0,,2026-08-19
LGA133-15x15x4.3 1P27 PP,15000,15000,4300,225.0,true,0,0,,2026-08-19
VQFN11 2x2x1 0P5 RWL Ti,2507,2976,1000,7.461,false,0,0,,2026-08-19
LGA133 HORIBA LTM4613 AUT,15000,15000,4300,225.0,true,0,0,,2026-08-19
QFN24 4x2 PP,4000,2000,450,8.0,false,0,0,,2026-08-19
MODULE 15X18.5X2.40 HL78,18527,15826,2400,293.208,true,0,0,,2026-08-19
SON8 5x3x1.1 1P25 PP detr,5000,3000,1100,15.0,true,0,0,,2026-08-19
IND4 1.6x3.2x1.85 MECA 74,1600,3200,1900,5.12,false,0,0,,2026-08-19
DFN8-3x2.6x1.5 0P65 LMZ10,3000,2600,1500,7.8,false,0,0,,2026-08-19
QFN56-0.5 Z PP,6900,6900,800,47.61,true,0,0,,2026-08-19
QFN56-0.5 MC33FS8405ACTIA,6900,6900,800,47.61,true,0,0,,2026-08-19
MODULE MC... ACTIA,16986,13239,2070,224.878,true,0,0,,2026-08-19
VQFN12-3x2x.85 0P65P5 HR,3000,2000,850,6.0,false,0,0,,2026-08-19
DPAK AUTO FDD86367,13930,7363,4400,102.567,true,0,0,,2026-08-19
QZ 7.5x5.2x1.4 4pins PP,7200,5000,1300,36.0,true,0,0,,2026-08-19
MODULE 25.5X25.6 SC145-ES,25585,25655,3490,656.383,true,0,0,,2026-08-19
IPT007N06N,16751,11515,4400,192.888,true,0,0,,2026-08-19
WSON8 5x6x.75 1P27,5000,6000,750,30.0,true,0,0,,2026-08-19
DCK 2.4x2.1x1 0P65 Ti,1250,2150,1000,2.688,false,0,0,,2026-08-19
DFN8-1.95x1x.4 0P5 PP,1950,1000,400,1.95,false,0,0,,2026-08-19
TDFN6 1.5X1.2,1200,1500,750,1.8,false,0,0,,2026-08-19
VQFN16 HR,4423,3500,900,15.48,true,0,0,,2026-08-19
SOIC8,4810,3980,1750,19.144,true,0,0,,2026-08-19
SOT-563 PP,1600,1200,550,1.92,false,0,0,,2026-08-19
BGA516-20x20x1.39 WEEROC,20000,20000,1390,400.0,true,0,0,,2026-08-19
DO-221AC,2500,5000,980,12.5,true,0,0,,2026-08-19
QFN28-5x5x.8 PP,5000,5000,800,25.0,true,0,0,,2026-08-19
BGA672-26x26-1.0 PP,27000,27000,2150,729.0,true,0,0,,2026-08-19
LGA16 AUTO ILL MCCV3 2,12912,9870,2700,127.441,true,0,0,,2026-08-19
SOD323 PP DIODE,1300,1600,1000,2.08,false,0,0,,2026-08-19
LGA14 3x5 ADXL345,5340,3340,800,17.836,true,0,0,,2026-08-19
TSLP-3-7 - .6x1x.4 SON3,600,1000,480,0.6,false,0,0,,2026-08-19
RR0804 EXB28 PUCE,2000,1000,350,2.0,false,0,0,,2026-08-19
VFQFN20 PP,3000,3000,900,9.0,true,0,0,,2026-08-19
LGA16-9x9x2.7 1P5 Detromp,8970,8970,2700,80.461,true,0,0,,2026-08-19
BGA144-16x16x5 1P27,16000,16000,5000,256.0,true,0,0,,2026-08-19
IND2 3x3x1.1 XFL3010,3000,3000,1100,9.0,true,0,0,,2026-08-19
SOD882,600,1000,370,0.6,false,0,0,,2026-08-19
POWER-TRANSISTOR,10000,11000,720,110.0,true,0,0,,2026-08-19
XSON6-1.45x1x.5 0P6 PP,1450,1000,500,1.45,false,0,0,,2026-08-19
1007-18 PP,3132,1527,2500,4.783,false,0,0,,2026-08-19
1205-05 PP,3172,1175,1100,3.727,false,0,0,,2026-08-19
SOIC8 5x4x1.7 1P27 DDA Ti,4900,3900,1750,19.11,true,0,0,,2026-08-19
SMC PP AUTO ES3D,13099,6460,2500,84.62,true,0,0,,2026-08-19
SMLP39 LED6,1600,1600,180,2.56,false,0,0,,2026-08-19
BGA49-6.2x6.2x3.9 0P8 PP,6000,6200,3900,37.2,true,0,0,,2026-08-19
WSON12 CPPM AUTO,1500,1500,900,2.25,false,0,0,,2026-08-19
POINT TEST,1600,800,1160,1.28,false,0,0,,2026-08-19
TSSOP20 6x6x1.2 0P65 RU,6500,4400,1200,28.6,true,0,0,,2026-08-19
1206-06,3200,1600,600,5.12,false,0,0,,2026-08-19
IND6-6.6x8.2x5.4 1P85 DA2,6600,5600,5400,36.96,true,0,0,,2026-08-19
POWERFLAT8 5X6 PP,5090,6187,960,31.492,true,0,0,,2026-08-19
2318-16,7000,4100,1640,28.7,true,0,0,,2026-08-19
SR4L002,8500,35000,3300,297.5,true,0,0,,2026-08-19
SO8,4900,3900,1550,19.11,true,0,0,,2026-08-19
SOIC8-D 5x6x1.75 1P27,4900,3900,1750,19.11,true,0,0,,2026-08-19
SOIC8-N 5x4x1.5 1P27,4900,3900,1500,19.11,true,0,0,,2026-08-19
QZ3.2X2.5 3,3200,2500,1000,8.0,false,0,0,,2026-08-19
QZ7X5 6 PP,7000,5000,1650,35.0,true,0,0,,2026-08-19
LQFP44-13X13,13650,13650,1400,186.322,true,0,0,,2026-08-19
LQFP44-0.80,10000,10000,1400,100.0,true,0,0,,2026-08-19
PHOTODIODE,2193,4151,2770,9.103,true,0,0,,2026-08-19
WQFN16 2.4x2.4,2400,2400,730,5.76,false,0,0,,2026-08-19
UDFN6 1.5X1.5 PP,1500,1500,600,2.25,false,0,0,,2026-08-19
ADPL12010AFOB,3720,3485,1000,12.964,true,0,0,,2026-08-19
MSOP10 3x3x1 0P5,3000,3000,1100,9.0,true,0,0,,2026-08-19
1206-16 PP,3200,1600,1600,5.12,false,0,0,,2026-08-19
QZ 2X1.6X.8 PP,2000,1600,840,3.2,false,0,0,,2026-08-19
QZ2.5X2X1 6 PP,2500,2000,1000,5.0,false,0,0,,2026-08-19
DBV 3x3x1.1x0P95 Ti,2900,1600,1000,4.64,false,0,0,,2026-08-19
SO8-SW-6.2x8x2.3-GDH04S04,6200,6200,2310,38.44,true,0,0,,2026-08-19
TFQFN8 2X2 PP,2000,2000,1000,4.0,false,0,0,,2026-08-19
SOT-223-5 6x7x1 1P27 DCQ,6500,3500,1700,22.75,true,0,0,,2026-08-19
BGA2597-52x52 coins,52500,52500,7100,2756.25,true,0,0,,2026-08-19
BGA2397-50x50x6 INTERPOSE,50000,50000,6000,2500.0,true,0,0,,2026-08-19
TSSOP64 17x8x1 P.5 DGG Ti,17000,6100,1100,103.7,true,0,0,,2026-08-19
PG-TSSOP38 6x9x5P.5 Infin,9700,4400,5000,42.68,true,0,0,,2026-08-19
IND2 6x6x4.5 74404064220,6000,6000,4500,36.0,true,0,0,,2026-08-19
1909763-1-MYT,2937,2976,950,8.741,false,0,0,,2026-08-19
SOP8 PowerPAD,5300,6000,1700,31.8,true,0,0,,2026-08-19
PHOTODIODE DIODE,2300,2300,2770,5.29,false,0,0,,2026-08-19
TPSM33615RDNR,4500,3500,1000,15.75,true,0,0,,2026-08-19
TQFP48-0.50,7000,7000,1000,49.0,true,0,0,,2026-08-19
QZ3 1.3x3.2x.7 CSTNE MECA,1300,3200,700,4.16,false,0,0,,2026-08-19
SPCAP-FD 7.3x4.3x1.1 Pana,7300,4300,1100,31.39,true,0,0,,2026-08-19
TQFP44-0.80,10000,10000,1000,100.0,true,0,0,,2026-08-19
SON8-3x3x1 0P65 PP,3000,3000,100,9.0,true,0,0,,2026-08-19
VSON10 3x3x1 0P5 PP,3000,3000,900,9.0,true,0,0,,2026-08-19
SPCAP-FD 7.3x4.4x1.1 Pana,7200,4400,1100,31.68,true,0,0,,2026-08-19
BGA2597-52x52 coins AUTO,53020,52020,7100,2758.1,true,0,0,,2026-08-19
SOT-723 PP AP AUTO,1200,800,500,0.96,false,0,0,,2026-08-19
LGA MP28164,3000,2100,860,6.3,false,0,0,,2026-08-19
ANT4-0805 LGA DEA202450,2000,1250,800,2.5,false,0,0,,2026-08-19
FS1006-3300-AL,3300,3300,1350,10.89,true,0,0,,2026-08-19
LQFP128-14x14x1.6 0P4 PP,14000,14000,1600,196.0,true,0,0,,2026-08-19
QFN32 5x5x05 + COIN,4895,4855,500,23.765,true,0,0,,2026-08-19
FBGA48-6x8x1.2,8000,6000,1200,48.0,true,0,0,,2026-08-19
LFBGA169-12x12xX 0P8 PP,12000,12000,2500,144.0,true,0,0,,2026-08-19
ANT01 0603-04,800,1600,400,1.28,false,0,0,,2026-08-19
SOIC4 PP,2600,4400,2000,11.44,true,0,0,,2026-08-19
ANT4-0805 DEA202450 AUTO,2050,1450,800,2.973,false,0,0,,2026-08-19
WQFN16 4x4x.8 0P5 PP,4000,4000,750,16.0,true,0,0,,2026-08-19
WLCSP9-1.6x1.76x.5 0P5 BG,1600,1760,500,2.816,false,0,0,,2026-08-19
WLCSP9-1.6x1.76x.5 0P5_A,2000,2000,500,4.0,false,0,0,,2026-08-19
WLCSP9-1.6x1.76x.5 0P5 A,2000,2000,500,4.0,false,0,0,,2026-08-19
LED2-3x1 CouchéeEASV3020,3000,1200,1000,3.6,false,0,0,,2026-08-19
DFN6 1.2x1x.5 0P4 ONSEMI,1200,1000,500,1.2,false,0,0,,2026-08-19
XDFN8 1.6x1.2x.37 0P4 ON,1600,1200,375,1.92,false,0,0,,2026-08-19
QFN12 3x3x.75 0P5 ACPZ,3000,3000,750,9.0,true,0,0,,2026-08-19
BGA24-8x6x1 AUTO,8000,6000,1000,48.0,true,0,0,,2026-08-19
QZ 2X1.6 x.5 AUTO,2150,1800,500,3.87,false,0,0,,2026-08-19
RN8-0508-2X1.2,1253,1958,300,2.453,false,0,0,,2026-08-19
TPSM82810SILR,2937,3916,2400,11.501,true,0,0,,2026-08-19
SO4-3.6x7x2.1x2P54 PP,3600,5300,2100,19.08,true,0,0,,2026-08-19
DFN6 1x1.45x.5 0P5 PP,1500,1000,500,1.5,false,0,0,,2026-08-19
SON8 4x4x.75 0P8 DRJ,4000,4000,750,16.0,true,0,0,,2026-08-19
IND4 2.5x3.2x2ACP3225 MEC,2500,3200,1900,8.0,false,0,0,,2026-08-19
QSOP16 4x6x1.5 0P6,4890,3900,1550,19.071,true,0,0,,2026-08-19
BGA165 15x13x1.5 1P0 GSI,15000,13000,1500,195.0,true,0,0,,2026-08-19
IND4-4.8x4.8x2.8 SRR4028,4800,4800,3000,23.04,true,0,0,,2026-08-19
LGA35-11.3x6.3x2.8 1P27,11250,6250,2800,70.312,true,0,0,,2026-08-19
7447709100,12000,12000,3940,144.0,true,0,0,,2026-08-19
BGA2597-52x52x7.1 S10-F23,52500,52500,4000,2756.25,true,0,0,,2026-08-19
LED2-1.7x.8x.65 LG L29K,800,1300,950,1.04,false,0,0,,2026-08-19
TC124 2x1x.4 0P5 Yageo,1000,2000,500,2.0,false,0,0,,2026-08-19
DFN6 3x3x.75 0P95 MAXIM,3000,3000,750,9.0,true,0,0,,2026-08-19
LED2 AUTOL29K,1800,900,950,1.62,false,0,0,,2026-08-19
SS4-50-3.00-L-D-KAUTO 2OK,19800,4000,3000,79.2,true,0,0,,2026-08-19
SS4-50-3.00-L-D-K AUTOMOD,19800,4000,3000,79.2,true,0,0,,2026-08-19
ST4-50-1.50-L-D-P,19800,3700,3580,73.26,true,0,0,,2026-08-19
SMA PP CD214A AUTO,8233,7132,2500,58.718,true,0,0,,2026-08-19
PDAC80516YBHT,2700,2700,700,7.29,false,0,0,,2026-08-19
BGA60-3.3x3.3x0.55,3000,3000,550,9.0,true,0,0,,2026-08-19
DFN8 5x3x.95 1P25-l=2.95,5000,3000,950,15.0,true,0,0,,2026-08-19
SMD-2,2311,3094,900,7.15,false,0,0,,2026-08-19
HT437NMW-S1.0 MICROPHONE,5800,3000,1000,17.4,true,0,0,,2026-08-19
IND 12x12x6 74477110 PP,12000,12000,7560,144.0,true,0,0,,2026-08-19
IND 12x10x5,10000,12700,5000,127.0,true,0,0,,2026-08-19
IND-2 12x10x5 7P6,10000,12700,5000,127.0,true,0,0,,2026-08-19
SSOP24 DBQ PP AUTO,8950,3350,1750,29.983,true,0,0,,2026-08-19
QFN44-5x5x.75 0P4 LUMISSI,5000,5000,800,25.0,true,0,0,,2026-08-19
MODULE 25.49X18 ESP32WROM,18000,25490,3110,458.82,true,0,0,,2026-08-19
SS4-40-3.00-LDK AUTO50MOD,19800,4000,3000,79.2,true,0,0,,2026-08-19
IND2 4x4.5x3.2 NPI43C,4000,4500,3200,18.0,true,0,0,,2026-08-19
IND2 3x3.5x2.1 NPI32C,3000,3500,2100,10.5,true,0,0,,2026-08-19
IND2 5.2x5.8x4.5 NPI54C,5200,5800,4500,30.16,true,0,0,,2026-08-19
IND2 5.2x5.8x2 NPI52C,5200,5800,2100,30.16,true,0,0,,2026-08-19
5930-09 PP,15000,7750,4200,116.25,true,0,0,,2026-08-19
QFN14-3.2x2.5x.9 0P5 8+6,3200,2500,900,8.0,false,0,0,,2026-08-19
QFN32-5x5x0.9 0P5 PP,5000,5000,900,25.0,true,0,0,,2026-08-19
DHVQFN16 74HC595BZX,2000,2400,850,4.8,false,0,0,,2026-08-19
SOIC8 8X5,5050,6200,1500,31.31,true,0,0,,2026-08-19
Install-8x8mm,8000,8000,900,64.0,true,0,0,,2026-08-19
QFN32-5x5x.9 0P5detrompNX,5000,5000,900,25.0,true,0,0,,2026-08-19
QFN32-5x5x0.9 0P5 PP AUTO,5580,5580,900,31.136,true,0,0,,2026-08-19
QFN16 3x3x.9 0P5 detrpUMS,3000,3000,900,9.0,true,0,0,,2026-08-19
Install-8x8mm-CO,8000,8000,900,64.0,true,0,0,,2026-08-19
LGA8-3x3x1.5 Module 8 SIL,3000,2800,1530,8.4,false,0,0,,2026-08-19
DFN5-5x6-CASE 488AA ISS N,4900,5800,950,28.42,true,0,0,,2026-08-19
V KEMET,7300,4300,1800,31.39,true,0,0,,2026-08-19
QFN14 2x2x.4 10+4 0P4 RUC,2000,2000,400,4.0,false,0,0,,2026-08-19
IND4 5x5x5 BLT5B,5000,5000,5000,25.0,true,0,0,,2026-08-19
Install-8x8mm-mech,8000,8000,900,64.0,true,0,0,,2026-08-19
fineTune,32100,32100,150,1030.41,true,0,0,,2026-08-19
SMC 403AC PP,5900,6900,2250,40.71,true,0,0,,2026-08-19
SOT-553 -SOT5X3 DRL,1600,1200,550,1.92,false,0,0,,2026-08-19
LGA4-3x3x.9 0P9 MS5637,3000,3000,900,9.0,true,0,0,,2026-08-19
DFN6 3x3x1.1 1P DECALE,3700,3000,1100,11.1,true,0,0,,2026-08-19
Install-32x32mm,32100,32100,150,1030.41,true,0,0,,2026-08-19
HydraToolPipe,4000,4000,0,16.0,true,0,0,,2026-08-19
SO16 TLP521-4SM,19800,6500,3850,128.7,true,0,0,,2026-08-19
QFN36 7x4x.75,7000,4000,750,28.0,true,0,0,,2026-08-19
IND4-0603L PP,1567,822,1100,1.288,false,0,0,,2026-08-19
TQFP100-0.40,12000,12000,1000,144.0,true,0,0,,2026-08-19
TDFN6 0.75 PP,3000,3000,750,9.0,true,0,0,,2026-08-19
DFN8 3x2x.55 0P5 PP,3000,2000,550,6.0,false,0,0,,2026-08-19
SOIC14 WB,10300,7500,1750,77.25,true,0,0,,2026-08-19
IND SNR3015 3x3x1.5 PP,3000,3000,1500,9.0,true,0,0,,2026-08-19
SOT-23_5 PP,2900,1600,1000,4.64,false,3831,62,1.618,2026-08-19
SFV-R,13900,4200,1800,58.38,true,0,0,,2026-08-19
LED3 3.45x3.45x2.26 XP-E2,3450,3450,2260,11.902,true,0,0,,2026-08-19
IHLP PP,3600,3600,2000,12.96,true,0,0,,2026-08-19
SWITCH MCTA31R3,4500,3200,1400,14.4,true,0,0,,2026-08-19
MCTA3,4000,4000,900,16.0,true,0,0,,2026-08-19
LED2-CUBE-4x4x3.8 2P54 PP,3800,4000,4000,15.2,true,0,0,,2026-08-19
LGA6-1x1x.4 NJG1143UA2,1000,1000,400,1.0,false,0,0,,2026-08-19
DFN8-4.7x3x1 1P25 MS5611,4700,3000,1000,14.1,true,0,0,,2026-08-19
CLGA16-5x5,5000,5000,1700,25.0,true,0,0,,2026-08-19
MODULE EM2130H01QI,17000,11000,6800,187.0,true,0,0,,2026-08-19
Connecteur-MYCRONIC,15500,4200,1850,65.1,true,0,0,,2026-08-19
DO-219AB,1700,3500,2750,5.95,false,0,0,,2026-08-19
MELF MMU 0102 PP,2060,1150,1040,2.369,false,0,0,,2026-08-19
LGA20-15.5x15.5x6.3 SAM80,19140,15999,6300,306.221,true,0,0,,2026-08-19
RCS TEST POINT AUTO,3450,1700,1300,5.865,false,0,0,,2026-08-19
UFQFN48-0.5 PP,7000,7000,550,49.0,true,0,0,,2026-08-19
QFN48-6X6X0.9,6000,6000,900,36.0,true,0,0,,2026-08-19
LGA50 11.3x9x2.8 1P27 LTM,11250,9000,2800,101.25,true,0,0,,2026-08-19
QFN48-6X6X0.5 0P4 UQFN,6000,6000,500,36.0,true,0,0,,2026-08-19
DFN6 3x3x.85 0P95 RY STMI,3000,3000,750,9.0,true,0,0,,2026-08-19
UDFPN12 3x3x.55 0P5 STMIC,3000,3000,550,9.0,true,0,0,,2026-08-19
DHVQFN16 3.5x2.5x1 P0.5,3500,2500,1000,8.75,false,0,0,,2026-08-19
SOD962 DSN0603-2 NXP,300,600,300,0.18,false,0,0,,2026-08-19
HSMH-C170,2000,1250,900,2.5,false,0,0,,2026-08-19
LGA16 AUTO ILL MCCV3,12912,9870,2700,127.441,true,0,0,,2026-08-19
QFN20-0.5 Z PP,4000,4000,850,16.0,true,0,0,,2026-08-19
VEML6030,2000,2000,800,4.0,false,0,0,,2026-08-19
WSON8 6x8x.75 1P27,6000,8000,750,48.0,true,0,0,,2026-08-19
RCS TEST POINT,3200,1600,1300,5.12,false,0,0,,2026-08-19
LGA54-22x17,17000,22000,2400,374.0,true,0,0,,2026-08-19
LTST-FC12WEGBD-5A,1200,1200,400,1.44,false,497,16,3.219,2026-08-19
UQFN12 1.8X1.8 PP,2000,1700,500,3.4,false,0,0,,2026-08-19
R0402-03,1000,500,300,0.5,false,34171,149,0.436,2026-08-19
R0201-02,630,330,230,0.208,false,0,0,,2026-08-19
WSON10-2x2x.75 0P4 PP,2000,2000,750,4.0,false,0,0,,2026-08-19
R0603-04,1550,850,450,1.317,false,14664,71,0.484,2026-08-19
RR EXB2HV,3800,1600,460,6.08,false,0,0,,2026-08-19
LED4-1x1x.25 SML-LX0404,1000,1000,250,1.0,false,0,0,,2026-08-19
LED2-0805-.7 LargeurPad1,2000,1200,700,2.4,false,0,0,,2026-08-19
BGA196-15x15x1.5 1P0 FTGB,15000,15000,1500,225.0,true,0,0,,2026-08-19
TDFN6-3X3 PP,3000,3000,750,9.0,true,0,0,,2026-08-19
SOT-666 PP,1600,1200,500,1.92,false,0,0,,2026-08-19
R0805-05,1900,1350,500,2.565,false,160,0,0.0,2026-08-19
SOT-666 MECA,1600,1200,500,1.92,false,0,0,,2026-08-19
BGA 100 13x11x1.4,11650,13600,1410,158.44,true,0,0,,2026-08-19
R1206-05,3200,1600,550,5.12,false,0,0,,2026-08-19
R1210-06,3200,2500,600,8.0,false,0,0,,2026-08-19
QZ6X3.6x1.2 ABMM2,6000,3600,1200,21.6,true,0,0,,2026-08-19
DFN8 1.5x1.5x.45 MLP8 SKY,1500,1500,450,2.25,false,0,0,,2026-08-19
DFN8-5x6x.8 1P27 PP MFF2,5000,6000,800,30.0,true,0,0,,2026-08-19
DFN32 12x3x1.85 0P65 RDM,12000,3000,800,36.0,true,0,0,,2026-08-19
LED COUCHER LTST PP,1214,3681,1000,4.469,false,0,0,,2026-08-19
SOP16 BSJ ONSEMI,10200,5300,2100,54.06,true,0,0,,2026-08-19
BGA100-9x9x1.1 0P8 VSC822,9000,9000,1100,81.0,true,0,0,,2026-08-19
C0402-05,1000,600,500,0.6,false,51044,194,0.38,2026-08-19
BM29B-2DP-2-0.35V,1810,910,410,1.647,false,0,0,,2026-08-19
C0603-08,1550,850,800,1.317,false,10658,46,0.432,2026-08-19
SOT-323_UFM TOSHIBA,2000,1700,700,3.4,false,0,0,,2026-08-19
C0805-1.25,1900,1350,1250,2.565,false,810,3,0.37,2026-08-19
BGA144-16x16sureleve ITAN,16000,16000,7000,256.0,true,0,0,,2026-08-19
QFN30-4.5x2.5x.8 0P5 RNH,4500,2500,800,11.25,true,0,0,,2026-08-19
MODULE EN6362QI,8000,8000,3000,64.0,true,0,0,,2026-08-19
C0805-1.25 AUTO,1900,1350,1250,2.565,false,454,0,0.0,2026-08-19
C1206-1.4,3200,1600,1400,5.12,false,869,0,0.0,2026-08-19
C1210-2.5,3200,2500,2500,8.0,false,0,0,,2026-08-19
DFN-10 3x3x0.8 P0.5 PP 2,2100,2500,900,5.25,false,0,0,,2026-08-19
DHVQFN14 3x2.5x1 P0.5,2976,2507,850,7.461,false,0,0,,2026-08-19
SO6-CNY17F-3X007 PP,7300,6500,4100,47.45,true,0,0,,2026-08-19
SOT-323_SC-70_6,2000,1250,900,2.5,false,0,0,,2026-08-19
G6K-2F,10000,6500,5200,65.0,true,0,0,,2026-08-19
IND4 2.5x3.2x1.9 ACP2510A,2500,3200,1900,8.0,false,0,0,,2026-08-19
IND4 2.5x3.2x2 ACP3225SIL,3200,2500,1900,8.0,false,0,0,,2026-08-19
IND4 2.5x3.2x1.9 ACP3225,2500,3200,1900,8.0,false,0,0,,2026-08-19
SOP4 6x4x2 2P5 PhotoGU,4300,4400,2000,18.92,true,0,0,,2026-08-19
ALUF 35TXV100M8X10.5,8000,8000,10200,64.0,true,0,0,,2026-08-19
UFQFN28 4x4x.55 0P5,4000,4000,550,16.0,true,0,0,,2026-08-19
ALUB PP,4300,4300,5500,18.49,true,0,0,,2026-08-19
ALUB 6.8X6.8-5.9 PP,6750,6850,7600,46.237,true,0,0,,2026-08-19
QFN12-3x3x075 0P5 ACS711,3000,3000,750,9.0,true,0,0,,2026-08-19
SO6-ACPL-W61L BROADCOM,5850,6800,3180,39.78,true,0,0,,2026-08-19
BGA S13361,17800,17800,1350,316.84,true,0,0,,2026-08-19
MOD36-14x10x2.2,14000,10000,2200,140.0,true,0,0,,2026-08-19
QFN12 3x3x.8 0P5 LHA DETR,1800,1800,950,3.24,false,0,0,,2026-08-19
ALUF PP,8000,8000,10290,64.0,true,0,0,,2026-08-19
IND2 1210x2.2 74476420,2500,3200,2200,8.0,false,0,0,,2026-08-19
WDFN8-2.2x2x.75 EMI2124MT,2200,2000,750,4.4,false,0,0,,2026-08-19
DGV24 PP,5000,4400,1200,22.0,true,0,0,,2026-08-19
MSBL4 6x7x1.4 5P10 Diodes,6600,7300,1400,48.18,true,0,0,,2026-08-19
WSON6 2x2x.75 0P65 DRV,2000,2000,750,4.0,false,0,0,,2026-08-19
MINI-JACK4_3x3_73412-0110,2600,2600,1900,6.76,false,0,0,,2026-08-19
MINI-JACK4 73412-0110AUTO,6821,6504,1900,44.364,true,0,0,,2026-08-19
SIT1630AI...,2150,1350,500,2.902,false,0,0,,2026-08-19
DFN12-4x4x.9 0P5 DNT,4000,4000,900,16.0,true,0,0,,2026-08-19
DFN8- SIL-- MODULE,3500,3500,1750,12.25,true,0,0,,2026-08-19
DFN16-8.7x12.7x4 1P27 PP,12700,8700,4000,110.49,true,0,0,,2026-08-19
FBGA672-27x27x2.6 TEST,27000,27000,2600,729.0,true,0,0,,2026-08-19
TDFN8 2x2x.75 0P65 Maxim,2000,2000,750,4.0,false,0,0,,2026-08-19
MSOP8 3x5x1.1 0P65 AnDev,3000,3000,1100,9.0,true,0,0,,2026-08-19
SO4 2.6x4.9x1.8 1P27,2650,4450,1800,11.793,true,0,0,,2026-08-19
LGA86 11X7.3 SIL,11000,7300,700,80.3,true,387,9,2.326,2026-08-19
US8 PP,2000,2300,900,4.6,false,0,0,,2026-08-19
BGA121-15x15x4.9 1P27 PP,15000,15000,4920,225.0,true,0,0,,2026-08-19
DFN-8 4X4,4100,4100,1000,16.81,true,0,0,,2026-08-19
M6032C,6800,3200,2500,21.76,true,0,0,,2026-08-19
RL250 6x6x1 CSS2725 Stack,6800,6450,800,43.86,true,0,0,,2026-08-19
QZ 7x5x1.2 6PINS Si560,7000,5000,1300,35.0,true,0,0,,2026-08-19
ANT44-34x14x2.5 1P45 asy,37000,14700,2500,543.9,true,0,0,,2026-08-19
ANT44-34x14x2.5 1P45 MECA,34200,14700,2500,502.74,true,0,0,,2026-08-19
QZ7X5 1.8 PP,7000,5000,1800,35.0,true,0,0,,2026-08-19
SO4 TLP 3.7x7x2.1 2P54 To,3700,4550,2100,16.835,true,0,0,,2026-08-19
SOD323-SZMM 1.2x2.5x1 Nex,1250,1700,1000,2.125,false,0,0,,2026-08-19
DSBGA9 1x1x.6 0P5 TPS Ti,1236,1336,625,1.651,false,0,0,,2026-08-19
Install-IC1K-68RD-1.27SF,6000,47460,3300,284.76,true,0,0,,2026-08-19
VSSOP 8,2900,2900,1100,8.41,false,0,0,,2026-08-19
MiniSO8,2800,4650,1100,13.02,true,0,0,,2026-08-19
E676-0008-004,3880,2910,1980,11.291,true,0,0,,2026-08-19
BGA10 1x1x.5 0P4 WLCSP10,1570,1170,570,1.837,false,0,0,,2026-08-19
BGA15 2x1x.5 0P4 WLCSP15,2370,1170,570,2.773,false,0,0,,2026-08-19
BGA12 2x1x.6 0P4 WLCSP12,1288,1988,640,2.561,false,0,0,,2026-08-19
BGA9-1.5x1.5x.6 0P4 Stm,1564,1460,600,2.283,false,0,0,,2026-08-19
DIODE0201-03 DiodesInc,600,300,300,0.18,false,0,0,,2026-08-19
DIPSWITCH4 6x4x1.5 1P27,6500,4500,1500,29.25,true,0,0,,2026-08-19
74X-16 3.95x1.6x.45 Ctsal,3950,1600,450,6.32,false,0,0,,2026-08-19
CDS1640 6x5x1 P1.27 Ti,5000,6000,1000,30.0,true,0,0,,2026-08-19
DGK8 PP,3000,3000,1100,9.0,true,0,0,,2026-08-19
CLF7045NIT-220M-D,7000,7400,4500,51.8,true,0,0,,2026-08-19
DFN12 4x3x1 0P5 Altera,4000,3000,750,12.0,true,0,0,,2026-08-19
TANTAL T495 6X3.2,7000,4100,4300,28.7,true,0,0,,2026-08-19
ECS-SR1 7.5x3.3x2.2 Reso,7500,3300,2200,24.75,true,0,0,,2026-08-19
CRM100,4780,5700,1180,27.246,true,0,0,,2026-08-19
CRM100 al,4780,5700,1180,27.246,true,0,0,,2026-08-19
CRM200 al,6300,2400,5500,15.12,true,0,0,,2026-08-19
BNX028,12100,9100,3500,110.11,true,0,0,,2026-08-19
SO4-4.6x10x3.6 2P54 G3VM,4580,6400,3600,29.312,true,0,0,,2026-08-19
SO4-4.7x9.7x3.7 2P54 Vish,4750,6600,3750,31.35,true,0,0,,2026-08-19
SOD123 1.1 PP,1600,2700,1100,4.32,false,0,0,,2026-08-19
BGA9 3x3x.6 1P AFBR Broad,3140,3140,590,9.86,true,0,0,,2026-08-19
TRIM-3224W 4.8x3.5x5.1,4800,3500,5100,16.8,true,0,0,,2026-08-19
SO4-SW 3.6x8.1x2.3 1P27,3660,6200,2310,22.692,true,0,0,,2026-08-19
TO-220,10160,8950,4570,90.932,true,0,0,,2026-08-19
IND-SMT 7.3x7.3x4.5 TDK,7300,7300,4500,53.29,true,0,0,,2026-08-19
SOIC8 -ADM 6x5x1.5 1P27,4900,3900,1500,19.11,true,0,0,,2026-08-19
QFN32 5x5xH 0P5 PP,5000,5000,900,25.0,true,0,0,,2026-08-19
LED-0805x1.05 1P King,2000,1200,1050,2.4,false,0,0,,2026-08-19
IND2 2.5x2x1.2 WLPH2520,2500,2000,1200,5.0,false,0,0,,2026-08-19
IND2 2.5x2x1.2 MAMK2520,2500,2000,1200,5.0,false,0,0,,2026-08-19
SO6-L 10x4x2 1P27 TLP2710,3840,7500,2100,28.8,true,0,0,,2026-08-19
SO6-L 10x4x2 1P27 TLP2766,3840,7500,2100,28.8,true,0,0,,2026-08-19
S-SO8 11x6x3 1P27 ACPL,5850,6800,3400,39.78,true,0,0,,2026-08-19
TD1208,12800,24730,3550,316.544,true,0,0,,2026-08-19
CMD10,7700,6500,4150,50.05,true,0,0,,2026-08-19
TSOT-23-5 PP,2900,1600,1000,4.64,false,0,0,,2026-08-19
VSSOP8 PP,3000,2800,1200,8.4,false,0,0,,2026-08-19
S TANTAL,3200,1600,1000,5.12,false,0,0,,2026-08-19
SF-3812F1000T-2,2650,10100,3100,26.765,true,0,0,,2026-08-19
LED-0603 1.6x0.8x0.6 King,1600,800,650,1.28,false,0,0,,2026-08-19
SC-75-3L SOT-523 1x1x.75,1600,800,750,1.28,false,0,0,,2026-08-19
SOIC8 PP,4900,3900,1800,19.11,true,0,0,,2026-08-19
TDFN6 3x3x0.75 P0.95,3000,3000,750,9.0,true,0,0,,2026-08-19
RELAIS8 ASYM 14.5x7.2xAl,7200,14500,10400,104.4,true,0,0,,2026-08-19
6-PLCC,2800,3000,1800,8.4,false,0,0,,2026-08-19
TC124 2x1x.4 0P5 Yageoal,2000,1000,400,2.0,false,0,0,,2026-08-19
HIH-4030 4x8x3 2P54,4170,8590,2950,35.82,true,0,0,,2026-08-19
D7PAK,10000,9000,4400,90.0,true,0,0,,2026-08-19
T633-2 3x3x0.75 P0.95,3000,3000,750,9.0,true,0,0,,2026-08-19
TFP120-22x16x3 0P5PP,20000,14000,3000,280.0,true,0,0,,2026-08-19
LGA20-15.5x15.5x6.3 1P4,15500,15500,6300,240.25,true,0,0,,2026-08-19
HTST-113-01-X-DV,41000,9500,11500,389.5,true,0,0,,2026-08-19
BGA225 13x13x1.2 0P8 PP,13000,13000,1200,169.0,true,0,0,,2026-08-19
IND 2x1.2x1.2 4Pins Wurth,2000,1200,1200,2.4,false,0,0,,2026-08-19
SC-75-3L SOT-23 1x1x.75,1600,800,750,1.28,false,0,0,,2026-08-19
SOIC8 5.28 PP,5280,5280,2000,27.878,true,0,0,,2026-08-19
BGA9 1x1x.6 0P4 WLCSP9,1240,1240,600,1.538,false,0,0,,2026-08-19
MELF MMU 0102 PP 2,2060,1150,1010,2.369,false,0,0,,2026-08-19
VQFN20 5x5 PP,5000,5000,1000,25.0,true,0,0,,2026-08-19
SMB (DO-214AA),3500,4350,2300,15.225,true,0,0,,2026-08-19
1206L 1.1 PP,3200,1600,1100,5.12,false,0,0,,2026-08-19
MODULE 15X13 BGX220P PP,21000,12900,2200,270.9,true,0,0,,2026-08-19
TSSOP8 3x3x.8 POWER PAD2,3300,3300,800,10.89,true,0,0,,2026-08-19
PowerSO-20,15900,11000,3300,174.9,true,0,0,,2026-08-19
TDFN10 TEMPORAIRE,3050,1550,770,4.728,false,0,0,,2026-08-19
QZ 3.2x1.5x0.8 NDK,3200,1500,800,4.8,false,0,0,,2026-08-19
LQFP144-0.50,20000,20000,1400,400.0,true,0,0,,2026-08-19
RN2483 27x17x3 1P27 Micro,26670,17780,3340,474.193,true,0,0,,2026-08-19
EG915NEAAC-N05-SNNSA,23000,20000,2400,460.0,true,0,0,,2026-08-19
QFN56-0.5 H PP,8000,8000,900,64.0,true,0,0,,2026-08-19
QFN32 5x5x1 0P5 LCC,5000,5000,900,25.0,true,0,0,,2026-08-19
1206-LED-11,3200,1600,1100,5.12,false,0,0,,2026-08-19
1806-09 PP,4500,1600,1300,7.2,false,0,0,,2026-08-19
HTSSOP20 PWP PP,6500,4400,1200,28.6,true,0,0,,2026-08-19
QZ 5X12X4 2Pins ABLSSérie,4700,11500,4200,54.05,true,0,0,,2026-08-19
LFBGA144 10x10x1 P0.8,10000,10000,1050,100.0,true,0,0,,2026-08-19
ALUC C6 PP,6600,7300,6000,48.18,true,0,0,,2026-08-19
HX2QFN20 3x3x.32 0P4 NXP,3000,3000,320,9.0,true,0,0,,2026-08-19
IND2 3.2x2.5x2 - LQH32CN,3200,2500,2000,8.0,false,0,0,,2026-08-19
BGA621 17x17x2.3 0P65,17000,17000,2030,289.0,true,0,0,,2026-08-19
BGA486 17x17x2.3 0P65,17000,17000,2030,289.0,true,0,0,,2026-08-19
W-PDFN-8 6x5x.75 1P27,5000,6000,750,30.0,true,0,0,,2026-08-19
SC-59,2900,1600,1100,4.64,false,0,0,,2026-08-19
QFN68 10x10x.85 0P5,10000,10000,850,100.0,true,0,0,,2026-08-19
QZ 6x2x2 2P54 MS1V-T1K,2000,6100,2080,12.2,true,0,0,,2026-08-19
BGA486 15x15x2 0P5,15000,15000,2030,225.0,true,0,0,,2026-08-19
DFN7 8x5.5x.85 WH Bourns,8000,5500,900,44.0,true,0,0,,2026-08-19
DLP11S,1250,1000,800,1.25,false,0,0,,2026-08-19
DFN10 3x3x.75,3000,3000,750,9.0,true,0,0,,2026-08-19
TSOT-23-5 3x3x1 0P95 Onse,2900,1600,850,4.64,false,0,0,,2026-08-19
QZ5-1.4x1.1x.45 0P5 B4365,1400,1100,500,1.54,false,0,0,,2026-08-19
QZ 2.5x2 x.5 4Pins Ecs,2000,2500,500,5.0,false,0,0,,2026-08-19
SBR02U100LPQ-7,1000,600,500,0.6,false,0,0,,2026-08-19
LGA5-1.1x.9x.45 0P385 B39,1100,900,450,0.99,false,0,0,,2026-08-19
LGA6-1x1x.4 NJG1806K05,1000,1000,380,1.0,false,0,0,,2026-08-19
CON USB 629105150521,8000,6600,2660,52.8,true,0,0,,2026-08-19
D2PAK-7,8320,9800,4470,81.536,true,0,0,,2026-08-19
MSOP12 4x5x1.1 P.65 AnDev,4000,3000,1100,12.0,true,0,0,,2026-08-19
BGA2397-50x50x3.8 INTEL,50000,50000,3800,2500.0,true,0,0,,2026-08-19
TO-263-5 PP,10100,14300,4500,144.43,true,0,0,,2026-08-19
QFN32-5x5x0.85 0P5 LFCSP,5000,5000,850,25.0,true,0,0,,2026-08-19
TVSOP-48,12400,6000,1200,74.4,true,0,0,,2026-08-19
QZ 7.2x5.2x1.4 4Pins IQD,7200,5200,1400,37.44,true,0,0,,2026-08-19
SMA 2 PP,2600,4500,2000,11.7,true,0,0,,2026-08-19
1210-26 PP,3200,2500,2550,8.0,false,0,0,,2026-08-19
QFN24 4x4x1 P0.5 PP,4000,4000,1000,16.0,true,0,0,,2026-08-19
TSSOP24 AP Serie NXP,7800,4400,1100,34.32,true,0,0,,2026-08-19
QFN16-0.4,3000,3000,800,9.0,true,0,0,,2026-08-19
VFQFN16 PP,3000,3000,900,9.0,true,0,0,,2026-08-19
SSOP20 DB PP,7200,5300,2000,38.16,true,0,0,,2026-08-19
NINA-B3 11x10x2 P1 Ublox,9950,14950,2230,148.752,true,0,0,,2026-08-19
DBV0005 3x3x1.1x0P95 Ti,2900,1600,1000,4.64,false,0,0,,2026-08-19
PG-DSO-36 16x14x3 0P65,15900,11000,3250,174.9,true,0,0,,2026-08-19
QZ 3.2x2.5x1.2,3200,2500,1200,8.0,false,0,0,,2026-08-19
PDFN56U 6x5x1P27,5050,5750,1000,29.038,true,0,0,,2026-08-19
SSOP20 DBQ PP,6700,3500,1750,23.45,true,0,0,,2026-08-19
TG1G,12000,10000,5840,120.0,true,0,0,,2026-08-19
SMF 3x2x.9 Vishay,2800,1800,980,5.04,false,0,0,,2026-08-19
QFN10-2X2,1900,1900,800,3.61,false,0,0,,2026-08-19
PDFN56U 6x5x1 1P27,5050,5750,1000,29.038,true,0,0,,2026-08-19
SC-70-5 2x2x1 0P65 Micrel,2000,1250,950,2.5,false,0,0,,2026-08-19
WLCSP20 2x2.3x.5 0P4,1700,2305,540,3.918,false,0,0,,2026-08-19
BGA20 2.4x1.9x.5 0P5 YZP,2400,1900,500,4.56,false,0,0,,2026-08-19
S-LGA51 4.5x4.5x1 0P5,4500,4500,1000,20.25,true,0,0,,2026-08-19
DFN6 2.3x1.7x.7 0P54 Sky,1200,2500,700,3.0,false,0,0,,2026-08-19
S-LGA51 4.5x4.5x1 0P5 AUT,4500,4500,1000,20.25,true,0,0,,2026-08-19
BGA9-1.45x1.47x.64 0P4 PP,1640,1640,620,2.69,false,0,0,,2026-08-19
DFN-10 3x3x0.7 P0.5 PP,3000,3000,800,9.0,true,0,0,,2026-08-19
DFN8 MODULE LMZ21700SILT,3500,3500,1750,12.25,true,0,0,,2026-08-19
LQFP48-0.50,7000,7000,1400,49.0,true,298,0,0.0,2026-08-19
VSSOP8,3000,3000,1100,9.0,true,0,0,,2026-08-19
FCSL110 11x5x.5 Ohmite,5050,10900,500,55.045,true,0,0,,2026-08-19
SC70-6,1250,2000,950,2.5,false,0,0,,2026-08-19
FC41DAGMD,20000,18000,2520,360.0,true,0,0,,2026-08-19
1206L 1.8 PP,3200,1600,1800,5.12,false,0,0,,2026-08-19
DFN10 3x2x.55 0P5 PP,3000,2000,550,6.0,false,0,0,,2026-08-19
XFDFN6-1.45X1 TEST,1018,627,370,0.638,false,0,0,,2026-08-19
IND ACP3225-102-2P,2500,3200,2000,8.0,false,0,0,,2026-08-19
WFBGA-13x11.5x.8 0P5 PP,13000,11500,800,149.5,true,0,0,,2026-08-19
LED4-1206 LTSTC235 revers,3200,1600,350,5.12,false,0,0,,2026-08-19
IND4 14x14x6.4 CTX 4A PP,11430,11430,5940,130.645,true,0,0,,2026-08-19
QZ3.2X2.5 .1,3200,2500,1000,8.0,false,0,0,,2026-08-19
IND2 13x9x5 B8247 Losange,12950,9400,5080,121.73,true,0,0,,2026-08-19
LED COUCHER HSMF PP,2937,1057,1000,3.104,false,0,0,,2026-08-19
DO-214AA PP,3620,4400,2650,15.928,true,0,0,,2026-08-19
SRR0745A,7300,7300,4500,53.29,true,0,0,,2026-08-19
LED3.2X1-1.5 PP,3200,1500,1500,4.8,false,0,0,,2026-08-19
TSSOP16-0.65 PP,4200,4950,1000,20.79,true,0,0,,2026-08-19
DFN6 3x2x.75 0P5 MLP,3000,2000,750,6.0,false,0,0,,2026-08-19
QZ 2X1.6 x.5 PP,2000,1600,500,3.2,false,0,0,,2026-08-19
QFN12-3x3x075 0P5 ACSal,3000,3000,750,9.0,true,0,0,,2026-08-19
SMA FLAT ou DO221-AC JEDE,2700,4400,2500,11.88,true,0,0,,2026-08-19
SC-70-6 2x2x1 0P65 DCK Ti,2000,1250,950,2.5,false,0,0,,2026-08-19
QZ 2x1.2x.6 2Pins Ecs,2000,1200,600,2.4,false,0,0,,2026-08-19
MODULE 10x9.7x2.5 L76-M33,10100,9700,2500,97.97,true,0,0,,2026-08-19
VQFN24 4x4x1 0P5 RGE Ti,4000,4000,1000,16.0,true,0,0,,2026-08-19
V8KM60DU 6x5x1x 1P27 Vish,4900,5900,990,28.91,true,0,0,,2026-08-19
PPAK1212-8 3x3x1 0P65Vish,3050,3050,1000,9.303,true,0,0,,2026-08-19
QFN28-5x6 LTC2937CUHE,5953,4896,750,29.146,true,0,0,,2026-08-19
1812-12,4500,3200,1200,14.4,true,0,0,,2026-08-19
SOT-23 3x2.5x1 1P9 DBZ Ti,2920,1300,1000,3.796,false,0,0,,2026-08-19
HTSSOP16 PWP PP,5000,4400,1200,22.0,true,0,0,,2026-08-19
1812-20,4500,3200,2000,14.4,true,0,0,,2026-08-19
SOD123FlaT TPS,1400,2400,1000,3.36,false,0,0,,2026-08-19
TSMT8 3x2.8x.8 0P65 Rohm,3000,2400,800,7.2,false,0,0,,2026-08-19
VCNL4200-10 8x3x1.8 1P7,8000,3000,1800,24.0,true,0,0,,2026-08-19
WHM-05,6400,8900,2100,56.96,true,0,0,,2026-08-19
QFN10-2P+3P 2x2.5x.9 0P65,2500,2000,900,5.0,false,0,0,,2026-08-19
QFN24 4x4x.9 0P45,4000,4000,900,16.0,true,0,0,,2026-08-19
LGA12-2x2x1 0P5 AP AUTO,2000,2000,1000,4.0,false,0,0,,2026-08-19
WLP25-2.54X2.54,2540,2540,600,6.452,false,0,0,,2026-08-19
QFN12 8+4 2x2x.9 0P6 MSP,2000,2000,950,4.0,false,0,0,,2026-08-19
QFN24 4x4x.9 0P45 Mps,4000,4000,900,16.0,true,0,0,,2026-08-19
SOD123FL_SC-109B,1600,2600,800,4.16,false,0,0,,2026-08-19
X TANTAL,7300,4300,4000,31.39,true,0,0,,2026-08-19
WSON8 3x3x.75 0P5 PP,3000,3000,750,9.0,true,0,0,,2026-08-19
LED4 UFN TK MSL0601RGBU1,2900,1000,1350,2.9,false,0,0,,2026-08-19
QFN48-7x7x0.8 0P5 PP,7000,7000,800,49.0,true,0,0,,2026-08-19
SOIC16 WB 10x10x2 1P27,10300,7500,2650,77.25,true,0,0,,2026-08-19
IND-LB2518 2.5x1.8x1.8,2500,1800,1800,4.5,false,0,0,,2026-08-19
SOIC18,11530,7490,2500,86.36,true,0,0,,2026-08-19
LBGA64-13X11,13000,11000,820,143.0,true,0,0,,2026-08-19
MCSMT 8x8.5x3 6P,8000,8500,3000,68.0,true,0,0,,2026-08-19
IND2 6x6x4.5 SRN6045,6000,6000,4500,36.0,true,0,0,,2026-08-19
TCM0605 SEFRAM PUCE AUTO,500,650,300,0.325,false,0,0,,2026-08-19
TCM0605 SEFRAM PUCE AL,650,500,300,0.325,false,0,0,,2026-08-19
QFN14 4x4x1.6 MPM38111,4000,4000,1600,16.0,true,0,0,,2026-08-19
QFN57 12x12x4x 0P8 -3680-,11970,11970,4000,143.281,true,0,0,,2026-08-19
SOIC14,8690,3900,1550,33.891,true,0,0,,2026-08-19
DFN12-3x3x.6 0P45 Diodes,3000,3000,900,9.0,true,0,0,,2026-08-19
HTSSOP20 1.5 PP,6500,4400,1500,28.6,true,0,0,,2026-08-19
HVQFN32 5x5x.85 0P5 Nex,5000,5000,850,25.0,true,0,0,,2026-08-19
VQFN-HR18,3681,3446,1000,12.685,true,0,0,,2026-08-19
SOD323HE(SSA14HE)3B/H,2500,4100,2000,10.25,true,0,0,,2026-08-19
SOIC16 17x10,10350,13900,2250,143.865,true,0,0,,2026-08-19
UDFN4 1x1x0.6 0P65 NCP114,1000,1000,500,1.0,false,0,0,,2026-08-19
LCC 144 40x40x3 0P1 SC20,40500,40500,2800,1640.25,true,0,0,,2026-08-19
QZ 5x3.2x1.3 2 Pins NDK,5000,3200,1300,16.0,true,0,0,,2026-08-19
WDFN10 2.5x2x.75 0P5 EMI,2500,2000,750,5.0,false,0,0,,2026-08-19
PBRC 6x3x1.4 PBRC8,6000,3020,1410,18.12,true,0,0,,2026-08-19
AWSCR-8.00-CPLB-C30,6000,3020,1410,18.12,true,0,0,,2026-08-19
CRM100 al2,4780,5700,1180,27.246,true,0,0,,2026-08-19
TSSOP28 9.7x6.4x1.2 0P65,9700,5000,1200,48.5,true,0,0,,2026-08-19
QZ 2.5x2 x1 4Pins,2500,2000,800,5.0,false,0,0,,2026-08-19
SOIJ8 8x5x2 1P27 Micro,5400,5450,1800,29.43,true,0,0,,2026-08-19
FCBGA1517 40X40,40000,40000,2657,1600.0,true,0,0,,2026-08-19
1210-06,3200,1900,2350,6.08,false,0,0,,2026-08-19
IND CDEP134 14x14x5 7P2,13900,13550,4700,188.345,true,0,0,,2026-08-19
QZ7X5 ECS,7000,5000,1300,35.0,true,0,0,,2026-08-19
SOT753,3000,1600,1200,4.8,false,0,0,,2026-08-19
1206-SF,3100,1600,600,4.96,false,0,0,,2026-08-19
DFN6 3x3,3000,3000,900,9.0,true,0,0,,2026-08-19
QFN28-6x6,6000,6000,900,36.0,true,0,0,,2026-08-19
QFN24 6x6x0.8,6000,6000,800,36.0,true,0,0,,2026-08-19
IND0805PS 2 3.3X2.9,2900,3300,1900,9.57,true,0,0,,2026-08-19
TDFN8 3x2x.75 0P5 Micro,2000,3000,750,6.0,false,0,0,,2026-08-19
TSSOP24 PW PP 6.4,7800,4400,1200,34.32,true,0,0,,2026-08-19
LQFP64-10x10,10000,10000,1700,100.0,true,0,0,,2026-08-19
LQFP144-20x20,20000,20000,1700,400.0,true,0,0,,2026-08-19
QZ5X3.2 PP ECS,5000,3200,800,16.0,true,0,0,,2026-08-19
TSOT-23-8 PP,2900,1600,1000,4.64,false,0,0,,2026-08-19
SOIC14 D,8650,3900,1750,33.735,true,0,0,,2026-08-19
SSOP28 10x8x2 0P65 MCP23,10200,5300,2000,54.06,true,0,0,,2026-08-19
SOT-89 PP,4500,2500,1500,11.25,true,0,0,,2026-08-19
SOIC28-17.7X18.1,17700,7400,2650,130.98,true,0,0,,2026-08-19
BGA100-14x14-2.15,14000,14000,2150,196.0,true,0,0,,2026-08-19
UFDFPN8 3x2x.55 0P5 Sti,3000,2000,700,6.0,false,0,0,,2026-08-19
D2PAK 5,10000,9000,4400,90.0,true,0,0,,2026-08-19
QZ5X3.2 PP ABM,5000,3200,1100,16.0,true,0,0,,2026-08-19
TQFP100-14x14 PP,14000,14000,1200,196.0,true,0,0,,2026-08-19
DFN6 1.4x1x.4,1400,1000,400,1.4,false,0,0,,2026-08-19
DFN8 3x3,3000,3000,1000,9.0,true,0,0,,2026-08-19
SOIC4 PP 6X,5796,7000,4700,40.572,true,0,0,,2026-08-19
QZ3.2X2.5,3200,2500,1200,8.0,false,0,0,,2026-08-19
SOT-5x3,1200,1600,600,1.92,false,0,0,,2026-08-19
SOT-23_5 smt3,1250,2000,950,2.5,false,0,0,,2026-08-19
BGA100-15x15-2.15,15000,15000,2150,225.0,true,0,0,,2026-08-19
BGA100-11x11-2.15,11000,11000,2150,121.0,true,0,0,,2026-08-19
BGA121-12x12-2.15,12000,12000,2150,144.0,true,0,0,,2026-08-19
BGA121-15x15-2.15,15000,15000,2150,225.0,true,0,0,,2026-08-19
QFN16 3.5x3.5x.9 0P5 PP,3500,3500,900,12.25,true,0,0,,2026-08-19
LQH2MC,1500,2700,450,4.05,false,0,0,,2026-08-19
74454147,15000,7750,4200,116.25,true,0,0,,2026-08-19
S14161-6050HS-04,25000,25000,350,625.0,true,0,0,,2026-08-19
SOD123,1600,2100,1330,3.36,false,887,12,1.353,2026-08-19
WQFN8-2x2x.8 0P5 PP Asym,2000,2000,750,4.0,false,0,0,,2026-08-19
V PP,7200,5800,4000,41.76,true,0,0,,2026-08-19
QZ3.2X2.5 0.85,3200,2500,1200,8.0,false,0,0,,2026-08-19
SC70-5,1250,2000,950,2.5,false,0,0,,2026-08-19
TSOT-23-6 2.8x2.9x1 0P95,2900,1600,1000,4.64,false,0,0,,2026-08-19
QFN32 5x5x0.85,5000,5000,850,25.0,true,0,0,,2026-08-19
EY150 DFN10-10 3x3x0.8asy,3000,3000,900,9.0,true,0,0,,2026-08-19
BGA2597-52x52x3.9 S10-F23,52500,52500,3900,2756.25,true,0,0,,2026-08-19
BGA121-15x15-4.9,15000,15000,4900,225.0,true,0,0,,2026-08-19
BGA121-17x17-2.15,17000,17000,2150,289.0,true,0,0,,2026-08-19
MSOP10 PP,3000,3000,1100,9.0,true,0,0,,2026-08-19
LL4007G,5150,2450,2450,12.617,true,0,0,,2026-08-19
SOD523F PP,900,1700,850,1.53,false,0,0,,2026-08-19
BGA1440-40X40X4 AUTO,40020,40020,4000,1601.6,true,0,0,,2026-08-19
TSOP44,18000,10160,1200,182.88,true,0,0,,2026-08-19
BGA144-13x13-2.15,13000,13000,2150,169.0,true,0,0,,2026-08-19
XC1900A,8890,14220,1620,126.416,true,0,0,,2026-08-19
BGA144-19x19-2.15,19000,19000,2150,361.0,true,0,0,,2026-08-19
BGA16-7x7-2.15,7000,7000,2150,49.0,true,0,0,,2026-08-19
1206-06 PP,3200,1500,600,4.8,false,0,0,,2026-08-19
BGA240-14x14x1.1 0P8 TFBG,14000,14000,1100,196.0,true,0,0,,2026-08-19
DFN10 3x3,3000,3000,900,9.0,true,0,0,,2026-08-19
BGA132-7x7x.45 PP,7000,7000,450,49.0,true,0,0,,2026-08-19
UDFN3 PP,2000,2000,650,4.0,false,0,0,,2026-08-19
SOIJ8 PP,5250,5250,1900,27.562,true,0,0,,2026-08-19
DFN16 5x3x-0.8,5000,3000,800,15.0,true,3826,60,1.568,2026-08-19
LGA25-6.25X6.25-2.4,6250,6250,2400,39.062,true,0,0,,2026-08-19
SOD123FL,1800,2600,1000,4.68,false,1567,24,1.532,2026-08-19
QFN48-8x8 PP,8000,8000,850,64.0,true,0,0,,2026-08-19
LGA8.9x8.9,8900,8900,2500,79.21,true,0,0,,2026-08-19
LFBGA272-9x9 PP,9000,9000,1230,81.0,true,0,0,,2026-08-19
BFNC,3200,1600,950,5.12,false,0,0,,2026-08-19
MF-SM030-2,5091,7324,800,37.286,true,0,0,,2026-08-19
LFBGA96 13x5.5x1 0P8 PP,13500,5500,1050,74.25,true,0,0,,2026-08-19
SO16 10x10 PP,10300,7500,2650,77.25,true,0,0,,2026-08-19
AIN-QFN24 4x4x1.4 0P5 Qor,4000,4000,1420,16.0,true,0,0,,2026-08-19
TSSOP8 3x3x.8 POWER PAD,3300,3300,800,10.89,true,0,0,,2026-08-19
SMD14,20320,22100,6350,449.072,true,0,0,,2026-08-19
QFN32 5x5x1.25,5000,5000,1250,25.0,true,0,0,,2026-08-19
SOIC8-W,3000,3000,1200,9.0,true,0,0,,2026-08-19
SO5 TLP 3.7x7x2.1,3700,4550,2100,16.835,true,0,0,,2026-08-19
NX3225GB,2500,3200,750,8.0,false,0,0,,2026-08-19
LED2 1.25x2x.08,1250,2000,800,2.5,false,0,0,,2026-08-19
BGA169-14x14-2.15,14000,14000,2150,196.0,true,0,0,,2026-08-19
SOT-23_5 2.8x2.8x1.2,1650,2800,1200,4.62,false,0,0,,2026-08-19
QFN8 5X3X1,5000,3000,1000,15.0,true,0,0,,2026-08-19
SOIC20 DW PP,12800,7500,2500,96.0,true,0,0,,2026-08-19
XFL2005-151ME,2000,1900,120,3.8,false,0,0,,2026-08-19
FBGA84 8x12.5 P0.8 E1.1 P,13000,8000,1100,104.0,true,0,0,,2026-08-19
QZ2.5X2X.5 PP,2500,2000,500,5.0,false,0,0,,2026-08-19
DFN6 1.7x2.3 PP,1700,2300,700,3.91,false,0,0,,2026-08-19
DFN-10 2x2.5x.75 0P4 PP,2000,2500,800,5.0,false,0,0,,2026-08-19
1812-11,4500,3200,1100,14.4,true,0,0,,2026-08-19
TSON8 3.3x3.3x.85,3100,3100,850,9.61,true,0,0,,2026-08-19
QFN72-10X10-0.9 Z PP,10000,10000,800,100.0,true,0,0,,2026-08-19
TSOP32,21000,10100,1100,212.1,true,0,0,,2026-08-19
V TANTAL,7300,4300,1900,31.39,true,0,0,,2026-08-19
SMA 2.6x5.2x2.3,2600,4300,2300,11.18,true,0,0,,2026-08-19
1210-23 PP,3460,2650,1960,9.169,true,0,0,,2026-08-19
SOD323F PP J,1700,1250,925,2.125,false,0,0,,2026-08-19
BGA169-17x17-2.15,17000,17000,2150,289.0,true,0,0,,2026-08-19
BGA196-15x15-2.15,15000,15000,2150,225.0,true,0,0,,2026-08-19
BGA196-19x19-2.15,19000,19000,2150,361.0,true,0,0,,2026-08-19
SMB SMAL PP,2500,4000,2350,10.0,true,0,0,,2026-08-19
SMB PP PLATEAU,3650,4300,2350,15.695,true,0,0,,2026-08-19
BGA196-21x21-2.15,21000,21000,2150,441.0,true,0,0,,2026-08-19
WDFN6-2x2x.75,2000,2000,750,4.0,false,0,0,,2026-08-19
1106L 2.5 PP,3200,1600,2500,5.12,false,0,0,,2026-08-19
SOIC14 W,9000,7500,1650,67.5,true,0,0,,2026-08-19
SRP6060,6700,6700,5800,44.89,true,0,0,,2026-08-19
SOIC20 PP,12800,7600,2650,97.28,true,0,0,,2026-08-19
NXJ2,15490,11430,3160,177.051,true,0,0,,2026-08-19
SMD075F-2 AUTO FUSIBLE,6138,8838,2900,54.248,true,0,0,,2026-08-19
SOP8 10x10x4.85 2P5 DUBTi,9550,6820,4850,65.131,true,0,0,,2026-08-19
LQFP64 9x9x1 0P5 PP,9000,9000,1000,81.0,true,0,0,,2026-08-19
TDFN8 3.3x3.3x1,3300,3300,1000,10.89,true,0,0,,2026-08-19
PQFP208-30x30x3.7 0P5 PP,28000,28000,3800,784.0,true,0,0,,2026-08-19
BGA225-23x23-2.15,23000,23000,2150,529.0,true,0,0,,2026-08-19
ALUF10 PP,8300,8300,11000,68.89,true,0,0,,2026-08-19
MODULE ME910C1-WW,28200,28200,2200,795.24,true,0,0,,2026-08-19
BGA25-7x7-2.15,7000,7000,5000,49.0,true,0,0,,2026-08-19
ALUX PP,6570,5890,5800,38.697,true,0,0,,2026-08-19
SRP7028,6650,6650,2800,44.222,true,0,0,,2026-08-19
ALUG PP,10300,10950,10100,112.785,true,0,0,,2026-08-19
TSOP54,22220,10160,1200,225.755,true,0,0,,2026-08-19
QZ3.2X2.5 .8,3200,2500,800,8.0,false,0,0,,2026-08-19
SOT-353-1,1250,2050,1100,2.562,false,0,0,,2026-08-19
L04,17650,42670,2700,753.125,true,0,0,,2026-08-19
TSSOP16 2.65 PP,10300,7500,2650,77.25,true,0,0,,2026-08-19
WQFN20 4x4 PP,4000,4000,750,16.0,true,0,0,,2026-08-19
SUPERS08 BSC034,8916,7755,1010,69.144,true,0,0,,2026-08-19
KA-2810ASURSK,750,2500,800,1.875,false,0,0,,2026-08-19
TSSOP38 6x9x1.2 0P5 DBT,9700,4400,1200,42.68,true,0,0,,2026-08-19
ALUC PP,5300,5300,5800,28.09,true,0,0,,2026-08-19
QFN12 2.5x3,3000,2500,900,7.5,false,0,0,,2026-08-19
BGA25-8x8-2.15,8000,8000,2150,64.0,true,0,0,,2026-08-19
WLCSP8,1550,750,600,1.163,false,0,0,,2026-08-19
TSSOP30-0.65-BW:6.1,9700,6100,1100,59.17,true,0,0,,2026-08-19
PICO TDC V2,20000,20000,700,400.0,true,0,0,,2026-08-19
APBDA3020SURKCGKC-GX,3000,2800,2000,8.4,false,0,0,,2026-08-19
SOT-323 PP,2100,1240,900,2.604,false,0,0,,2026-08-19
QZ7X5 1.1 PP,7000,5000,1100,35.0,true,0,0,,2026-08-19
QZ5X3.2 .9 PP,5000,3200,900,16.0,true,0,0,,2026-08-19
DFN6 2x2x.75 PP,2000,2000,750,4.0,false,0,0,,2026-08-19
LQFP48-1.6,7000,7000,1600,49.0,true,0,0,,2026-08-19
1106L PP,3000,1600,2340,4.8,false,0,0,,2026-08-19
SOIC14 N 150 mil SL PP,8650,3900,1750,33.735,true,0,0,,2026-08-19
BGA256-21x21-2.15,21000,21000,2150,441.0,true,0,0,,2026-08-19
IND2 3x3x1.2 SRN3012TA,3000,3000,1200,9.0,true,0,0,,2026-08-19
SOT-24 PP,2000,1250,1000,2.5,false,0,0,,2026-08-19
BGA256-25x25-2.15,25000,25000,2150,625.0,true,0,0,,2026-08-19
BGA32-16X16X1.23,16000,16000,1230,256.0,true,0,0,,2026-08-19
BGA32-24.95x24.95-1.35,24950,24950,1350,622.503,true,0,0,,2026-08-19
7447786122,6500,2000,450,13.0,true,0,0,,2026-08-19
LGA10-2x2x1 0P45 PP,1841,1802,1000,3.317,false,0,0,,2026-08-19
USON8-4x3x PP,4000,3000,550,12.0,true,0,0,,2026-08-19
FQFP176-0.50,24000,24000,3900,576.0,true,0,0,,2026-08-19
VQFN56 8x8x PP,8000,8000,900,64.0,true,0,0,,2026-08-19
MAX M10S,10100,9700,2500,97.97,true,0,0,,2026-08-19
QFN-24,5000,4000,750,20.0,true,0,0,,2026-08-19
BLE113-A,15700,9150,1900,143.655,true,0,0,,2026-08-19
QZ3.2x2.5 6 PP,3200,2500,750,8.0,false,0,0,,2026-08-19
QFN32-4x4x.75 PP,4000,4000,750,16.0,true,0,0,,2026-08-19
BGA324-19x19-2.15,19000,19000,2150,361.0,true,0,0,,2026-08-19
BGA324-23x23-2.15,23000,23000,2150,529.0,true,0,0,,2026-08-19
VQFN100 12X12,12000,12000,900,144.0,true,0,0,,2026-08-19
BGA324-27x27-2.15,27000,27000,2150,729.0,true,0,0,,2026-08-19
QFN20-4x3x.9 PP,3995,3016,900,12.049,true,0,0,,2026-08-19
LGA9 5x2.5,2500,5000,1650,12.5,true,0,0,,2026-08-19
DO-214AC,2700,5010,1500,13.527,true,0,0,,2026-08-19
TSSOP48-0.40-BW:6.1,9950,4150,1100,41.292,true,0,0,,2026-08-19
SSOP24 DBQ PP,5200,4300,1750,22.36,true,0,0,,2026-08-19
LED 7031039,5200,4900,1800,25.48,true,0,0,,2026-08-19
2920 3.15 PP,7380,5440,3150,40.147,true,0,0,,2026-08-19
744226,5000,9200,5050,46.0,true,0,0,,2026-08-19
CT0603,1700,1000,800,1.7,false,0,0,,2026-08-19
QZ3.3.8X3.8 PP,3800,3800,1500,14.44,true,0,0,,2026-08-19
SSOP48 2.8 PP,15870,7500,2800,119.025,true,0,0,,2026-08-19
QFN18-4x3x.75 0P5asymEUDC,4000,3000,750,12.0,true,0,0,,2026-08-19
NLV32-EF,3200,2500,2200,8.0,false,0,0,,2026-08-19
DO-214AC PP,2650,4400,2800,11.66,true,0,0,,2026-08-19
UQFN-48 7X7,6200,6200,550,38.44,true,0,0,,2026-08-19
QZ2.5X2x.8 PP,2500,2000,800,5.0,false,0,0,,2026-08-19
TDFN12 PP,3000,3000,750,9.0,true,0,0,,2026-08-19
VQFN24 4x5x1 PP,5000,4000,1000,20.0,true,0,0,,2026-08-19
FUSIBLE,7330,7330,4170,53.729,true,0,0,,2026-08-19
BGA780 29x29 PP,29000,29000,2900,841.0,true,0,0,,2026-08-19
SFH2200,5100,4000,840,20.4,true,0,0,,2026-08-19
TO-252_DPAK3,11776,20136,2200,237.122,true,0,0,,2026-08-19
TLP701,4580,6800,4000,31.144,true,0,0,,2026-08-19
LED2-1206-18 SMLS14 AUTO,3200,1600,1800,5.12,false,0,0,,2026-08-19
BGA25-6.25x6.25x2.4 PP,6250,6250,2420,39.062,true,0,0,,2026-08-19
SOD882 PP,600,1000,500,0.6,false,0,0,,2026-08-19
LED-RGB 3.2x1x1.5 Wurth,3200,500,1000,1.6,false,0,0,,2026-08-19
SC-76,1250,1700,850,2.125,false,0,0,,2026-08-19
VDFN12 PP,5000,4500,800,22.5,true,0,0,,2026-08-19
MSOP-8,1900,3000,900,5.7,false,0,0,,2026-08-19
TDFN10 4x4x.75 PP,4000,4000,750,16.0,true,0,0,,2026-08-19
LED COUCHER Z PP,470,3133,1000,1.473,false,0,0,,2026-08-19
QFN27 PP,5000,5000,900,25.0,true,0,0,,2026-08-19
WDFN8-8x6x.75 PP,6000,8000,750,48.0,true,0,0,,2026-08-19
hs1102nl,9400,7110,5970,66.834,true,0,0,,2026-08-19
POWER INDUCTOR,5000,5000,2700,25.0,true,0,0,,2026-08-19
XAL5030,5480,5280,3100,28.934,true,0,0,,2026-08-19
XEL6060,6560,6360,6100,41.722,true,0,0,,2026-08-19
2518 L,2500,1800,1800,4.5,false,0,0,,2026-08-19
LED WL-SBCW,3212,2742,700,8.807,false,0,0,,2026-08-19
SW4 6x9x4 4P5 PTS645,6000,6000,4200,36.0,true,0,0,,2026-08-19
QFN20-5x3x1.6 FORME MPM36,5000,3000,1600,15.0,true,0,0,,2026-08-19
LGA38-18X2,25500,18150,3120,462.825,true,0,0,,2026-08-19
BGA361-25x25-2.15,25000,25000,2150,625.0,true,0,0,,2026-08-19
BGA361-29x29-2.15,29000,29000,2150,841.0,true,0,0,,2026-08-19
XQFN12 2x1.7x.5 0P4 PP,2000,1700,500,3.4,false,0,0,,2026-08-19
LPS5030,2800,2800,2850,7.84,false,0,0,,2026-08-19
DFN1006-2,1000,600,500,0.6,false,0,0,,2026-08-19
74404064151,3400,2500,2300,8.5,false,0,0,,2026-08-19
1508 R,2000,3800,500,7.6,false,0,0,,2026-08-19
POWER INDUCTOR 6.4X6.5,6500,6500,5600,42.25,true,0,0,,2026-08-19
DFN-10 3x3x0.8 P0.5 PP,3000,3000,900,9.0,true,0,0,,2026-08-19
BGA256-14x14,14000,14000,1320,196.0,true,0,0,,2026-08-19
LQFP100-1.7 PP,14000,14000,1700,196.0,true,0,0,,2026-08-19
0160.500MR,10100,3120,4800,31.512,true,0,0,,2026-08-19
744776215,10000,9000,5400,90.0,true,0,0,,2026-08-19
KSM160-20 QZ12X7,11300,4600,3800,51.98,true,0,0,,2026-08-19
TO-263-3,10160,8640,4570,87.782,true,0,0,,2026-08-19
74404064151 6X4.5,6000,6000,4500,36.0,true,0,0,,2026-08-19
SOT-457 PP,3100,1500,1000,4.65,false,0,0,,2026-08-19
MELF0204,3600,1400,1400,5.04,false,0,0,,2026-08-19
LFXTAL009650,2520,3160,800,7.963,false,0,0,,2026-08-19
SOT143,1300,3000,1000,3.9,false,0,0,,2026-08-19
LTST-C170KRKT,2700,3200,1100,8.64,false,0,0,,2026-08-19
BGA36-7x7-2.15,7000,7000,2150,49.0,true,0,0,,2026-08-19
LFBGA153 11X13X0.80,12900,11400,800,147.06,true,0,0,,2026-08-19
BGA36-9x9-2.15,9000,9000,2150,81.0,true,0,0,,2026-08-19
BGA36-10x10-2.15,10000,10000,2150,100.0,true,0,0,,2026-08-19
W-DFN3030,3150,1400,750,4.41,false,0,0,,2026-08-19
ECLAMP8052P.TCT UDFN-5,1750,1650,500,2.888,false,0,0,,2026-08-19
DSPIC33CK128MC505-H-M7,6000,6000,860,36.0,true,0,0,,2026-08-19
HTSSOP24- 7.9X6.6X1.2,7700,4400,1200,33.88,true,0,0,,2026-08-19
WDFN8-2X2X0.8,2100,2100,800,4.41,false,0,0,,2026-08-19
CFCN-WF706S4VS0-1,10310,5240,6300,54.024,true,0,0,,2026-08-19
CFCN-WF704S4HS0-1,7286,7717,4480,56.226,true,0,0,,2026-08-19
SON6 1.45X1,2050,2650,1250,5.433,false,0,0,,2026-08-19
SO-PowerPad-8,4800,4000,1700,19.2,true,0,0,,2026-08-19
VSON-HR-8,1900,1400,1000,2.66,false,0,0,,2026-08-19
MT40A512M16LY-062EITE,9600,6400,1100,61.44,true,0,0,,2026-08-19
"WCDFN-8 3,2x1.5",3200,1500,800,4.8,false,0,0,,2026-08-19
WQFN20 3x3 PP,3000,3000,750,9.0,true,0,0,,2026-08-19
TSSOP28 9.7x6.4x1.2 0P652,9700,4250,1200,41.225,true,0,0,,2026-08-19
QFN-36,6000,5000,800,30.0,true,0,0,,2026-08-19
DFN12 4x3x.75 0P45 PP,4000,3000,750,12.0,true,0,0,,2026-08-19
WSON6 3X3x0.8 0P95 PP SD,3000,3000,1450,9.0,true,0,0,,2026-08-19
WSON6 2x2x.75 0P65 PP,2000,2000,750,4.0,false,0,0,,2026-08-19
QZ2.5X2 PP,2650,2150,700,5.697,false,0,0,,2026-08-19
RR0804 X4 PP,2000,1000,460,2.0,false,0,0,,2026-08-19
L4747,12000,12000,1400,144.0,true,0,0,,2026-08-19
DFN6 2x2x.65 0P65 PP,2000,2000,800,4.0,false,0,0,,2026-08-19
QZ 2x1.6 x.6 4Pins Murata,1900,1500,450,2.85,false,0,0,,2026-08-19
DLW43MH201XK2L,3200,4500,2650,14.4,true,0,0,,2026-08-19
VQFN-36,6000,6000,850,36.0,true,0,0,,2026-08-19
SOT23X5,1700,1300,600,2.21,false,0,0,,2026-08-19
LED CARRE 3X3-0.55,3000,3000,1750,9.0,true,0,0,,2026-08-19
BGA400-21x21-2.15,21000,21000,2150,441.0,true,0,0,,2026-08-19
BGA400-31x31-2.15,31000,31000,2150,961.0,true,0,0,,2026-08-19
BGA441-27x27-2.15,27000,27000,2150,729.0,true,0,0,,2026-08-19
BGA484-23x23-2.15,23000,23000,2150,529.0,true,0,0,,2026-08-19
SMB PP,3650,4300,2350,15.695,true,0,0,,2026-08-19
LED4-1.5x1.5X1.4 ASMB,1958,2115,1900,4.141,false,0,0,,2026-08-19
LED CARRE 3.5X2.8,3300,2800,1750,9.24,true,0,0,,2026-08-19
DFN-10 2.5x2 PP,2500,2000,1100,5.0,false,0,0,,2026-08-19
BGA6-1.6x1x.4 0P5-59 MLFP,1600,1000,400,1.6,false,0,0,,2026-08-19
SOIC28 PP,17900,7500,2500,134.25,true,0,0,,2026-08-19
SOIC48,15750,7500,2500,118.125,true,0,0,,2026-08-19
TVSOP16,4810,3810,1750,18.326,true,0,0,,2026-08-19
TQFP160,28000,28000,1600,784.0,true,0,0,,2026-08-19
VFBGA60-9x8x1.5 0P8 PP,9000,8000,1000,72.0,true,0,0,,2026-08-19
VFBGA54,8000,8000,1000,64.0,true,0,0,,2026-08-19
TVSOP-16,3500,4300,1200,15.05,true,0,0,,2026-08-19
X2QFN10 2x1.5x1.4,1500,2000,350,3.0,false,0,0,,2026-08-19
0603-05,1550,850,630,1.317,false,4856,62,1.277,2026-08-19
L3216,3200,1600,2000,5.12,false,0,0,,2026-08-19
L3225,2500,3200,2500,8.0,false,0,0,,2026-08-19
VQFN16 3x3x0.75,3100,3100,1000,9.61,true,0,0,,2026-08-19
SMA 2.6x5.2x2.10,2500,4200,2100,10.5,true,0,0,,2026-08-19
WQFN16 2.9x2.9,2980,2980,750,8.88,false,0,0,,2026-08-19
ALUE PP,8000,8000,12000,64.0,true,0,0,,2026-08-19
WSON6 1.9x1.9,1900,1900,800,3.61,false,0,0,,2026-08-19
PBRC 7x3x2 2P5 Kyocera,2937,5953,1900,17.484,true,0,0,,2026-08-19
QZ 1.2X1.6X0.7,1600,1200,700,1.92,false,0,0,,2026-08-19
WFBGA200 14.5x10x.8 0P8,14500,10000,800,145.0,true,0,0,,2026-08-19
FV1206-4,3200,3200,500,10.24,true,0,0,,2026-08-19
TCA39306DTMR,1350,800,400,1.08,false,0,0,,2026-08-19
6060,6650,6450,5800,42.892,true,0,0,,2026-08-19
LGA53-13x17,16600,13200,2400,219.12,true,0,0,,2026-08-19
LFBGA96 8x14 PP,13500,7500,1100,101.25,true,0,0,,2026-08-19
LQH55DN222M03L,5700,5700,2500,32.49,true,0,0,,2026-08-19
BGA484-29x29-2.15,29000,29000,2150,841.0,true,0,0,,2026-08-19
BGA484-33x33-2.15,33000,33000,2150,1089.0,true,0,0,,2026-08-19
LED2cr 3.5x2.8x1.9 LR T67,3100,2800,1900,8.68,false,0,0,,2026-08-19
BGA49-8x8-2.15,8000,8000,2150,64.0,true,0,0,,2026-08-19
SO6-OMA160S PP,8400,6300,4450,52.92,true,0,0,,2026-08-19
LED4 3.2x2.8x2.4 BB-HRB,3290,2781,800,9.149,true,0,0,,2026-08-19
BGA36-6.1x6.1x.4 0P1 PP,6000,6000,400,36.0,true,0,0,,2026-08-19
LTST LED,470,2037,680,0.957,false,0,0,,2026-08-19
SOD123 F,1800,2800,1000,5.04,false,0,0,,2026-08-19
SOP4 PP,5150,3600,2000,18.54,true,0,0,,2026-08-19
LFPAK33-8,3300,2450,900,8.085,false,0,0,,2026-08-19
MINIFLAT-4,3600,4400,2600,15.84,true,0,0,,2026-08-19
F2920,7520,5200,1100,39.104,true,0,0,,2026-08-19
LGA28,22400,17000,3500,380.8,true,0,0,,2026-08-19
NIC 50-RE/NHS,32000,15000,1480,480.0,true,0,0,,2026-08-19
BGA49-10x10-2.15,10000,10000,2150,100.0,true,0,0,,2026-08-19
SOD323F PP,1100,1500,925,1.65,false,0,0,,2026-08-19
BGA49-11x11-2.15,11000,11000,2150,121.0,true,0,0,,2026-08-19
QZ 5x3.2x1.1 4Pins Abra,5000,3200,1100,16.0,true,0,0,,2026-08-19
WFBGA-13x11 AP AUTO,13000,11500,800,149.5,true,0,0,,2026-08-19
EMT3,1500,800,700,1.2,false,0,0,,2026-08-19
DFN6 - UDFN2020-6 DMP3028,2050,2050,600,4.202,false,0,0,,2026-08-19
BGA529-35x35-2.15,35000,35000,2150,1225.0,true,0,0,,2026-08-19
BGA576-25x25-2.15,25000,25000,2150,625.0,true,0,0,,2026-08-19
SSOP8- OAA ECLAIRQGE OPTI,9800,6250,4300,61.25,true,0,0,,2026-08-19
PMDE-2,1300,2200,950,2.86,false,0,0,,2026-08-19
MSOP-E-8 PP,3000,3000,1100,9.0,true,0,0,,2026-08-19
X2SON4 1x1x.4,1000,1000,400,1.0,false,0,0,,2026-08-19
FBGA217-15x15x1.4 0P8 PP,15000,15000,1400,225.0,true,0,0,,2026-08-19
IND 7x7x5 PP,7000,7000,4800,49.0,true,0,0,,2026-08-19
SOT-523 JEDEC-DIODE.COM,1600,800,700,1.28,false,0,0,,2026-08-19
LQW15AN6N2D00D,1000,500,500,0.5,false,0,0,,2026-08-19
BGA576-31x31-2.15,31000,31000,2150,961.0,true,0,0,,2026-08-19
WQFN40 5X15X0.8,5150,5150,800,26.523,true,0,0,,2026-08-19
QZ7X5 6 0.9 PP,7000,5000,900,35.0,true,0,0,,2026-08-19
QZ 6x3x1.8 3PINS Abracon,6000,3000,1370,18.0,true,0,0,,2026-08-19
TQFP64-0.50 A23 PP,10000,10000,1000,100.0,true,193,3,1.554,2026-08-19
VQFN-40,6100,6100,1000,37.21,true,0,0,,2026-08-19
SFH5711-2-3,2272,2899,1250,6.587,false,0,0,,2026-08-19
VFBGA-425 13X13,13100,13100,890,171.61,true,0,0,,2026-08-19
QZ5X3.2 PP,5000,3200,700,16.0,true,0,0,,2026-08-19
BGA96 13.x7.5x1.1 0P8 KNR,13500,7500,1100,101.25,true,0,0,,2026-08-19
IND 5.8x5.8x2.8 2PAD6x2,5800,5800,2700,33.64,true,0,0,,2026-08-19
RELAIS10ASYM 15x7.5x10.4,7500,15000,10400,112.5,true,0,0,,2026-08-19
SO4-2.6x7x2.1x1P27 PP,2300,4200,2100,9.66,true,0,0,,2026-08-19
BGA625-31x31-2.15,33000,33000,2150,1089.0,true,0,0,,2026-08-19
eMGA PP,2800,2800,750,7.84,false,0,0,,2026-08-19
DFN8,2000,2000,850,4.0,false,0,0,,2026-08-19
QFN16-4X4,4000,4000,850,16.0,true,0,0,,2026-08-19
SOP4 6x4x2 2P5 CPC1010,3500,3900,2000,13.65,true,0,0,,2026-08-19
XDFN3-1.1x1,940,979,400,0.92,false,0,0,,2026-08-19
SOD123Flat PP,1400,2400,1000,3.36,false,0,0,,2026-08-19
HTSSOP14 PP,5000,4400,960,22.0,true,298,0,0.0,2026-08-19
RELAIS8ASYM 14.5x7.2x10.4,7200,14500,10400,104.4,true,0,0,,2026-08-19
IND2 2512 1008CS - SILOUH,2950,2750,2000,8.113,false,0,0,,2026-08-19
DSBGA4-1.05x0.7 AUTO,700,700,400,0.49,false,0,0,,2026-08-19
SOP12 18x7x2 1P27 DVB0012,17900,7500,2500,134.25,true,0,0,,2026-08-19
FBGA196 15X15 PP,15000,15000,1400,225.0,true,0,0,,2026-08-19
SOP4 10x10x2 2P5 PhotoGU,3800,7500,2000,28.5,true,0,0,,2026-08-19
microSMD,3211,2546,700,8.175,false,0,0,,2026-08-19
EQFP64 7X7X1.05,7000,7000,1050,49.0,true,0,0,,2026-08-19
WF111,19000,12000,2100,228.0,true,0,0,,2026-08-19
BGA36 22X6.25X1.71,22000,6250,1710,137.5,true,0,0,,2026-08-19
TANTAL 5X3,4000,3000,1200,12.0,true,0,0,,2026-08-19
VQFN32 5.5X4.5X0.9,5300,4300,900,22.79,true,0,0,,2026-08-19
TSSOP6,1800,1000,1300,1.8,false,0,0,,2026-08-19
DFLT5V0A-7,3000,1630,1000,4.89,false,0,0,,2026-08-19
LGM67K-G1J2-24,2300,1500,1400,3.45,false,0,0,,2026-08-19
LED BLANCHE 2X1.5,2000,1500,900,3.0,false,0,0,,2026-08-19
VFQFN64 9X9X1.6,9000,9000,1600,81.0,true,0,0,,2026-08-19
BGA625-37.5x37.5-2.15,37500,37500,2150,1406.25,true,0,0,,2026-08-19
VQFN32 5x5x.85 0P5 MARK1,5000,5000,850,25.0,true,0,0,,2026-08-19
SOT-583 - 1.3X2.2X0.6,2000,1100,600,2.2,false,1087,0,0.0,2026-08-19
WSON8 2x2x.8 0P5 PP,2000,2000,800,4.0,false,0,0,,2026-08-19
SMD-2 5.0x5.0,8000,8000,3900,64.0,true,0,0,,2026-08-19
BGA96 14x9.5x1.1 0P8 HBA,13000,9000,1100,117.0,true,0,0,,2026-08-19
USON10-2.5x1x.5 0P5 DQA,2500,1000,500,2.5,false,0,0,,2026-08-19
LQH3NPN1R0MMEL,2700,3000,1200,8.1,false,120,0,0.0,2026-08-19
DO-221BC,1900,4000,940,7.6,false,0,0,,2026-08-19
IND 5.5X6-2.75 Z PP,6130,5300,4740,32.489,true,0,0,,2026-08-19
ETC1-1-13 PP,3800,2790,2750,10.602,true,0,0,,2026-08-19
UDFN10-2.5X1.0X0.5,2600,1100,550,2.86,false,0,0,,2026-08-19
LDFN 3x2.8x1.5,2938,2742,1600,8.056,false,0,0,,2026-08-19
SMD-6 7X5X1.5,5000,3200,1170,16.0,true,0,0,,2026-08-19
LFBGA 23X21X2.2,23000,23000,2200,529.0,true,0,0,,2026-08-19
QZ2.5X2,2000,2500,800,5.0,false,0,0,,2026-08-19
LFBGA-256,14000,14000,1370,196.0,true,0,0,,2026-08-19
1210-25,3200,2500,2500,8.0,false,0,0,,2026-08-19
TFP128-22x16x3 0P5 PP,20000,14000,3000,280.0,true,0,0,,2026-08-19
VLMS233T1V1-GS08,2076,1449,450,3.008,false,0,0,,2026-08-19
1206-LED-07,3200,1650,650,5.28,false,0,0,,2026-08-19
TDFN14 3x3x1 0P5,3000,3000,1000,9.0,true,0,0,,2026-08-19
QFN19 3x3 PP,2938,2899,800,8.517,false,0,0,,2026-08-19
QZ2X1.6X0.45,1600,2000,450,3.2,false,0,0,,2026-08-19
SOT-23JEDEC,2800,1100,1000,3.08,false,0,0,,2026-08-19
SMD4,8320,6350,2500,52.832,true,0,0,,2026-08-19
SMD6,8265,9480,2950,78.352,true,0,0,,2026-08-19
SMD-6,6400,8600,3550,55.04,true,0,0,,2026-08-19
SRU8043,8000,8000,4300,64.0,true,0,0,,2026-08-19
IND 10x10x4.7,10000,10000,4800,100.0,true,0,0,,2026-08-19
VQFN-HR-22,4936,3956,1000,19.527,true,0,0,,2026-08-19
WFDFN10 2.5X2.5,2600,2600,800,6.76,false,0,0,,2026-08-19
LGA12 2x2x.7 0P5 PP LIS2D,2000,2000,700,4.0,false,0,0,,2026-08-19
RALENTIR MOYEN,2000,2000,1000,4.0,false,0,0,,2026-08-19
LQFP48-0.50 PP,7000,7000,1400,49.0,true,0,0,,2026-08-19
SOIC8 - ADUM5028-5BRIZ,6050,7600,2650,45.98,true,0,0,,2026-08-19
SUPER_SOT-23,2900,1400,1100,4.06,false,0,0,,2026-08-19
DFN-10 2.5x2.5 AP AUTO,2500,2500,800,6.25,false,0,0,,2026-08-19
TO-263,10200,10400,4600,106.08,true,0,0,,2026-08-19
WFDN8 3X3,3000,3000,800,9.0,true,0,0,,2026-08-19
SOD323F 0.8 PP,1250,1700,700,2.125,false,0,0,,2026-08-19
IMX426IIJ-C,20000,16850,2700,337.0,true,0,0,,2026-08-19
IND2 2.5x2x1 SRN2510F,3000,3100,1100,9.3,true,0,0,,2026-08-19
VQFN-40 5X7X1,7100,5100,1000,36.21,true,0,0,,2026-08-19
1812-16,4500,3200,1500,14.4,true,0,0,,2026-08-19
1210-18 PP,3300,2600,1800,8.58,false,0,0,,2026-08-19
HTSSOP32,10000,8100,1000,81.0,true,0,0,,2026-08-19
IND4 6x9x5 2P5 PP,6000,9200,5000,55.2,true,0,0,,2026-08-19
CSD13380F3,548,666,350,0.365,false,0,0,,2026-08-19
2512-06 PLATEAU PP,9600,9600,600,92.16,true,0,0,,2026-08-19
VFQFN28 4x5,5100,4100,1000,20.91,true,0,0,,2026-08-19
SO16,5500,3750,1750,20.625,true,0,0,,2026-08-19
VQFN28-5x4x1,5000,4100,750,20.5,true,0,0,,2026-08-19
TC7WZ08FK-LJ,400,200,120,0.08,false,0,0,,2026-08-19
IND2 3x3x1.1 XFL3012,3000,3000,1100,9.0,true,0,0,,2026-08-19
VLS5030EX-330M-D,5000,5300,3000,26.5,true,0,0,,2026-08-19
SSOP28-0.65-BW:6.1,9500,5200,1900,49.4,true,0,0,,2026-08-19
SMD-4 2.5X2,2500,2000,1800,5.0,false,0,0,,2026-08-19
BGA8-1.9x.9x.5 0P5 PP,2076,940,500,1.951,false,0,0,,2026-08-19
USIP 11,2976,2741,1350,8.157,false,0,0,,2026-08-19
LGA 27 12X12X1.95,20000,18000,2600,360.0,true,0,0,,2026-08-19
